date,series,value
1889-06-21,france,0.7021
1889-06-28,france,0.7612
1889-07-05,france,0.7845
1889-07-12,france,0.8109
1889-07-19,france,0.7916
1889-07-26,france,0.7909
1889-08-02,france,0.7553
1889-08-09,france,0.7206
1889-08-16,france,0.7524
1889-08-23,france,0.7001
1889-08-30,france,0.7057
1889-09-06,france,0.661
1889-09-13,france,0.6541
1889-09-20,france,0.6702
1889-09-27,france,0.6372
1889-10-04,france,0.608
1889-10-11,france,0.5952
1889-10-18,france,0.5864
1889-10-25,france,0.5925
1889-11-01,france,0.6093
1889-11-08,france,0.6146
1889-11-15,france,0.6028
1889-11-22,france,0.5901
1889-11-29,france,0.5986
1889-12-06,france,0.592
1889-12-13,france,0.5832
1889-12-20,france,0.5976
1889-12-27,france,0.5881
1890-01-03,france,0.5947
1890-01-03,russia,1.4769
1890-01-10,france,0.5952
1890-01-10,russia,1.4353
1890-01-17,france,0.6054
1890-01-17,russia,1.4087
1890-01-24,france,0.5881
1890-01-24,russia,1.405
1890-01-31,france,0.5859
1890-01-31,russia,1.4087
1890-02-07,france,0.5949
1890-02-07,russia,1.4106
1890-02-14,france,0.5997
1890-02-14,russia,1.442
1890-02-21,france,0.5886
1890-02-21,russia,1.4576
1890-02-28,france,0.5787
1890-02-28,russia,1.4498
1890-03-07,france,0.5715
1890-03-07,russia,1.4199
1890-03-14,france,0.559
1890-03-14,russia,1.3864
1890-03-21,france,0.5871
1890-03-21,russia,1.4163
1890-03-28,france,0.5895
1890-03-28,russia,1.4123
1890-04-04,france,0.5828
1890-04-04,russia,1.4267
1890-04-11,france,0.5711
1890-04-11,russia,1.4191
1890-04-18,france,0.5697
1890-04-18,russia,1.3767
1890-04-25,france,0.5663
1890-04-25,russia,1.3696
1890-05-02,france,0.5496
1890-05-02,russia,1.3176
1890-05-09,france,0.5597
1890-05-09,russia,1.2687
1890-05-16,france,0.5591
1890-05-16,russia,1.2383
1890-05-23,france,0.5361
1890-05-23,russia,1.245
1890-05-30,france,0.5219
1890-05-30,russia,1.2353
1890-06-06,france,0.4377
1890-06-06,russia,1.2097
1890-06-13,france,0.4174
1890-06-13,russia,1.2163
1890-06-20,france,0.4366
1890-06-20,russia,1.2398
1890-06-27,france,0.4284
1890-06-27,russia,1.2325
1890-07-04,france,0.4368
1890-07-04,russia,1.256
1890-07-11,france,0.4322
1890-07-11,russia,1.2735
1890-07-18,france,0.4163
1890-07-18,russia,1.2491
1890-07-25,france,0.3819
1890-07-25,russia,1.2282
1890-08-01,france,0.3732
1890-08-01,russia,1.2342
1890-08-08,france,0.3295
1890-08-08,russia,1.217
1890-08-15,france,0.3232
1890-08-15,russia,1.2009
1890-08-22,france,0.3173
1890-08-22,russia,1.1805
1890-08-29,france,0.319
1890-08-29,russia,1.1704
1890-09-05,france,0.2588
1890-09-05,russia,1.1555
1890-09-12,france,0.2623
1890-09-12,russia,1.1443
1890-09-19,france,0.2858
1890-09-19,russia,1.1304
1890-09-26,france,0.2341
1890-09-26,russia,1.1177
1890-10-03,france,0.2668
1890-10-03,russia,1.1624
1890-10-10,france,0.2766
1890-10-10,russia,1.1738
1890-10-17,france,0.3015
1890-10-17,russia,1.1859
1890-10-24,france,0.2731
1890-10-24,russia,1.1897
1890-10-31,france,0.2844
1890-10-31,russia,1.1754
1890-11-07,france,0.2429
1890-11-07,russia,1.1704
1890-11-14,france,0.2165
1890-11-14,russia,1.1548
1890-11-21,france,0.2757
1890-11-21,russia,1.1869
1890-11-28,france,0.3069
1890-11-28,russia,1.2356
1890-12-05,france,0.2768
1890-12-05,russia,1.186
1890-12-12,france,0.2505
1890-12-12,russia,1.1786
1890-12-19,france,0.275
1890-12-19,russia,1.1506
1890-12-26,france,0.2858
1890-12-26,russia,1.2021
1891-01-02,france,0.2917
1891-01-02,russia,1.1963
1891-01-09,france,0.2945
1891-01-09,russia,1.2178
1891-01-16,france,0.3222
1891-01-16,russia,1.2368
1891-01-23,france,0.312
1891-01-23,russia,1.2229
1891-01-30,france,0.3156
1891-01-30,russia,1.2061
1891-02-06,france,0.3225
1891-02-06,russia,1.1996
1891-02-13,france,0.3062
1891-02-13,russia,1.1823
1891-02-20,france,0.3038
1891-02-20,russia,1.1722
1891-02-27,france,0.317
1891-02-27,russia,1.175
1891-03-06,france,0.2855
1891-03-06,russia,1.1466
1891-03-13,france,0.3137
1891-03-13,russia,1.1649
1891-03-20,france,0.3197
1891-03-20,russia,1.1476
1891-03-27,france,0.3172
1891-03-27,russia,1.1476
1891-04-03,france,0.3048
1891-04-03,russia,1.1907
1891-04-10,france,0.3098
1891-04-10,russia,1.1907
1891-04-17,france,0.3041
1891-04-17,russia,1.1731
1891-04-24,france,0.3008
1891-04-24,russia,1.1758
1891-05-01,france,0.2896
1891-05-01,russia,1.1646
1891-05-08,france,0.3149
1891-05-08,russia,1.2725
1891-05-15,france,0.3307
1891-05-15,russia,1.2649
1891-05-22,france,0.3365
1891-05-22,russia,1.273
1891-05-29,france,0.311
1891-05-29,russia,1.2305
1891-06-05,france,0.2559
1891-06-05,russia,1.1738
1891-06-12,france,0.2474
1891-06-12,russia,1.1469
1891-06-19,france,0.2658
1891-06-19,russia,1.1431
1891-06-26,france,0.275
1891-06-26,russia,1.1506
1891-07-03,france,0.2991
1891-07-03,russia,1.256
1891-07-10,france,0.2871
1891-07-10,russia,1.2417
1891-07-17,france,0.2754
1891-07-17,russia,1.2267
1891-07-24,france,0.2726
1891-07-24,russia,1.241
1891-07-31,france,0.2856
1891-07-31,russia,1.2768
1891-08-07,france,0.2879
1891-08-07,russia,1.2523
1891-08-14,france,0.2941
1891-08-14,russia,1.3095
1891-08-21,france,0.2825
1891-08-21,russia,1.2805
1891-08-28,france,0.2784
1891-08-28,russia,1.2805
1891-09-04,france,0.2333
1891-09-04,russia,1.2116
1891-09-11,france,0.2195
1891-09-11,russia,1.17
1891-09-18,france,0.2481
1891-09-18,russia,1.1907
1891-09-25,france,0.2169
1891-09-25,russia,1.1689
1891-10-02,france,0.2196
1891-10-02,russia,1.2175
1891-10-09,france,0.2281
1891-10-09,russia,1.2465
1891-10-16,france,0.2284
1891-10-16,russia,1.2328
1891-10-23,france,0.2398
1891-10-23,russia,1.2975
1891-10-30,france,0.2333
1891-10-30,russia,1.3419
1891-11-06,france,0.2544
1891-11-06,russia,1.4375
1891-11-13,france,0.2741
1891-11-13,russia,1.5573
1891-11-20,france,0.2967
1891-11-20,russia,1.5145
1891-11-27,france,0.2646
1891-11-27,russia,1.4527
1891-12-04,france,0.2468
1891-12-04,russia,1.3738
1891-12-11,france,0.2474
1891-12-11,russia,1.3551
1891-12-18,france,0.2663
1891-12-18,russia,1.3327
1891-12-25,france,0.2679
1891-12-25,russia,1.3161
1892-01-01,france,0.277
1892-01-01,russia,1.3494
1892-01-08,france,0.2738
1892-01-08,russia,1.3908
1892-01-15,france,0.2846
1892-01-15,russia,1.4385
1892-01-22,france,0.2788
1892-01-22,russia,1.4155
1892-01-29,france,0.2751
1892-01-29,russia,1.4003
1892-02-05,france,0.2655
1892-02-05,russia,1.3795
1892-02-12,france,0.2694
1892-02-12,russia,1.4423
1892-02-19,france,0.2608
1892-02-19,russia,1.4328
1892-02-26,france,0.2662
1892-02-26,russia,1.4672
1892-03-04,france,0.2376
1892-03-04,russia,1.4003
1892-03-11,france,0.2346
1892-03-11,russia,1.3964
1892-03-18,france,0.2518
1892-03-18,russia,1.456
1892-03-25,france,0.2405
1892-03-25,russia,1.4098
1892-04-01,france,0.242
1892-04-01,russia,1.4497
1892-04-08,france,0.2441
1892-04-08,russia,1.4361
1892-04-15,france,0.2441
1892-04-15,russia,1.4592
1892-04-22,france,0.2518
1892-04-22,russia,1.4341
1892-04-29,france,0.256
1892-04-29,russia,1.4129
1892-05-06,france,0.2602
1892-05-06,russia,1.3717
1892-05-13,france,0.2637
1892-05-13,russia,1.3714
1892-05-20,france,0.2498
1892-05-20,russia,1.3336
1892-05-27,france,0.2432
1892-05-27,russia,1.3104
1892-06-03,france,0.2132
1892-06-03,russia,1.285
1892-06-10,france,0.1928
1892-06-10,russia,1.2923
1892-06-17,france,0.1643
1892-06-17,russia,1.2639
1892-06-24,france,0.1705
1892-06-24,russia,1.283
1892-07-01,france,0.1962
1892-07-01,russia,1.3388
1892-07-08,france,0.1941
1892-07-08,russia,1.3848
1892-07-15,france,0.2207
1892-07-15,russia,1.381
1892-07-22,france,0.2153
1892-07-22,russia,1.3425
1892-07-29,france,0.2153
1892-07-29,russia,1.3534
1892-08-05,france,0.1907
1892-08-05,russia,1.337
1892-08-12,france,0.1837
1892-08-12,russia,1.3298
1892-08-19,france,0.1782
1892-08-19,russia,1.312
1892-08-26,france,0.1782
1892-08-26,russia,1.3227
1892-09-02,france,0.1516
1892-09-02,russia,1.2867
1892-09-09,france,0.1478
1892-09-09,russia,1.2728
1892-09-23,france,0.1716
1892-09-23,russia,1.245
1892-09-30,france,0.1724
1892-09-30,russia,1.2347
1892-10-07,france,0.1873
1892-10-07,russia,1.2801
1892-10-14,france,0.1941
1892-10-14,russia,1.2748
1892-10-21,france,0.187
1892-10-21,russia,1.2691
1892-10-28,france,0.1855
1892-10-28,russia,1.3064
1892-11-04,france,0.1997
1892-11-04,russia,1.303
1892-11-11,france,0.1858
1892-11-11,russia,1.2906
1892-11-18,france,0.1976
1892-11-18,russia,1.2821
1892-11-25,france,0.1936
1892-11-25,russia,1.2752
1892-12-02,france,0.1924
1892-12-02,russia,1.2691
1892-12-09,france,0.1751
1892-12-09,russia,1.2265
1892-12-16,france,0.1887
1892-12-16,russia,1.2316
1892-12-23,france,0.2246
1892-12-23,russia,1.2214
1892-12-30,france,0.3047
1892-12-30,russia,1.2895
1893-01-06,france,0.3763
1893-01-06,russia,1.3425
1893-01-13,france,0.3553
1893-01-13,russia,1.3159
1893-01-20,france,0.3187
1893-01-20,russia,1.2879
1893-01-27,france,0.3029
1893-01-27,russia,1.2862
1893-02-03,france,0.2693
1893-02-03,russia,1.2742
1893-02-10,france,0.2869
1893-02-10,russia,1.2712
1893-02-17,france,0.2636
1893-02-17,russia,1.2388
1893-02-24,france,0.276
1893-02-24,russia,1.2439
1893-03-03,france,0.267
1893-03-03,russia,1.2333
1893-03-10,france,0.2669
1893-03-10,russia,1.2211
1893-03-17,france,0.299
1893-03-17,russia,1.2348
1893-03-24,france,0.2799
1893-03-24,russia,1.2125
1893-03-31,france,0.31
1893-03-31,russia,1.2167
1893-04-07,france,0.3107
1893-04-07,russia,1.2796
1893-04-14,france,0.3521
1893-04-14,russia,1.2831
1893-04-21,france,0.3431
1893-04-21,russia,1.2782
1893-04-28,france,0.3528
1893-04-28,russia,1.2731
1893-05-05,france,0.3094
1893-05-05,russia,1.2626
1893-05-12,france,0.3089
1893-05-12,russia,1.2485
1893-05-19,france,0.2926
1893-05-19,russia,1.2501
1893-05-26,france,0.2886
1893-05-26,russia,1.2521
1893-06-02,france,0.2764
1893-06-02,russia,1.2272
1893-06-09,france,0.273
1893-06-09,russia,1.2108
1893-06-16,france,0.2637
1893-06-16,russia,1.2108
1893-06-23,france,0.2991
1893-06-23,russia,1.2073
1893-06-30,france,0.2921
1893-06-30,russia,1.2052
1893-07-07,france,0.2889
1893-07-07,russia,1.2524
1893-07-14,france,0.2991
1893-07-14,russia,1.2544
1893-07-21,france,0.2854
1893-07-21,russia,1.261
1893-07-28,france,0.2917
1893-07-28,russia,1.2489
1893-08-04,france,0.2469
1893-08-04,russia,1.2485
1893-08-11,france,0.2234
1893-08-11,russia,1.2039
1893-08-18,france,0.2148
1893-08-18,russia,1.2075
1893-08-25,france,0.2088
1893-08-25,russia,1.2032
1893-09-01,france,0.1926
1893-09-01,russia,1.1425
1893-09-08,france,0.1887
1893-09-08,russia,1.1461
1893-09-15,france,0.213
1893-09-15,russia,1.1605
1893-09-22,france,0.249
1893-09-22,russia,1.191
1893-09-29,france,0.2467
1893-09-29,russia,1.191
1893-10-06,france,0.2599
1893-10-06,russia,1.2414
1893-10-13,france,0.2518
1893-10-13,russia,1.2146
1893-10-20,france,0.2521
1893-10-20,russia,1.2211
1893-10-27,france,0.245
1893-10-27,russia,1.2039
1893-11-03,france,0.2473
1893-11-03,russia,1.214
1893-11-10,france,0.2267
1893-11-10,russia,1.191
1893-11-17,france,0.2318
1893-11-17,russia,1.1748
1893-11-24,france,0.2427
1893-11-24,russia,1.1721
1893-12-01,france,0.2216
1893-12-01,russia,1.1578
1893-12-08,france,0.2145
1893-12-08,russia,1.1507
1893-12-15,france,0.2313
1893-12-15,russia,1.191
1893-12-22,france,0.2472
1893-12-22,russia,1.1776
1893-12-29,france,0.2656
1893-12-29,russia,1.1882
1894-01-05,france,0.2745
1894-01-05,russia,1.2187
1894-01-12,france,0.2768
1894-01-12,russia,1.2187
1894-01-19,france,0.2764
1894-01-19,russia,1.2023
1894-01-26,france,0.3094
1894-01-26,russia,1.2023
1894-02-02,france,0.3023
1894-02-02,russia,1.2023
1894-02-09,france,0.2924
1894-02-09,russia,1.2029
1894-02-16,france,0.2838
1894-02-16,russia,1.2
1894-02-23,france,0.2849
1894-02-23,russia,1.2104
1894-03-02,france,0.2478
1894-03-02,russia,1.1833
1894-03-09,france,0.2726
1894-03-09,russia,1.1771
1894-03-16,france,0.2597
1894-03-16,russia,1.2035
1894-03-23,france,0.2643
1894-03-23,russia,1.1937
1894-03-30,france,0.2662
1894-03-30,russia,1.1874
1894-04-06,france,0.2807
1894-04-06,russia,1.2335
1894-04-13,france,0.2769
1894-04-13,russia,1.2335
1894-04-20,france,0.2689
1894-04-20,russia,1.237
1894-04-27,france,0.2629
1894-04-27,russia,1.2173
1894-05-04,france,0.2509
1894-05-04,russia,1.2173
1894-05-11,france,0.2404
1894-05-11,russia,1.1977
1894-05-18,france,0.2388
1894-05-18,russia,1.1983
1894-05-25,france,0.2594
1894-05-25,russia,1.2055
1894-06-01,france,0.2612
1894-06-01,russia,1.2118
1894-06-08,france,0.2616
1894-06-08,russia,1.2055
1894-06-15,france,0.265
1894-06-15,russia,1.2089
1894-06-22,france,0.2779
1894-06-22,russia,1.2122
1894-06-29,france,0.2746
1894-06-29,russia,1.1993
1894-07-06,france,0.2702
1894-07-06,russia,1.2349
1894-07-13,france,0.2753
1894-07-13,russia,1.2415
1894-07-20,france,0.261
1894-07-20,russia,1.2285
1894-07-27,france,0.2482
1894-07-27,russia,1.2446
1894-08-03,france,0.2415
1894-08-03,russia,1.2545
1894-08-10,france,0.2411
1894-08-10,russia,1.2481
1894-08-24,france,0.2187
1894-08-24,russia,1.245
1894-08-24,germany,0.5396
1894-08-31,france,0.2117
1894-08-31,russia,1.2452
1894-08-31,germany,0.4815
1894-09-07,france,0.1948
1894-09-07,russia,1.21
1894-09-07,germany,0.475
1894-09-14,france,0.1851
1894-09-14,russia,1.1818
1894-09-14,germany,0.4421
1894-09-21,france,0.2194
1894-09-21,russia,1.1973
1894-09-21,germany,0.4552
1894-09-28,france,0.2251
1894-09-28,russia,1.2255
1894-09-28,germany,0.4453
1894-10-05,france,0.221
1894-10-05,russia,1.3413
1894-10-05,germany,0.5164
1894-10-12,france,0.2414
1894-10-12,russia,1.3073
1894-10-12,germany,0.5059
1894-10-19,france,0.2543
1894-10-19,russia,1.3516
1894-10-19,germany,0.5164
1894-10-26,france,0.2607
1894-10-26,russia,1.3207
1894-10-26,germany,0.5264
1894-11-02,france,0.2567
1894-11-02,russia,1.2939
1894-11-02,germany,0.4954
1894-11-09,france,0.2375
1894-11-09,russia,1.2677
1894-11-09,germany,0.5086
1894-11-16,france,0.2555
1894-11-16,russia,1.2421
1894-11-16,germany,0.5216
1894-11-23,france,0.2821
1894-11-23,russia,1.239
1894-11-23,germany,0.5281
1894-11-30,france,0.2856
1894-11-30,russia,1.2077
1894-11-30,germany,0.5009
1894-12-07,france,0.2619
1894-12-07,russia,1.1948
1894-12-07,germany,0.488
1894-12-14,france,0.2691
1894-12-14,russia,1.2107
1894-12-14,germany,0.5112
1894-12-21,france,0.294
1894-12-21,russia,1.2139
1894-12-21,germany,0.5144
1894-12-28,france,0.2921
1894-12-28,russia,1.2077
1894-12-28,germany,0.5092
1895-01-04,france,0.3078
1895-01-04,russia,1.2582
1895-01-04,germany,0.4808
1895-01-11,france,0.307
1895-01-11,russia,1.274
1895-01-11,germany,0.4966
1895-01-18,france,0.3178
1895-01-18,russia,1.2644
1895-01-18,germany,0.4898
1895-01-25,france,0.3238
1895-01-25,russia,1.2675
1895-01-25,germany,0.4941
1895-02-01,france,0.2805
1895-02-01,russia,1.2299
1895-02-01,germany,0.4486
1895-02-08,france,0.2733
1895-02-08,russia,1.2238
1895-02-08,germany,0.4612
1895-02-15,france,0.2708
1895-02-15,russia,1.227
1895-02-15,germany,0.4643
1895-02-22,france,0.2771
1895-02-22,russia,1.2177
1895-02-22,germany,0.4406
1895-03-01,france,0.2751
1895-03-01,russia,1.2114
1895-03-01,germany,0.4265
1895-03-08,france,0.2677
1895-03-08,russia,1.2301
1895-03-08,germany,0.4359
1895-03-15,france,0.2733
1895-03-15,russia,1.2238
1895-03-15,germany,0.4296
1895-03-22,france,0.2821
1895-03-22,russia,1.2363
1895-03-22,germany,0.4328
1895-03-29,france,0.2944
1895-03-29,russia,1.2488
1895-03-29,germany,0.4438
1895-04-05,france,0.2852
1895-04-05,russia,1.2867
1895-04-05,germany,0.4835
1895-04-12,france,0.3012
1895-04-12,russia,1.2992
1895-04-12,germany,0.496
1895-04-19,france,0.3086
1895-04-19,russia,1.3023
1895-04-19,germany,0.4991
1895-04-26,france,0.3259
1895-04-26,russia,1.3246
1895-04-26,germany,0.5022
1895-05-03,france,0.3335
1895-05-03,russia,1.3211
1895-05-03,germany,0.5083
1895-05-10,france,0.3301
1895-05-10,russia,1.2953
1895-05-10,germany,0.5045
1895-05-17,france,0.3285
1895-05-17,russia,1.2925
1895-05-17,germany,0.4923
1895-05-24,france,0.3443
1895-05-24,russia,1.2953
1895-05-24,germany,0.4887
1895-05-31,france,0.3423
1895-05-31,russia,1.2889
1895-05-31,germany,0.4917
1895-06-07,france,0.3365
1895-06-07,russia,1.2765
1895-06-07,germany,0.4887
1895-06-14,france,0.3383
1895-06-14,russia,1.2919
1895-06-14,germany,0.4635
1895-06-21,france,0.3533
1895-06-21,russia,1.2733
1895-06-21,germany,0.4635
1895-06-28,france,0.3902
1895-06-28,russia,1.2943
1895-06-28,germany,0.4692
1895-07-05,france,0.3714
1895-07-05,russia,1.3224
1895-07-05,germany,0.4692
1895-07-12,france,0.3825
1895-07-12,russia,1.3407
1895-07-12,germany,0.4629
1895-07-19,france,0.3773
1895-07-19,russia,1.3443
1895-07-19,germany,0.4569
1895-07-26,france,0.3726
1895-07-26,russia,1.3449
1895-07-26,germany,0.4632
1895-08-02,france,0.3735
1895-08-02,russia,1.3383
1895-08-02,germany,0.451
1895-08-09,france,0.3662
1895-08-09,russia,1.3449
1895-08-09,germany,0.448
1895-08-16,france,0.37
1895-08-16,russia,1.3509
1895-08-16,germany,0.454
1895-08-23,france,0.3847
1895-08-23,russia,1.3502
1895-08-23,germany,0.4629
1895-08-30,france,0.3913
1895-08-30,russia,1.3561
1895-08-30,germany,0.4537
1895-09-06,france,0.3823
1895-09-06,russia,1.3443
1895-09-06,germany,0.4419
1895-09-13,france,0.389
1895-09-13,russia,1.3437
1895-09-13,germany,0.4508
1895-09-20,france,0.4203
1895-09-20,russia,1.3407
1895-09-20,germany,0.4478
1895-09-27,france,0.4299
1895-09-27,russia,1.3437
1895-09-27,germany,0.4658
1895-10-04,france,0.4336
1895-10-04,russia,1.3887
1895-10-04,germany,0.4935
1895-10-11,france,0.4247
1895-10-11,russia,1.3954
1895-10-11,germany,0.4905
1895-10-18,france,0.4307
1895-10-18,russia,1.4121
1895-10-18,germany,0.5188
1895-10-25,france,0.4255
1895-10-25,russia,1.3925
1895-10-25,germany,0.5188
1895-11-01,france,0.4404
1895-11-01,russia,1.4199
1895-11-01,germany,0.5068
1895-11-08,france,0.3943
1895-11-08,russia,1.3896
1895-11-08,germany,0.4765
1895-11-15,france,0.409
1895-11-15,russia,1.3941
1895-11-15,germany,0.5167
1895-11-22,france,0.3945
1895-11-22,russia,1.3987
1895-11-22,germany,0.4856
1895-11-29,france,0.4084
1895-11-29,russia,1.4031
1895-11-29,germany,0.5098
1895-12-06,france,0.3736
1895-12-06,russia,1.3813
1895-12-06,germany,0.4821
1895-12-13,france,0.3892
1895-12-13,russia,1.3903
1895-12-13,germany,0.4756
1895-12-20,france,0.4007
1895-12-20,russia,1.3685
1895-12-20,germany,0.4635
1895-12-27,france,0.4173
1895-12-27,russia,1.3865
1895-12-27,germany,0.4816
1896-01-03,france,0.3612
1896-01-03,russia,1.3926
1896-01-03,germany,0.4483
1896-01-10,france,0.4006
1896-01-10,russia,1.3919
1896-01-10,germany,0.473
1896-01-17,france,0.3968
1896-01-17,russia,1.3731
1896-01-17,germany,0.4875
1896-01-24,france,0.3875
1896-01-24,russia,1.3407
1896-01-24,germany,0.4935
1896-01-31,france,0.3906
1896-01-31,russia,1.3401
1896-01-31,germany,0.487
1896-02-07,france,0.3757
1896-02-07,russia,1.3243
1896-02-07,germany,0.4899
1896-02-14,france,0.3766
1896-02-14,russia,1.3302
1896-02-14,germany,0.4957
1896-02-21,france,0.414
1896-02-21,russia,1.3433
1896-02-21,germany,0.5275
1896-02-28,france,0.4211
1896-02-28,russia,1.3369
1896-02-28,germany,0.5151
1896-03-06,france,0.3997
1896-03-06,russia,1.3198
1896-03-06,germany,0.4979
1896-03-13,france,0.4154
1896-03-13,russia,1.3249
1896-03-13,germany,0.4972
1896-03-20,france,0.4435
1896-03-20,russia,1.3192
1896-03-20,germany,0.5065
1896-03-27,france,0.4492
1896-03-27,russia,1.3341
1896-03-27,germany,0.5122
1896-04-03,france,0.4513
1896-04-03,russia,1.3647
1896-04-03,germany,0.5457
1896-04-10,france,0.4834
1896-04-10,russia,1.3845
1896-04-10,germany,0.5654
1896-04-17,france,0.4977
1896-04-17,russia,1.3853
1896-04-17,germany,0.5848
1896-04-24,france,0.4808
1896-04-24,russia,1.3724
1896-04-24,germany,0.5749
1896-05-01,france,0.4739
1896-05-01,russia,1.3669
1896-05-01,germany,0.5695
1896-05-08,france,0.458
1896-05-08,russia,1.3633
1896-05-08,germany,0.5903
1896-05-15,france,0.4808
1896-05-15,russia,1.386
1896-05-15,germany,0.604
1896-05-22,france,0.4867
1896-05-22,russia,1.3833
1896-05-22,germany,0.6012
1896-05-29,france,0.5175
1896-05-29,russia,1.4048
1896-05-29,germany,0.6228
1896-06-05,france,0.5199
1896-06-05,russia,1.4022
1896-06-05,germany,0.6201
1896-06-12,france,0.5196
1896-06-12,russia,1.3968
1896-06-12,germany,0.5994
1896-06-19,france,0.5352
1896-06-19,russia,1.385
1896-06-19,germany,0.5967
1896-06-26,france,0.5452
1896-06-26,russia,1.3866
1896-06-26,germany,0.6074
1896-07-03,france,0.5403
1896-07-03,russia,1.4286
1896-07-03,germany,0.6127
1896-07-10,france,0.5267
1896-07-10,russia,1.4259
1896-07-10,germany,0.5948
1896-07-17,france,0.5253
1896-07-17,russia,1.4259
1896-07-17,germany,0.5948
1896-07-24,france,0.5274
1896-07-24,russia,1.4259
1896-07-24,germany,0.5948
1896-07-31,france,0.5354
1896-07-31,russia,1.4259
1896-07-31,germany,0.5948
1896-08-07,france,0.5057
1896-08-07,russia,1.4087
1896-08-07,germany,0.5868
1896-08-14,france,0.4929
1896-08-14,russia,1.4087
1896-08-14,germany,0.5868
1896-08-21,france,0.4929
1896-08-21,russia,1.3995
1896-08-21,germany,0.5717
1896-08-28,france,0.4891
1896-08-28,russia,1.3823
1896-08-28,germany,0.534
1896-09-04,france,0.4646
1896-09-04,russia,1.3651
1896-09-04,germany,0.5259
1896-09-11,france,0.4379
1896-09-11,russia,1.3348
1896-09-11,germany,0.5253
1896-09-18,france,0.4462
1896-09-18,russia,1.3278
1896-09-18,germany,0.5
1896-09-25,france,0.4298
1896-09-25,russia,1.3255
1896-09-25,germany,0.4886
1896-10-02,france,0.4548
1896-10-02,russia,1.3892
1896-10-02,germany,0.536
1896-10-09,france,0.4428
1896-10-09,russia,1.391
1896-10-09,germany,0.5189
1896-10-16,france,0.4196
1896-10-16,russia,1.3716
1896-10-16,germany,0.5208
1896-10-23,france,0.4167
1896-10-23,russia,1.365
1896-10-23,germany,0.5553
1896-10-30,france,0.4146
1896-10-30,russia,1.3584
1896-10-30,germany,0.5582
1896-11-06,france,0.4161
1896-11-06,russia,1.3721
1896-11-06,germany,0.5655
1896-11-13,france,0.436
1896-11-13,russia,1.376
1896-11-13,germany,0.5882
1896-11-20,france,0.4367
1896-11-20,russia,1.3695
1896-11-20,germany,0.591
1896-11-27,france,0.4631
1896-11-27,russia,1.3853
1896-11-27,germany,0.6161
1896-12-04,france,0.442
1896-12-04,russia,1.3733
1896-12-04,germany,0.6133
1896-12-11,france,0.4434
1896-12-11,russia,1.3706
1896-12-11,germany,0.6106
1896-12-18,france,0.4474
1896-12-18,russia,1.3603
1896-12-18,germany,0.591
1896-12-25,france,0.4508
1896-12-25,russia,1.3687
1896-12-25,germany,0.5994
1897-01-01,france,0.4696
1897-01-01,russia,1.3853
1897-01-01,germany,0.5695
1897-01-08,france,0.4674
1897-01-08,russia,1.4132
1897-01-08,germany,0.5848
1897-01-15,france,0.4749
1897-01-15,russia,1.4215
1897-01-15,germany,0.5931
1897-01-22,france,0.4822
1897-01-22,russia,1.4371
1897-01-22,germany,0.6195
1897-01-29,france,0.4813
1897-01-29,russia,1.4331
1897-01-29,germany,0.6249
1897-02-05,france,0.4774
1897-02-05,russia,1.4291
1897-02-05,germany,0.6303
1897-02-12,france,0.4867
1897-02-12,russia,1.4438
1897-02-12,germany,0.6168
1897-02-19,france,0.4723
1897-02-19,russia,1.4396
1897-02-19,germany,0.6188
1897-02-26,france,0.4834
1897-02-26,russia,1.4709
1897-02-26,germany,0.6406
1897-03-05,france,0.45
1897-03-05,russia,1.4421
1897-03-05,germany,0.6022
1897-03-12,france,0.4642
1897-03-12,russia,1.4451
1897-03-12,germany,0.6243
1897-03-19,france,0.4772
1897-03-19,russia,1.4141
1897-03-19,germany,0.6216
1897-03-26,france,0.4728
1897-03-26,russia,1.4262
1897-03-26,germany,0.6243
1897-04-02,france,0.4743
1897-04-02,russia,1.4614
1897-04-02,germany,0.6535
1897-04-09,france,0.48
1897-04-09,russia,1.4492
1897-04-09,germany,0.6698
1897-04-16,france,0.4749
1897-04-16,russia,1.4356
1897-04-16,germany,0.6402
1897-04-23,france,0.4785
1897-04-23,russia,1.4451
1897-04-23,germany,0.6402
1897-04-30,france,0.4676
1897-04-30,russia,1.4222
1897-04-30,germany,0.6456
1897-05-07,france,0.4762
1897-05-07,russia,1.4358
1897-05-07,germany,0.6592
1897-05-14,france,0.4799
1897-05-14,russia,1.4279
1897-05-14,germany,0.6699
1897-05-21,france,0.4824
1897-05-21,russia,1.424
1897-05-21,germany,0.6752
1897-05-28,france,0.4783
1897-05-28,russia,1.4213
1897-05-28,germany,0.6725
1897-06-04,france,0.4448
1897-06-04,russia,1.4079
1897-06-04,germany,0.6433
1897-06-11,france,0.4516
1897-06-11,russia,1.4106
1897-06-11,germany,0.646
1897-06-18,france,0.4698
1897-06-18,russia,1.3987
1897-06-18,germany,0.6433
1897-06-25,france,0.4621
1897-06-25,russia,1.4033
1897-06-25,germany,0.6433
1897-07-02,france,0.4483
1897-07-02,russia,1.4331
1897-07-02,germany,0.6406
1897-07-09,france,0.4434
1897-07-09,russia,1.4331
1897-07-09,germany,0.6406
1897-07-16,france,0.4392
1897-07-16,russia,1.4452
1897-07-16,germany,0.6433
1897-07-23,france,0.4276
1897-07-23,russia,1.4358
1897-07-23,germany,0.6433
1897-07-30,france,0.4317
1897-07-30,russia,1.4385
1897-07-30,germany,0.646
1897-08-06,france,0.4282
1897-08-06,russia,1.4721
1897-08-06,germany,0.6356
1897-08-13,france,0.4107
1897-08-13,russia,1.3971
1897-08-13,germany,0.6168
1897-08-20,france,0.412
1897-08-20,russia,1.3971
1897-08-20,germany,0.6325
1897-08-27,france,0.4236
1897-08-27,russia,1.3879
1897-08-27,germany,0.6168
1897-09-03,france,0.4127
1897-09-03,russia,1.366
1897-09-03,germany,0.5949
1897-09-10,france,0.4079
1897-09-10,russia,1.3522
1897-09-10,germany,0.6106
1897-09-17,france,0.4419
1897-09-17,russia,1.3441
1897-09-17,germany,0.6161
1897-09-24,france,0.4434
1897-09-24,russia,1.3505
1897-09-24,germany,0.6133
1897-10-01,france,0.4544
1897-10-01,russia,1.3954
1897-10-01,germany,0.6696
1897-10-08,france,0.447
1897-10-08,russia,1.3807
1897-10-08,germany,0.6641
1897-10-15,france,0.4489
1897-10-15,russia,1.3807
1897-10-15,germany,0.6641
1897-10-22,france,0.4441
1897-10-22,russia,1.3752
1897-10-22,germany,0.6424
1897-10-29,france,0.4447
1897-10-29,russia,1.3807
1897-10-29,germany,0.648
1897-11-12,france,0.4572
1897-11-12,russia,1.3987
1897-11-12,germany,0.6752
1897-11-19,france,0.4646
1897-11-19,russia,1.4068
1897-11-19,germany,0.6832
1897-11-26,france,0.4714
1897-11-26,russia,1.4094
1897-11-26,germany,0.6859
1897-12-03,france,0.4545
1897-12-03,russia,1.3869
1897-12-03,germany,0.6725
1897-12-10,france,0.4552
1897-12-10,russia,1.3895
1897-12-10,germany,0.6752
1897-12-17,france,0.4728
1897-12-17,russia,1.3869
1897-12-17,germany,0.6725
1897-12-24,france,0.4646
1897-12-24,russia,1.3879
1897-12-24,germany,0.6644
1897-12-31,france,0.4803
1897-12-31,russia,1.3922
1897-12-31,germany,0.6618
1898-01-07,france,0.4712
1898-01-07,russia,1.4264
1898-01-07,germany,0.6592
1898-01-14,france,0.4735
1898-01-14,russia,1.4237
1898-01-14,germany,0.6565
1898-01-21,france,0.4756
1898-01-21,russia,1.4331
1898-01-21,germany,0.6565
1898-01-28,france,0.4672
1898-01-28,russia,1.421
1898-01-28,germany,0.6538
1898-02-04,france,0.4561
1898-02-04,russia,1.4091
1898-02-04,germany,0.6511
1898-02-11,france,0.4566
1898-02-11,russia,1.4145
1898-02-11,germany,0.6565
1898-02-18,france,0.4532
1898-02-18,russia,1.3842
1898-02-18,germany,0.6379
1898-02-25,france,0.4593
1898-02-25,russia,1.4079
1898-02-25,germany,0.6433
1898-03-04,france,0.4237
1898-03-04,russia,1.3797
1898-03-04,germany,0.6243
1898-03-11,france,0.421
1898-03-11,russia,1.3899
1898-03-11,germany,0.6161
1898-03-18,france,0.4502
1898-03-18,russia,1.3954
1898-03-18,germany,0.6374
1898-03-25,france,0.4377
1898-03-25,russia,1.3965
1898-03-25,germany,0.6292
1898-04-01,france,0.4399
1898-04-01,russia,1.4246
1898-04-01,germany,0.6778
1898-04-08,france,0.4337
1898-04-08,russia,1.4421
1898-04-08,germany,0.6667
1898-04-15,france,0.4473
1898-04-15,russia,1.4558
1898-04-15,germany,0.6611
1898-04-22,france,0.4536
1898-04-22,russia,1.4498
1898-04-22,germany,0.6522
1898-04-29,france,0.4662
1898-04-29,russia,1.4266
1898-04-29,germany,0.6915
1898-05-06,france,0.4345
1898-05-06,russia,1.3938
1898-05-06,germany,0.6447
1898-05-13,france,0.4394
1898-05-13,russia,1.3779
1898-05-13,germany,0.6475
1898-05-20,france,0.4479
1898-05-20,russia,1.3966
1898-05-20,germany,0.6475
1898-05-27,france,0.4587
1898-05-27,russia,1.4001
1898-05-27,germany,0.6696
1898-06-03,france,0.4511
1898-06-03,russia,1.3825
1898-06-03,germany,0.6614
1898-06-10,france,0.4392
1898-06-10,russia,1.3614
1898-06-10,germany,0.6586
1898-06-17,france,0.4548
1898-06-17,russia,1.3678
1898-06-17,germany,0.6559
1898-06-24,france,0.4499
1898-06-24,russia,1.3558
1898-06-24,germany,0.686
1898-07-01,france,0.4714
1898-07-01,russia,1.3751
1898-07-01,germany,0.6887
1898-07-08,france,0.4489
1898-07-08,russia,1.3946
1898-07-08,germany,0.697
1898-07-15,france,0.4441
1898-07-15,russia,1.3733
1898-07-15,germany,0.6943
1898-07-22,france,0.4406
1898-07-22,russia,1.3522
1898-07-22,germany,0.6915
1898-07-29,france,0.4302
1898-07-29,russia,1.3411
1898-07-29,germany,0.6804
1898-08-05,france,0.4127
1898-08-05,russia,1.3265
1898-08-05,germany,0.6748
1898-08-12,france,0.4176
1898-08-12,russia,1.3475
1898-08-12,germany,0.6776
1898-08-19,france,0.4148
1898-08-19,russia,1.3355
1898-08-19,germany,0.6748
1898-08-26,france,0.4302
1898-08-26,russia,1.3293
1898-08-26,germany,0.6776
1898-09-02,france,0.4028
1898-09-02,russia,1.3186
1898-09-02,germany,0.6579
1898-09-09,france,0.4056
1898-09-09,russia,1.3215
1898-09-09,germany,0.6607
1898-09-16,france,0.4013
1898-09-16,russia,1.3249
1898-09-16,germany,0.6551
1898-09-23,france,0.4226
1898-09-23,russia,1.3249
1898-09-23,germany,0.6718
1898-09-30,france,0.4226
1898-09-30,russia,1.3278
1898-09-30,germany,0.6746
1898-10-07,france,0.4261
1898-10-07,russia,1.3684
1898-10-07,germany,0.7201
1898-10-14,france,0.419
1898-10-14,russia,1.3663
1898-10-14,germany,0.7086
1898-10-21,france,0.4182
1898-10-21,russia,1.3861
1898-10-21,germany,0.7
1898-10-28,france,0.4247
1898-10-28,russia,1.3919
1898-10-28,germany,0.7058
1898-11-04,france,0.4284
1898-11-04,russia,1.3824
1898-11-04,germany,0.7058
1898-11-11,france,0.4498
1898-11-11,russia,1.4053
1898-11-11,germany,0.7286
1898-11-18,france,0.4576
1898-11-18,russia,1.4397
1898-11-18,germany,0.7343
1898-11-25,france,0.4586
1898-11-25,russia,1.4373
1898-11-25,germany,0.7339
1898-12-02,france,0.436
1898-12-02,russia,1.4166
1898-12-02,germany,0.7056
1898-12-09,france,0.4261
1898-12-09,russia,1.4205
1898-12-09,germany,0.717
1898-12-16,france,0.4261
1898-12-16,russia,1.4109
1898-12-16,germany,0.7
1898-12-23,france,0.4505
1898-12-23,russia,1.3986
1898-12-23,germany,0.6972
1898-12-30,france,0.4679
1898-12-30,russia,1.4277
1898-12-30,germany,0.7168
1899-01-06,france,0.4733
1899-01-06,russia,1.4481
1899-01-06,germany,0.7084
1899-01-13,france,0.4823
1899-01-13,russia,1.4497
1899-01-13,germany,0.7366
1899-01-20,france,0.4735
1899-01-20,russia,1.4144
1899-01-20,germany,0.7394
1899-01-27,france,0.4684
1899-01-27,russia,1.4144
1899-01-27,germany,0.7394
1899-02-03,france,0.4492
1899-02-03,russia,1.4116
1899-02-03,germany,0.7366
1899-02-10,france,0.4436
1899-02-10,russia,1.3994
1899-02-10,germany,0.7339
1899-02-17,france,0.4414
1899-02-17,russia,1.4022
1899-02-17,germany,0.7366
1899-02-24,france,0.4456
1899-02-24,russia,1.3863
1899-02-24,germany,0.7394
1899-03-03,france,0.4225
1899-03-03,russia,1.4071
1899-03-03,germany,0.7227
1899-03-10,france,0.4176
1899-03-10,russia,1.4014
1899-03-10,germany,0.717
1899-03-17,france,0.4396
1899-03-17,russia,1.4014
1899-03-17,germany,0.7343
1899-03-24,france,0.4536
1899-03-24,russia,1.4155
1899-03-24,germany,0.7658
1899-03-31,france,0.4552
1899-03-31,russia,1.4127
1899-03-31,germany,0.763
1899-04-07,france,0.4525
1899-04-07,russia,1.4522
1899-04-07,germany,0.79
1899-04-14,france,0.452
1899-04-14,russia,1.4494
1899-04-14,germany,0.8234
1899-04-21,france,0.4581
1899-04-21,russia,1.4578
1899-04-21,germany,0.7778
1899-04-28,france,0.4554
1899-04-28,russia,1.4425
1899-04-28,germany,0.7722
1899-05-05,france,0.4418
1899-05-05,russia,1.4081
1899-05-05,germany,0.7665
1899-05-12,france,0.4346
1899-05-12,russia,1.3826
1899-05-12,germany,0.7694
1899-05-19,france,0.4375
1899-05-19,russia,1.3826
1899-05-19,germany,0.7694
1899-05-26,france,0.4297
1899-05-26,russia,1.3741
1899-05-26,germany,0.7609
1899-06-02,france,0.4147
1899-06-02,russia,1.3447
1899-06-02,germany,0.7408
1899-06-09,france,0.4037
1899-06-09,russia,1.3209
1899-06-09,germany,0.7263
1899-06-16,france,0.406
1899-06-16,russia,1.336
1899-06-16,germany,0.768
1899-06-23,france,0.4137
1899-06-23,russia,1.3372
1899-06-23,germany,0.787
1899-06-30,france,0.4195
1899-06-30,russia,1.3283
1899-06-30,germany,0.7415
1899-07-07,france,0.3967
1899-07-07,russia,1.3575
1899-07-07,germany,0.7326
1899-07-14,france,0.389
1899-07-14,russia,1.3521
1899-07-14,germany,0.7358
1899-07-21,france,0.4077
1899-07-21,russia,1.3671
1899-07-21,germany,0.7508
1899-07-28,france,0.4238
1899-07-28,russia,1.346
1899-07-28,germany,0.7115
1899-08-04,france,0.4003
1899-08-04,russia,1.3307
1899-08-04,germany,0.6962
1899-08-11,france,0.4025
1899-08-11,russia,1.3277
1899-08-11,germany,0.7298
1899-08-18,france,0.4148
1899-08-18,russia,1.346
1899-08-18,germany,0.7668
1899-08-25,france,0.4018
1899-08-25,russia,1.3532
1899-08-25,germany,0.7734
1899-09-01,france,0.3803
1899-09-01,russia,1.3728
1899-09-01,germany,0.7546
1899-09-08,france,0.3496
1899-09-08,russia,1.3355
1899-09-08,germany,0.7361
1899-09-15,france,0.3485
1899-09-15,russia,1.3153
1899-09-15,germany,0.7174
1899-09-22,france,0.3424
1899-09-22,russia,1.2996
1899-09-22,germany,0.7018
1899-09-29,france,0.3418
1899-09-29,russia,1.2901
1899-09-29,germany,0.6923
1899-10-06,france,0.3179
1899-10-06,russia,1.3466
1899-10-06,germany,0.7651
1899-10-13,france,0.3401
1899-10-13,russia,1.3658
1899-10-13,germany,0.7649
1899-10-20,france,0.3494
1899-10-20,russia,1.3521
1899-10-20,germany,0.7519
1899-10-27,france,0.355
1899-10-27,russia,1.3386
1899-10-27,germany,0.7583
1899-11-03,france,0.3438
1899-11-03,russia,1.326
1899-11-03,germany,0.7077
1899-11-10,france,0.3427
1899-11-10,russia,1.3394
1899-11-10,germany,0.7202
1899-11-17,france,0.3374
1899-11-17,russia,1.3394
1899-11-17,germany,0.7014
1899-11-24,france,0.3156
1899-11-24,russia,1.3169
1899-11-24,germany,0.6788
1899-12-01,france,0.3152
1899-12-01,russia,1.3201
1899-12-01,germany,0.6821
1899-12-08,france,0.2864
1899-12-08,russia,1.2972
1899-12-08,germany,0.678
1899-12-15,france,0.2812
1899-12-15,russia,1.2906
1899-12-15,germany,0.6714
1899-12-22,france,0.2184
1899-12-22,russia,1.2312
1899-12-22,germany,0.6493
1899-12-29,france,0.2642
1899-12-29,russia,1.2462
1899-12-29,germany,0.607
1900-01-19,france,0.3017
1900-01-19,russia,1.3139
1900-01-19,germany,0.6747
1900-01-26,france,0.2742
1900-01-26,russia,1.2475
1900-01-26,germany,0.648
1900-02-16,france,0.2586
1900-02-16,russia,1.2278
1900-02-16,germany,0.6863
1900-02-23,france,0.2587
1900-02-23,russia,1.2218
1900-02-23,germany,0.7192
1900-03-16,france,0.223
1900-03-16,russia,1.2346
1900-03-16,germany,0.7322
1900-03-23,france,0.2585
1900-03-23,russia,1.2512
1900-03-23,germany,0.7489
1900-03-30,france,0.2529
1900-03-30,russia,1.2315
1900-03-30,germany,0.7389
1900-04-13,france,0.2348
1900-04-13,russia,1.2706
1900-04-13,germany,0.769
1900-04-20,france,0.2465
1900-04-20,russia,1.2706
1900-04-20,germany,0.7894
1900-04-27,france,0.2505
1900-04-27,russia,1.2673
1900-04-27,germany,0.786
1900-05-18,france,0.2599
1900-05-18,russia,1.294
1900-05-18,germany,0.8027
1900-05-25,france,0.2624
1900-05-25,russia,1.2906
1900-05-25,germany,0.7994
1900-06-15,france,0.2569
1900-06-15,russia,1.3141
1900-06-15,germany,0.7225
1900-06-22,france,0.2731
1900-06-22,russia,1.294
1900-06-22,germany,0.7221
1900-06-29,france,0.2645
1900-06-29,russia,1.2805
1900-06-29,germany,0.699
1900-07-13,france,0.223
1900-07-13,russia,1.2935
1900-07-13,germany,0.6705
1900-07-20,france,0.198
1900-07-20,russia,1.3211
1900-07-20,germany,0.6549
1900-07-27,france,0.1969
1900-07-27,russia,1.307
1900-07-27,germany,0.6822
1900-08-17,france,0.208
1900-08-17,russia,1.2729
1900-08-17,germany,0.7106
1900-08-24,france,0.1788
1900-08-24,russia,1.2277
1900-08-24,germany,0.6657
1900-08-31,france,0.1901
1900-08-31,russia,1.2419
1900-08-31,germany,0.6799
1900-09-14,france,0.1798
1900-09-14,russia,1.2217
1900-09-14,germany,0.6599
1900-09-21,france,0.2051
1900-09-21,russia,1.2383
1900-09-21,germany,0.6763
1900-09-28,france,0.2096
1900-09-28,russia,1.2588
1900-09-28,germany,0.6965
1900-10-19,france,0.2242
1900-10-19,russia,1.297
1900-10-19,germany,0.7551
1900-10-26,france,0.217
1900-10-26,russia,1.2729
1900-10-26,germany,0.6705
1900-11-16,france,0.1917
1900-11-16,russia,1.1981
1900-11-16,germany,0.6763
1900-11-23,france,0.1938
1900-11-23,russia,1.2017
1900-11-23,germany,0.6799
1900-11-30,france,0.1771
1900-11-30,russia,1.1748
1900-11-30,germany,0.6529
1900-12-14,france,0.1192
1900-12-14,russia,1.1301
1900-12-14,germany,0.6081
1900-12-21,france,0.1389
1900-12-21,russia,1.1192
1900-12-21,germany,0.5972
1900-12-28,france,0.1388
1900-12-28,russia,1.1337
1900-12-28,germany,0.6117
1901-01-18,france,0.1017
1901-01-18,russia,1.1278
1901-01-18,germany,0.6059
1901-01-25,france,0.1032
1901-01-25,russia,1.1315
1901-01-25,germany,0.5899
1901-02-15,france,0.1178
1901-02-15,russia,1.1143
1901-02-15,germany,0.5539
1901-02-22,france,0.1156
1901-02-22,russia,1.1337
1901-02-22,germany,0.5729
1901-03-15,france,0.0836
1901-03-15,russia,1.0755
1901-03-15,germany,0.5247
1901-03-22,france,0.0947
1901-03-22,russia,1.057
1901-03-22,germany,0.5252
1901-03-29,france,0.0887
1901-03-29,russia,1.0688
1901-03-29,germany,0.4987
1901-04-19,france,0.0675
1901-04-19,russia,1.0657
1901-04-19,germany,0.5535
1901-04-26,france,0.0364
1901-04-26,russia,1.0426
1901-04-26,germany,0.4913
1901-05-17,france,0.0299
1901-05-17,russia,1.0426
1901-05-17,germany,0.5108
1901-05-24,france,0.0406
1901-05-24,russia,1.0387
1901-05-24,germany,0.5069
1901-05-31,france,0.0365
1901-05-31,russia,1.031
1901-05-31,germany,0.4797
1901-06-14,france,0.0457
1901-06-14,russia,1.0192
1901-06-14,germany,0.4874
1901-06-21,france,0.0575
1901-06-21,russia,1.0036
1901-06-21,germany,0.4335
1901-06-28,france,0.0496
1901-06-28,russia,0.9958
1901-06-28,germany,0.3882
1901-07-19,france,0.0261
1901-07-19,russia,1.047
1901-07-19,germany,0.3803
1901-07-26,france,0.0283
1901-07-26,russia,1.0671
1901-07-26,germany,0.3803
1901-08-16,france,0.0518
1901-08-16,russia,1.0777
1901-08-16,germany,0.3943
1901-08-23,france,0.0518
1901-08-23,russia,1.0385
1901-08-23,germany,0.3943
1901-08-30,france,0.0504
1901-08-30,russia,1.0385
1901-08-30,germany,0.3943
1901-09-13,france,0.02
1901-09-13,russia,1.0154
1901-09-13,germany,0.3712
1901-09-20,france,0.0345
1901-09-20,russia,1.0036
1901-09-20,germany,0.3595
1901-09-27,france,0.0161
1901-09-27,russia,0.9918
1901-09-27,germany,0.3476
1901-10-18,france,0.0405
1901-10-18,russia,1.071
1901-10-18,germany,0.4217
1901-10-25,france,0.0143
1901-10-25,russia,1.0471
1901-10-25,germany,0.3978
1901-11-15,france,-0.0177
1901-11-15,russia,1.0068
1901-11-15,germany,0.3776
1901-11-22,france,-0.0292
1901-11-22,russia,1.0027
1901-11-22,germany,0.3926
1901-11-29,france,-0.0284
1901-11-29,russia,0.9631
1901-11-29,germany,0.3735
1901-12-13,france,-0.0104
1901-12-13,russia,1.0111
1901-12-13,germany,0.383
1901-12-20,france,0.0688
1901-12-20,russia,1.0231
1901-12-20,germany,0.4156
1901-12-27,france,0.0846
1901-12-27,russia,1.027
1901-12-27,germany,0.4194
1904-01-15,france,-0.0567
1904-01-15,russia,0.9776
1904-01-15,austria_hungary,0.7966
1904-01-15,germany,0.1899
1904-01-22,france,-0.0487
1904-01-22,russia,0.9448
1904-01-22,austria_hungary,0.7673
1904-01-22,germany,0.1625
1904-01-29,france,-0.0541
1904-01-29,russia,0.9731
1904-01-29,austria_hungary,0.754
1904-01-29,germany,0.1492
1904-02-19,france,-0.0396
1904-02-19,russia,1.2809
1904-02-19,austria_hungary,0.7332
1904-02-19,germany,0.1449
1904-02-26,france,-0.0238
1904-02-26,russia,1.1594
1904-02-26,austria_hungary,0.8116
1904-02-26,germany,0.2014
1904-03-18,france,-0.0287
1904-03-18,russia,1.0853
1904-03-18,austria_hungary,0.7904
1904-03-18,germany,0.1819
1904-03-25,france,-0.0623
1904-03-25,russia,1.0398
1904-03-25,austria_hungary,0.7674
1904-03-25,germany,0.1589
1904-04-15,france,-0.0458
1904-04-15,russia,1.1893
1904-04-15,austria_hungary,0.8883
1904-04-15,germany,0.259
1904-04-22,france,-0.038
1904-04-22,russia,1.2361
1904-04-22,austria_hungary,0.8883
1904-04-22,germany,0.2781
1904-04-29,france,-0.0071
1904-04-29,russia,1.2709
1904-04-29,austria_hungary,0.8835
1904-04-29,germany,0.2939
1904-05-13,france,0.0585
1904-05-13,russia,1.4473
1904-05-13,austria_hungary,0.9133
1904-05-13,germany,0.3237
1904-05-20,france,0.0671
1904-05-20,russia,1.4599
1904-05-20,austria_hungary,0.9259
1904-05-20,germany,0.3553
1904-05-27,france,0.0507
1904-05-27,russia,1.4389
1904-05-27,austria_hungary,0.9175
1904-05-27,germany,0.347
1904-06-17,france,0.034
1904-06-17,russia,1.3893
1904-06-17,austria_hungary,0.9175
1904-06-17,germany,0.3091
1904-06-24,france,0.0209
1904-06-24,russia,1.273
1904-06-24,austria_hungary,0.9091
1904-06-24,germany,0.282
1904-07-15,france,-0.0188
1904-07-15,russia,1.2677
1904-07-15,austria_hungary,0.8921
1904-07-15,germany,0.265
1904-07-22,france,-0.0449
1904-07-22,russia,1.2567
1904-07-22,austria_hungary,0.8574
1904-07-22,germany,0.2304
1904-07-29,france,-0.0403
1904-07-29,russia,1.2598
1904-07-29,austria_hungary,0.8098
1904-07-29,germany,0.2402
1904-08-19,france,-0.0536
1904-08-19,russia,1.2718
1904-08-19,austria_hungary,0.8098
1904-08-19,germany,0.2402
1904-08-26,france,-0.0567
1904-08-26,russia,1.2479
1904-08-26,austria_hungary,0.8098
1904-08-26,germany,0.2402
1904-09-16,france,-0.0801
1904-09-16,russia,1.2053
1904-09-16,austria_hungary,0.8142
1904-09-16,germany,0.226
1904-09-23,france,-0.049
1904-09-23,russia,1.2243
1904-09-23,austria_hungary,0.8098
1904-09-23,germany,0.2216
1904-09-30,france,-0.0339
1904-09-30,russia,1.2097
1904-09-30,austria_hungary,0.8186
1904-09-30,germany,0.2304
1904-10-14,france,-0.0474
1904-10-14,russia,1.1893
1904-10-14,austria_hungary,0.8487
1904-10-14,germany,0.2781
1904-10-21,france,-0.0389
1904-10-21,russia,1.2025
1904-10-21,austria_hungary,0.8618
1904-10-21,germany,0.2912
1904-10-28,france,-0.0528
1904-10-28,russia,1.1877
1904-10-28,austria_hungary,0.8354
1904-10-28,germany,0.2841
1904-11-18,france,-0.0672
1904-11-18,russia,1.1597
1904-11-18,austria_hungary,0.8032
1904-11-18,germany,0.2715
1904-11-25,france,-0.0733
1904-11-25,russia,1.169
1904-11-25,austria_hungary,0.801
1904-11-25,germany,0.2502
1904-12-16,france,-0.0697
1904-12-16,russia,1.1849
1904-12-16,austria_hungary,0.8054
1904-12-16,germany,0.2358
1904-12-23,france,-0.0406
1904-12-23,russia,1.2295
1904-12-23,austria_hungary,0.8032
1904-12-23,germany,0.2336
1904-12-30,france,-0.0351
1904-12-30,russia,1.2642
1904-12-30,austria_hungary,0.8142
1904-12-30,germany,0.2446
1905-01-13,france,-0.0469
1905-01-13,russia,1.3248
1905-01-13,austria_hungary,0.8142
1905-01-13,germany,0.2446
1905-01-20,france,-0.0564
1905-01-20,russia,1.3634
1905-01-20,austria_hungary,0.8032
1905-01-20,germany,0.2336
1905-01-27,france,-0.0472
1905-01-27,russia,1.3663
1905-01-27,austria_hungary,0.8186
1905-01-27,germany,0.249
1905-02-17,france,-0.0412
1905-02-17,russia,1.3386
1905-02-17,austria_hungary,0.8385
1905-02-17,germany,0.2517
1905-02-24,france,-0.0171
1905-02-24,russia,1.4557
1905-02-24,austria_hungary,0.8574
1905-02-24,germany,0.2706
1905-03-17,france,-0.0017
1905-03-17,russia,1.5577
1905-03-17,austria_hungary,0.8698
1905-03-17,germany,0.3012
1905-03-24,france,-0.0099
1905-03-24,russia,1.4933
1905-03-24,austria_hungary,0.8698
1905-03-24,germany,0.3012
1905-03-31,france,0.0055
1905-03-31,russia,1.4349
1905-03-31,austria_hungary,0.912
1905-03-31,germany,0.2871
1905-04-14,france,-0.0044
1905-04-14,russia,1.5343
1905-04-14,austria_hungary,0.9363
1905-04-14,germany,0.3279
1905-04-21,france,-0.0099
1905-04-21,russia,1.5542
1905-04-21,austria_hungary,0.9301
1905-04-21,germany,0.3217
1905-04-28,france,-0.0022
1905-04-28,russia,1.5506
1905-04-28,austria_hungary,0.9133
1905-04-28,germany,0.3237
1905-05-19,france,-0.0303
1905-05-19,russia,1.4578
1905-05-19,austria_hungary,0.9112
1905-05-19,germany,0.3216
1905-05-26,france,-0.0366
1905-05-26,russia,1.46
1905-05-26,austria_hungary,0.9133
1905-05-26,germany,0.3049
1905-06-16,france,-0.0177
1905-06-16,russia,1.4079
1905-06-16,austria_hungary,0.9238
1905-06-16,germany,0.3154
1905-06-23,france,-0.0006
1905-06-23,russia,1.4347
1905-06-23,austria_hungary,0.9133
1905-06-23,germany,0.3237
1905-06-30,france,-0.0186
1905-06-30,russia,1.4965
1905-06-30,austria_hungary,0.8985
1905-06-30,germany,0.3089
1905-07-14,france,-0.0111
1905-07-14,russia,1.5632
1905-07-14,austria_hungary,0.8871
1905-07-14,germany,0.3175
1905-07-21,france,-0.034
1905-07-21,russia,1.573
1905-07-21,austria_hungary,0.8703
1905-07-21,germany,0.3006
1905-07-28,france,-0.0227
1905-07-28,russia,1.479
1905-07-28,austria_hungary,0.8808
1905-07-28,germany,0.3112
1905-08-18,france,-0.0298
1905-08-18,russia,1.4327
1905-08-18,austria_hungary,0.885
1905-08-18,germany,0.3154
1905-08-25,france,-0.0249
1905-08-25,russia,1.4369
1905-08-25,austria_hungary,0.8892
1905-08-25,germany,0.3196
1905-09-15,france,-0.0745
1905-09-15,russia,1.1687
1905-09-15,austria_hungary,0.8194
1905-09-15,germany,0.2693
1905-09-22,france,-0.063
1905-09-22,russia,1.14
1905-09-22,austria_hungary,0.813
1905-09-22,germany,0.2815
1905-09-29,france,-0.0657
1905-09-29,russia,1.1358
1905-09-29,austria_hungary,0.8087
1905-09-29,germany,0.2772
1905-10-13,france,-0.0909
1905-10-13,russia,1.1866
1905-10-13,austria_hungary,0.8186
1905-10-13,germany,0.3061
1905-10-20,france,-0.0782
1905-10-20,russia,1.2025
1905-10-20,austria_hungary,0.823
1905-10-20,germany,0.3105
1905-10-27,france,-0.1085
1905-10-27,russia,1.3239
1905-10-27,austria_hungary,0.801
1905-10-27,germany,0.308
1905-11-17,france,-0.0969
1905-11-17,russia,1.4947
1905-11-17,austria_hungary,0.897
1905-11-17,germany,0.3061
1905-11-24,france,-0.0841
1905-11-24,russia,1.4215
1905-11-24,austria_hungary,0.9144
1905-11-24,germany,0.3235
1905-12-15,france,-0.0854
1905-12-15,russia,1.8791
1905-12-15,austria_hungary,0.9101
1905-12-15,germany,0.2999
1905-12-22,france,-0.0433
1905-12-22,russia,1.9981
1905-12-22,austria_hungary,0.9188
1905-12-22,germany,0.3279
1905-12-29,france,-0.054
1905-12-29,russia,1.8117
1905-12-29,austria_hungary,0.9188
1905-12-29,germany,0.3086
1906-01-19,france,-0.026
1906-01-19,russia,1.6782
1906-01-19,austria_hungary,0.9444
1906-01-19,germany,0.3343
1906-01-26,france,-0.0191
1906-01-26,russia,1.7637
1906-01-26,austria_hungary,0.9048
1906-01-26,germany,0.3535
1906-02-16,france,-0.0156
1906-02-16,russia,1.7133
1906-02-16,austria_hungary,0.9259
1906-02-16,germany,0.3553
1906-02-23,france,-0.0141
1906-02-23,russia,1.7133
1906-02-23,austria_hungary,0.9259
1906-02-23,germany,0.3553
1906-03-16,france,-0.0296
1906-03-16,russia,1.6672
1906-03-16,austria_hungary,0.9217
1906-03-16,germany,0.3512
1906-03-23,france,-0.0183
1906-03-23,russia,1.6397
1906-03-23,austria_hungary,0.9217
1906-03-23,germany,0.3321
1906-03-30,france,-0.0057
1906-03-30,russia,1.6714
1906-03-30,austria_hungary,0.9259
1906-03-30,germany,0.3363
1906-04-13,france,0.006
1906-04-13,russia,1.8119
1906-04-13,austria_hungary,0.978
1906-04-13,germany,0.4066
1906-04-20,france,-0.0133
1906-04-20,russia,1.8567
1906-04-20,austria_hungary,0.9487
1906-04-20,germany,0.397
1906-04-27,france,0.0023
1906-04-27,russia,1.8182
1906-04-27,austria_hungary,0.9697
1906-04-27,germany,0.418
1906-05-18,france,-0.031
1906-05-18,russia,1.8034
1906-05-18,austria_hungary,0.9402
1906-05-18,germany,0.3885
1906-05-25,france,-0.0307
1906-05-25,russia,1.8289
1906-05-25,austria_hungary,0.9359
1906-05-25,germany,0.3842
1906-06-15,france,-0.0416
1906-06-15,russia,1.9691
1906-06-15,austria_hungary,0.9058
1906-06-15,germany,0.374
1906-06-22,france,-0.0225
1906-06-22,russia,2.0045
1906-06-22,austria_hungary,0.8927
1906-06-22,germany,0.3409
1906-06-29,france,-0.0142
1906-06-29,russia,2.0076
1906-06-29,austria_hungary,0.8794
1906-06-29,germany,0.3277
1906-07-13,france,-0.029
1906-07-13,russia,2.1038
1906-07-13,austria_hungary,0.875
1906-07-13,germany,0.3036
1906-07-20,france,-0.0641
1906-07-20,russia,2.2263
1906-07-20,austria_hungary,0.8391
1906-07-20,germany,0.2874
1906-07-27,france,-0.0403
1906-07-27,russia,2.2898
1906-07-27,austria_hungary,0.8661
1906-07-27,germany,0.3144
1906-08-17,france,-0.0562
1906-08-17,russia,2.3589
1906-08-17,austria_hungary,0.8398
1906-08-17,germany,0.3476
1906-08-24,france,-0.0664
1906-08-24,russia,2.4024
1906-08-24,austria_hungary,0.7877
1906-08-24,germany,0.3343
1906-08-31,france,-0.0777
1906-08-31,russia,2.4321
1906-08-31,austria_hungary,0.8571
1906-08-31,germany,0.3054
1906-09-14,france,-0.0961
1906-09-14,russia,2.381
1906-09-14,austria_hungary,0.8254
1906-09-14,germany,0.2936
1906-09-21,france,-0.0776
1906-09-21,russia,2.3764
1906-09-21,austria_hungary,0.8208
1906-09-21,germany,0.289
1906-09-28,france,-0.0628
1906-09-28,russia,2.2907
1906-09-28,austria_hungary,0.83
1906-09-28,germany,0.2782
1906-10-19,france,-0.079
1906-10-19,russia,2.296
1906-10-19,austria_hungary,0.8793
1906-10-19,germany,0.3271
1906-10-26,france,-0.0479
1906-10-26,russia,2.1988
1906-10-26,austria_hungary,0.8932
1906-10-26,germany,0.3619
1906-11-16,france,-0.0397
1906-11-16,russia,2.0293
1906-11-16,austria_hungary,0.9162
1906-11-16,germany,0.3433
1906-11-23,france,-0.0483
1906-11-23,russia,2.0417
1906-11-23,austria_hungary,0.8704
1906-11-23,germany,0.3387
1906-11-30,france,-0.0343
1906-11-30,russia,1.9509
1906-11-30,austria_hungary,0.8795
1906-11-30,germany,0.3479
1906-12-14,france,-0.0645
1906-12-14,russia,2.011
1906-12-14,austria_hungary,0.8566
1906-12-14,germany,0.3046
1906-12-21,france,-0.0439
1906-12-21,russia,1.9636
1906-12-21,austria_hungary,0.8427
1906-12-21,germany,0.2907
1906-12-28,france,-0.0505
1906-12-28,russia,1.8656
1906-12-28,austria_hungary,0.8427
1906-12-28,germany,0.2705
1907-01-18,france,0.0015
1907-01-18,russia,1.9718
1907-01-18,austria_hungary,0.884
1907-01-18,germany,0.332
1907-01-25,france,0.0098
1907-01-25,russia,1.9883
1907-01-25,austria_hungary,0.884
1907-01-25,germany,0.332
1907-02-15,france,-0.0163
1907-02-15,russia,1.9838
1907-02-15,austria_hungary,0.8391
1907-02-15,germany,0.3275
1907-02-22,france,-0.0241
1907-02-22,russia,2.1151
1907-02-22,austria_hungary,0.8345
1907-02-22,germany,0.3433
1907-03-15,france,-0.0936
1907-03-15,russia,2.1122
1907-03-15,austria_hungary,0.7789
1907-03-15,germany,0.3292
1907-03-22,france,-0.0607
1907-03-22,russia,2.0945
1907-03-22,austria_hungary,0.8193
1907-03-22,germany,0.3503
1907-03-29,france,-0.0532
1907-03-29,russia,2.0421
1907-03-29,austria_hungary,0.8193
1907-03-29,germany,0.3083
1907-04-19,france,-0.0205
1907-04-19,russia,2.1535
1907-04-19,austria_hungary,0.884
1907-04-19,germany,0.3951
1907-04-26,france,-0.0349
1907-04-26,russia,2.1263
1907-04-26,austria_hungary,0.8334
1907-04-26,germany,0.3858
1907-05-17,france,-0.0757
1907-05-17,russia,2.1159
1907-05-17,austria_hungary,0.8051
1907-05-17,germany,0.4011
1907-05-24,france,-0.0733
1907-05-24,russia,2.1195
1907-05-24,austria_hungary,0.7908
1907-05-24,germany,0.3867
1907-05-31,france,-0.0967
1907-05-31,russia,2.0837
1907-05-31,austria_hungary,0.7908
1907-05-31,germany,0.3867
1907-06-14,france,-0.1109
1907-06-14,russia,2.1499
1907-06-14,austria_hungary,0.7666
1907-06-14,germany,0.3406
1907-06-21,france,-0.1011
1907-06-21,russia,2.186
1907-06-21,austria_hungary,0.747
1907-06-21,germany,0.343
1907-06-28,france,-0.0635
1907-06-28,russia,2.0885
1907-06-28,austria_hungary,0.7956
1907-06-28,germany,0.348
1907-07-19,france,-0.1112
1907-07-19,russia,2.1231
1907-07-19,austria_hungary,0.8175
1907-07-19,germany,0.3504
1907-07-26,france,-0.1421
1907-07-26,russia,2.1071
1907-07-26,austria_hungary,0.7833
1907-07-26,germany,0.3161
1907-08-16,france,-0.1927
1907-08-16,russia,2.1916
1907-08-16,austria_hungary,0.7177
1907-08-16,germany,0.3398
1907-08-23,france,-0.1638
1907-08-23,russia,2.1497
1907-08-23,austria_hungary,0.7331
1907-08-23,germany,0.3324
1907-08-30,france,-0.1638
1907-08-30,russia,2.1088
1907-08-30,austria_hungary,0.7483
1907-08-30,germany,0.3252
1907-09-13,france,-0.1738
1907-09-13,russia,1.9949
1907-09-13,austria_hungary,0.702
1907-09-13,germany,0.2544
1907-09-20,france,-0.1562
1907-09-20,russia,1.8853
1907-09-20,austria_hungary,0.6969
1907-09-20,germany,0.228
1907-09-27,france,-0.1452
1907-09-27,russia,1.8447
1907-09-27,austria_hungary,0.7071
1907-09-27,germany,0.217
1907-10-18,france,-0.1302
1907-10-18,russia,2.0151
1907-10-18,austria_hungary,0.8055
1907-10-18,germany,0.2962
1907-10-25,france,-0.1261
1907-10-25,russia,1.9897
1907-10-25,austria_hungary,0.8154
1907-10-25,germany,0.3281
1907-11-15,france,-0.2027
1907-11-15,russia,1.9517
1907-11-15,austria_hungary,0.7598
1907-11-15,germany,0.3171
1907-11-22,france,-0.1956
1907-11-22,russia,1.8802
1907-11-22,austria_hungary,0.8181
1907-11-22,germany,0.3324
1907-11-29,france,-0.162
1907-11-29,russia,1.6457
1907-11-29,austria_hungary,0.8434
1907-11-29,germany,0.3577
1907-12-13,france,-0.2015
1907-12-13,russia,1.5548
1907-12-13,austria_hungary,0.8434
1907-12-13,germany,0.3577
1907-12-20,france,-0.1761
1907-12-20,russia,1.5747
1907-12-20,austria_hungary,0.8484
1907-12-20,germany,0.3403
1907-12-27,france,-0.1603
1907-12-27,russia,1.5997
1907-12-27,austria_hungary,0.8584
1907-12-27,germany,0.3503
1908-01-17,france,-0.1431
1908-01-17,russia,1.6293
1908-01-17,austria_hungary,0.8029
1908-01-17,germany,0.3798
1908-01-24,france,-0.0966
1908-01-24,russia,1.5887
1908-01-24,austria_hungary,0.8099
1908-01-24,germany,0.4058
1908-01-31,france,-0.0556
1908-01-31,russia,1.5497
1908-01-31,austria_hungary,0.83
1908-01-31,germany,0.4444
1908-02-14,france,-0.0596
1908-02-14,russia,1.5914
1908-02-14,austria_hungary,0.8436
1908-02-14,germany,0.4581
1908-02-21,france,-0.0448
1908-02-21,russia,1.652
1908-02-21,austria_hungary,0.8616
1908-02-21,germany,0.4761
1908-02-28,france,-0.0543
1908-02-28,russia,1.6664
1908-02-28,austria_hungary,0.8616
1908-02-28,germany,0.4761
1908-03-13,france,-0.0834
1908-03-13,russia,1.6921
1908-03-13,austria_hungary,0.8436
1908-03-13,germany,0.48
1908-03-20,france,-0.0564
1908-03-20,russia,1.6619
1908-03-20,austria_hungary,0.8571
1908-03-20,germany,0.4935
1908-03-27,france,-0.0351
1908-03-27,russia,1.6754
1908-03-27,austria_hungary,0.8706
1908-03-27,germany,0.5069
1908-04-17,france,-0.039
1908-04-17,russia,1.6529
1908-04-17,austria_hungary,0.9298
1908-04-17,germany,0.5518
1908-04-24,france,-0.055
1908-04-24,russia,1.6684
1908-04-24,austria_hungary,0.9162
1908-04-24,germany,0.5612
1908-05-15,france,-0.0698
1908-05-15,russia,1.5873
1908-05-15,austria_hungary,0.907
1908-05-15,germany,0.5064
1908-05-22,france,-0.0733
1908-05-22,russia,1.5083
1908-05-22,austria_hungary,0.8704
1908-05-22,germany,0.4885
1908-05-29,france,-0.0101
1908-05-29,russia,1.4551
1908-05-29,austria_hungary,0.911
1908-05-29,germany,0.5069
1908-06-19,france,0.039
1908-06-19,russia,1.4375
1908-06-19,austria_hungary,0.9065
1908-06-19,germany,0.5025
1908-06-26,france,0.053
1908-06-26,russia,1.4595
1908-06-26,austria_hungary,0.9154
1908-06-26,germany,0.5335
1908-07-17,france,-0.0048
1908-07-17,russia,1.5038
1908-07-17,austria_hungary,0.9065
1908-07-17,germany,0.4806
1908-07-24,france,-0.0336
1908-07-24,russia,1.4409
1908-07-24,austria_hungary,0.8704
1908-07-24,germany,0.4663
1908-07-31,france,-0.0467
1908-07-31,russia,1.4947
1908-07-31,austria_hungary,0.8704
1908-07-31,germany,0.4444
1908-08-14,france,-0.0531
1908-08-14,russia,1.4277
1908-08-14,austria_hungary,0.8704
1908-08-14,germany,0.4228
1908-08-21,france,-0.0672
1908-08-21,russia,1.4185
1908-08-21,austria_hungary,0.8208
1908-08-21,germany,0.3922
1908-08-28,france,-0.072
1908-08-28,russia,1.3792
1908-08-28,austria_hungary,0.8208
1908-08-28,germany,0.3922
1908-09-18,france,-0.0836
1908-09-18,russia,1.3775
1908-09-18,austria_hungary,0.793
1908-09-18,germany,0.3644
1908-09-25,france,-0.0767
1908-09-25,russia,1.3738
1908-09-25,austria_hungary,0.8023
1908-09-25,germany,0.3317
1908-10-16,france,-0.0962
1908-10-16,russia,1.5361
1908-10-16,austria_hungary,0.8837
1908-10-16,germany,0.3963
1908-10-23,france,-0.1003
1908-10-23,russia,1.5361
1908-10-23,austria_hungary,0.8416
1908-10-23,germany,0.3744
1908-10-30,france,-0.1166
1908-10-30,russia,1.4889
1908-10-30,austria_hungary,0.8368
1908-10-30,germany,0.3266
1908-11-13,france,-0.1424
1908-11-13,russia,1.4701
1908-11-13,austria_hungary,0.832
1908-11-13,germany,0.3432
1908-11-20,france,-0.1561
1908-11-20,russia,1.4629
1908-11-20,austria_hungary,0.8248
1908-11-20,germany,0.3146
1908-11-27,france,-0.1658
1908-11-27,russia,1.4624
1908-11-27,austria_hungary,0.8103
1908-11-27,germany,0.2789
1908-12-18,france,-0.1853
1908-12-18,russia,1.4313
1908-12-18,austria_hungary,0.8352
1908-12-18,germany,0.2618
1908-12-25,france,-0.1787
1908-12-25,russia,1.4272
1908-12-25,austria_hungary,0.845
1908-12-25,germany,0.2716
1909-01-15,france,-0.1854
1909-01-15,russia,1.5139
1909-01-15,austria_hungary,0.7907
1909-01-15,germany,0.2593
1909-01-22,france,-0.183
1909-01-22,russia,1.5259
1909-01-22,austria_hungary,0.7882
1909-01-22,germany,0.236
1909-01-29,france,-0.1961
1909-01-29,russia,1.5599
1909-01-29,austria_hungary,0.7783
1909-01-29,germany,0.2055
1909-02-19,france,-0.2021
1909-02-19,russia,1.4557
1909-02-19,austria_hungary,0.7763
1909-02-19,germany,0.1842
1909-02-26,france,-0.1839
1909-02-26,russia,1.5026
1909-02-26,austria_hungary,0.7811
1909-02-26,germany,0.2089
1909-03-19,france,-0.1892
1909-03-19,russia,1.4783
1909-03-19,austria_hungary,0.7981
1909-03-19,germany,0.2048
1909-03-26,france,-0.1817
1909-03-26,russia,1.4648
1909-03-26,austria_hungary,0.7715
1909-03-26,germany,0.2194
1909-04-16,france,-0.1568
1909-04-16,russia,1.4071
1909-04-16,austria_hungary,0.8511
1909-04-16,germany,0.2578
1909-04-23,france,-0.152
1909-04-23,russia,1.354
1909-04-23,austria_hungary,0.8511
1909-04-23,germany,0.2782
1909-04-30,france,-0.1449
1909-04-30,russia,1.3149
1909-04-30,austria_hungary,0.8099
1909-04-30,germany,0.2782
1909-05-14,france,-0.141
1909-05-14,russia,1.2907
1909-05-14,austria_hungary,0.824
1909-05-14,germany,0.2924
1909-05-21,france,-0.1607
1909-05-21,russia,1.2512
1909-05-21,austria_hungary,0.8099
1909-05-21,germany,0.2578
1909-05-28,france,-0.1623
1909-05-28,russia,1.2765
1909-05-28,austria_hungary,0.8099
1909-05-28,germany,0.2578
1909-06-18,france,-0.1808
1909-06-18,russia,1.2733
1909-06-18,austria_hungary,0.7811
1909-06-18,germany,0.2495
1909-06-25,france,-0.1729
1909-06-25,russia,1.2709
1909-06-25,austria_hungary,0.7787
1909-06-25,germany,0.2886
1909-07-16,france,-0.1943
1909-07-16,russia,1.2789
1909-07-16,austria_hungary,0.7335
1909-07-16,germany,0.2219
1909-07-23,france,-0.1967
1909-07-23,russia,1.2279
1909-07-23,austria_hungary,0.7335
1909-07-23,germany,0.2219
1909-07-30,france,-0.2073
1909-07-30,russia,1.2411
1909-07-30,austria_hungary,0.7213
1909-07-30,germany,0.2097
1909-08-13,france,-0.2036
1909-08-13,russia,1.2201
1909-08-13,austria_hungary,0.7383
1909-08-13,germany,0.2267
1909-08-20,france,-0.1987
1909-08-20,russia,1.19
1909-08-20,austria_hungary,0.7456
1909-08-20,germany,0.2339
1909-08-27,france,-0.2075
1909-08-27,russia,1.1339
1909-08-27,austria_hungary,0.6987
1909-08-27,germany,0.2267
1909-09-17,france,-0.2179
1909-09-17,russia,1.0951
1909-09-17,austria_hungary,0.6719
1909-09-17,germany,0.2203
1909-09-24,france,-0.229
1909-09-24,russia,1.0633
1909-09-24,austria_hungary,0.6521
1909-09-24,germany,0.2005
1909-10-15,france,-0.2448
1909-10-15,russia,1.0966
1909-10-15,austria_hungary,0.7171
1909-10-15,germany,0.2912
1909-10-22,france,-0.2872
1909-10-22,russia,1.1038
1909-10-22,austria_hungary,0.7121
1909-10-22,germany,0.3081
1909-10-29,france,-0.2956
1909-10-29,russia,1.0963
1909-10-29,austria_hungary,0.7045
1909-10-29,germany,0.2786
1909-11-19,france,-0.2949
1909-11-19,russia,1.1038
1909-11-19,austria_hungary,0.7121
1909-11-19,germany,0.2431
1909-11-26,france,-0.301
1909-11-26,russia,0.9728
1909-11-26,austria_hungary,0.7121
1909-11-26,germany,0.2431
1909-12-17,france,-0.2874
1909-12-17,russia,0.9245
1909-12-17,austria_hungary,0.6692
1909-12-17,germany,0.2406
1909-12-24,france,-0.2876
1909-12-24,russia,0.9548
1909-12-24,austria_hungary,0.6767
1909-12-24,germany,0.2482
1909-12-31,france,-0.2699
1909-12-31,russia,0.9421
1909-12-31,austria_hungary,0.6867
1909-12-31,germany,0.2162
1910-01-14,france,-0.2918
1910-01-14,russia,0.9598
1910-01-14,austria_hungary,0.6817
1910-01-14,germany,0.2112
1910-01-21,france,-0.2893
1910-01-21,russia,0.9623
1910-01-21,austria_hungary,0.6843
1910-01-21,germany,0.2137
1910-01-28,france,-0.3111
1910-01-28,russia,0.9435
1910-01-28,austria_hungary,0.654
1910-01-28,germany,0.1834
1910-02-18,france,-0.3211
1910-02-18,russia,0.8904
1910-02-18,austria_hungary,0.6067
1910-02-18,germany,0.1758
1910-02-25,france,-0.3223
1910-02-25,russia,0.8965
1910-02-25,austria_hungary,0.6016
1910-02-25,germany,0.1915
1910-03-18,france,-0.332
1910-03-18,russia,0.8821
1910-03-18,austria_hungary,0.5758
1910-03-18,germany,0.1868
1910-03-25,france,-0.3372
1910-03-25,russia,0.8768
1910-03-25,austria_hungary,0.5706
1910-03-25,germany,0.1396
1910-04-15,france,-0.3474
1910-04-15,russia,0.9165
1910-04-15,austria_hungary,0.6558
1910-04-15,germany,0.2082
1910-04-22,france,-0.354
1910-04-22,russia,0.8945
1910-04-22,austria_hungary,0.6453
1910-04-22,germany,0.1978
1910-04-29,france,-0.3397
1910-04-29,russia,0.9165
1910-04-29,austria_hungary,0.6558
1910-04-29,germany,0.2082
1910-05-13,france,-0.3239
1910-05-13,russia,0.8965
1910-05-13,austria_hungary,0.6816
1910-05-13,germany,0.2126
1910-05-20,france,-0.3121
1910-05-20,russia,0.8955
1910-05-20,austria_hungary,0.6919
1910-05-20,germany,0.2443
1910-05-27,france,-0.2926
1910-05-27,russia,0.9384
1910-05-27,austria_hungary,0.7121
1910-05-27,germany,0.2645
1910-06-17,france,-0.2924
1910-06-17,russia,0.9017
1910-06-17,austria_hungary,0.6867
1910-06-17,germany,0.2178
1910-06-24,france,-0.2644
1910-06-24,russia,0.9321
1910-06-24,austria_hungary,0.7171
1910-06-24,germany,0.2482
1910-07-15,france,-0.2705
1910-07-15,russia,0.9119
1910-07-15,austria_hungary,0.6969
1910-07-15,germany,0.228
1910-07-22,france,-0.2672
1910-07-22,russia,0.913
1910-07-22,austria_hungary,0.6867
1910-07-22,germany,0.2178
1910-07-29,france,-0.2755
1910-07-29,russia,0.8965
1910-07-29,austria_hungary,0.6816
1910-07-29,germany,0.2126
1910-08-19,france,-0.3113
1910-08-19,russia,0.8882
1910-08-19,austria_hungary,0.6102
1910-08-19,germany,0.203
1910-08-26,france,-0.3066
1910-08-26,russia,0.8882
1910-08-26,austria_hungary,0.6102
1910-08-26,germany,0.203
1910-09-16,france,-0.3402
1910-09-16,russia,0.822
1910-09-16,austria_hungary,0.5891
1910-09-16,germany,0.182
1910-09-23,france,-0.3376
1910-09-23,russia,0.7944
1910-09-23,austria_hungary,0.5839
1910-09-23,germany,0.1983
1910-09-30,france,-0.3404
1910-09-30,russia,0.7837
1910-09-30,austria_hungary,0.5732
1910-09-30,germany,0.1877
1910-10-14,france,-0.322
1910-10-14,russia,0.8285
1910-10-14,austria_hungary,0.6548
1910-10-14,germany,0.2096
1910-10-21,france,-0.3463
1910-10-21,russia,0.8292
1910-10-21,austria_hungary,0.6441
1910-10-21,germany,0.1989
1910-10-28,france,-0.3749
1910-10-28,russia,0.808
1910-10-28,austria_hungary,0.6116
1910-10-28,germany,0.1663
1910-11-18,france,-0.3836
1910-11-18,russia,0.7516
1910-11-18,austria_hungary,0.6116
1910-11-18,germany,0.1663
1910-11-25,france,-0.3954
1910-11-25,russia,0.7461
1910-11-25,austria_hungary,0.6061
1910-11-25,germany,0.1609
1910-12-16,france,-0.3909
1910-12-16,russia,0.7294
1910-12-16,austria_hungary,0.5813
1910-12-16,germany,0.0912
1910-12-23,france,-0.3695
1910-12-23,russia,0.7075
1910-12-23,austria_hungary,0.5813
1910-12-23,germany,0.0912
1910-12-30,france,-0.3695
1910-12-30,russia,0.6967
1910-12-30,austria_hungary,0.5813
1910-12-30,germany,0.0912
1911-01-13,france,-0.3644
1911-01-13,russia,0.713
1911-01-13,austria_hungary,0.5975
1911-01-13,germany,0.0865
1911-01-20,france,-0.3698
1911-01-20,russia,0.7293
1911-01-20,austria_hungary,0.5921
1911-01-20,germany,0.0811
1911-01-27,france,-0.355
1911-01-27,russia,0.7292
1911-01-27,austria_hungary,0.6029
1911-01-27,germany,0.0919
1911-02-17,france,-0.3568
1911-02-17,russia,0.7895
1911-02-17,austria_hungary,0.6083
1911-02-17,germany,0.1182
1911-02-24,france,-0.3339
1911-02-24,russia,0.7997
1911-02-24,austria_hungary,0.6296
1911-02-24,germany,0.1394
1911-03-17,france,-0.32
1911-03-17,russia,0.8318
1911-03-17,austria_hungary,0.6102
1911-03-17,germany,0.1605
1911-03-24,france,-0.2432
1911-03-24,russia,0.8458
1911-03-24,austria_hungary,0.6463
1911-03-24,germany,0.1758
1911-03-31,france,-0.2516
1911-03-31,russia,0.874
1911-03-31,austria_hungary,0.6412
1911-03-31,germany,0.1706
1911-04-14,france,-0.2311
1911-04-14,russia,0.9017
1911-04-14,austria_hungary,0.728
1911-04-14,germany,0.2608
1911-04-21,france,-0.2473
1911-04-21,russia,0.8863
1911-04-21,austria_hungary,0.7126
1911-04-21,germany,0.2454
1911-04-28,france,-0.2713
1911-04-28,russia,0.8768
1911-04-28,austria_hungary,0.6918
1911-04-28,germany,0.203
1911-05-19,france,-0.2698
1911-05-19,russia,0.8201
1911-05-19,austria_hungary,0.661
1911-05-19,germany,0.2134
1911-05-26,france,-0.264
1911-05-26,russia,0.7987
1911-05-26,austria_hungary,0.6506
1911-05-26,germany,0.2246
1911-06-16,france,-0.3399
1911-06-16,russia,0.6651
1911-06-16,austria_hungary,0.5229
1911-06-16,germany,0.177
1911-06-23,france,-0.2916
1911-06-23,russia,0.6597
1911-06-23,austria_hungary,0.5175
1911-06-23,germany,0.1716
1911-06-30,france,-0.3138
1911-06-30,russia,0.6325
1911-06-30,austria_hungary,0.53
1911-06-30,germany,0.1444
1911-07-14,france,-0.3148
1911-07-14,russia,0.6965
1911-07-14,austria_hungary,0.519
1911-07-14,germany,0.1334
1911-07-21,france,-0.337
1911-07-21,russia,0.6635
1911-07-21,austria_hungary,0.4968
1911-07-21,germany,0.0896
1911-07-28,france,-0.341
1911-07-28,russia,0.6467
1911-07-28,austria_hungary,0.48
1911-07-28,germany,0.0945
1911-08-18,france,-0.3532
1911-08-18,russia,0.6523
1911-08-18,austria_hungary,0.4856
1911-08-18,germany,0.1001
1911-08-25,france,-0.3353
1911-08-25,russia,0.6744
1911-08-25,austria_hungary,0.4968
1911-08-25,germany,0.1554
1911-09-15,france,-0.3728
1911-09-15,russia,0.6675
1911-09-15,austria_hungary,0.4459
1911-09-15,germany,0.0822
1911-09-22,france,-0.3656
1911-09-22,russia,0.656
1911-09-22,austria_hungary,0.4748
1911-09-22,germany,0.0707
1911-09-29,france,-0.362
1911-09-29,russia,0.6956
1911-09-29,austria_hungary,0.492
1911-09-29,germany,0.088
1911-10-13,france,-0.3573
1911-10-13,russia,0.7183
1911-10-13,austria_hungary,0.5867
1911-10-13,germany,0.144
1911-10-20,france,-0.3285
1911-10-20,russia,0.7353
1911-10-20,austria_hungary,0.6037
1911-10-20,germany,0.2067
1911-10-27,france,-0.316
1911-10-27,russia,0.713
1911-10-27,austria_hungary,0.6482
1911-10-27,germany,0.2282
1911-11-17,france,-0.3602
1911-11-17,russia,0.6853
1911-11-17,austria_hungary,0.5372
1911-11-17,germany,0.1554
1911-11-24,france,-0.3691
1911-11-24,russia,0.6797
1911-11-24,austria_hungary,0.5729
1911-11-24,germany,0.1498
1911-12-15,france,-0.4185
1911-12-15,russia,0.6286
1911-12-15,austria_hungary,0.5218
1911-12-15,germany,0.0987
1911-12-22,france,-0.391
1911-12-22,russia,0.6228
1911-12-22,austria_hungary,0.516
1911-12-22,germany,0.0929
1911-12-29,france,-0.3785
1911-12-29,russia,0.6286
1911-12-29,austria_hungary,0.5218
1911-12-29,germany,0.0987
1912-01-19,france,-0.3881
1912-01-19,russia,0.679
1912-01-19,austria_hungary,0.539
1912-01-19,germany,0.1383
1912-01-26,france,-0.4029
1912-01-26,russia,0.6787
1912-01-26,austria_hungary,0.5275
1912-01-26,germany,0.1269
1912-02-16,france,-0.332
1912-02-16,russia,0.724
1912-02-16,austria_hungary,0.6372
1912-02-16,germany,0.172
1912-02-23,france,-0.3114
1912-02-23,russia,0.7406
1912-02-23,austria_hungary,0.6006
1912-02-23,germany,0.1775
1912-03-15,france,-0.3538
1912-03-15,russia,0.724
1912-03-15,austria_hungary,0.5616
1912-03-15,germany,0.1723
1912-03-22,france,-0.3291
1912-03-22,russia,0.7754
1912-03-22,austria_hungary,0.556
1912-03-22,germany,0.1553
1912-03-29,france,-0.2912
1912-03-29,russia,0.7521
1912-03-29,austria_hungary,0.5784
1912-03-29,germany,0.1778
1912-04-19,france,-0.2574
1912-04-19,russia,0.8043
1912-04-19,austria_hungary,0.6467
1912-04-19,germany,0.23
1912-04-26,france,-0.3105
1912-04-26,russia,0.7808
1912-04-26,austria_hungary,0.6579
1912-04-26,germany,0.2412
1912-05-17,france,-0.328
1912-05-17,russia,0.7639
1912-05-17,austria_hungary,0.6194
1912-05-17,germany,0.2244
1912-05-24,france,-0.3495
1912-05-24,russia,0.7354
1912-05-24,austria_hungary,0.6024
1912-05-24,germany,0.2073
1912-05-31,france,-0.3353
1912-05-31,russia,0.7297
1912-05-31,austria_hungary,0.5867
1912-05-31,germany,0.213
1912-06-14,france,-0.3965
1912-06-14,russia,0.638
1912-06-14,austria_hungary,0.5078
1912-06-14,germany,0.1788
1912-06-21,france,-0.355
1912-06-21,russia,0.6493
1912-06-21,austria_hungary,0.5503
1912-06-21,germany,0.1788
1912-06-28,france,-0.3614
1912-06-28,russia,0.6664
1912-06-28,austria_hungary,0.5562
1912-06-28,germany,0.1611
1912-07-19,france,-0.4534
1912-07-19,russia,0.609
1912-07-19,austria_hungary,0.42
1912-07-19,germany,0.0699
1912-07-26,france,-0.4411
1912-07-26,russia,0.609
1912-07-26,austria_hungary,0.42
1912-07-26,germany,0.0699
1912-08-16,france,-0.3956
1912-08-16,russia,0.6357
1912-08-16,austria_hungary,0.4392
1912-08-16,germany,0.1312
1912-08-23,france,-0.3941
1912-08-23,russia,0.6592
1912-08-23,austria_hungary,0.4513
1912-08-23,germany,0.1432
1912-08-30,france,-0.4001
1912-08-30,russia,0.6417
1912-08-30,austria_hungary,0.4873
1912-08-30,germany,0.1372
1912-09-13,france,-0.457
1912-09-13,russia,0.5744
1912-09-13,austria_hungary,0.42
1912-09-13,germany,0.0938
1912-09-20,france,-0.425
1912-09-20,russia,0.5744
1912-09-20,austria_hungary,0.42
1912-09-20,germany,0.0938
1912-09-27,france,-0.4187
1912-09-27,russia,0.5681
1912-09-27,austria_hungary,0.4138
1912-09-27,germany,0.0875
1912-10-18,france,-0.4236
1912-10-18,russia,0.7337
1912-10-18,austria_hungary,0.5871
1912-10-18,germany,0.1354
1912-10-25,france,-0.4172
1912-10-25,russia,0.7912
1912-10-25,austria_hungary,0.5936
1912-10-25,germany,0.0919
1912-11-15,france,-0.3183
1912-11-15,russia,0.7775
1912-11-15,austria_hungary,0.6587
1912-11-15,germany,0.2537
1912-11-22,france,-0.3206
1912-11-22,russia,0.7472
1912-11-22,austria_hungary,0.6527
1912-11-22,germany,0.1977
1912-11-29,france,-0.3151
1912-11-29,russia,0.796
1912-11-29,austria_hungary,0.6527
1912-11-29,germany,0.2477
1912-12-13,france,-0.3623
1912-12-13,russia,0.7718
1912-12-13,austria_hungary,0.6036
1912-12-13,germany,0.1986
1912-12-20,france,-0.3081
1912-12-20,russia,0.7655
1912-12-20,austria_hungary,0.6689
1912-12-20,germany,0.2172
1912-12-27,france,-0.2992
1912-12-27,austria_hungary,0.6873
1912-12-27,germany,0.2355
1913-01-17,france,-0.3053
1913-01-17,russia,0.7289
1913-01-17,austria_hungary,0.6344
1913-01-17,germany,0.1795
1913-01-24,france,-0.3072
1913-01-24,russia,0.741
1913-01-24,austria_hungary,0.6344
1913-01-24,germany,0.2043
1913-01-31,france,-0.2955
1913-01-31,russia,0.723
1913-01-31,austria_hungary,0.6405
1913-01-31,germany,0.2104
1913-02-14,france,-0.3205
1913-02-14,russia,0.6923
1913-02-14,austria_hungary,0.6098
1913-02-14,germany,0.1797
1913-02-21,france,-0.3205
1913-02-21,russia,0.7286
1913-02-21,austria_hungary,0.6098
1913-02-21,germany,0.2048
1913-02-28,france,-0.302
1913-02-28,russia,0.7349
1913-02-28,austria_hungary,0.6283
1913-02-28,germany,0.2488
1913-03-14,france,-0.3707
1913-03-14,russia,0.6662
1913-03-14,austria_hungary,0.6063
1913-03-14,germany,0.1546
1913-03-21,france,-0.312
1913-03-21,russia,0.6789
1913-03-21,austria_hungary,0.619
1913-03-21,germany,0.2447
1913-03-28,france,-0.2654
1913-03-28,russia,0.6923
1913-03-28,austria_hungary,0.6566
1913-03-28,germany,0.2303
1913-04-18,france,-0.1924
1913-04-18,russia,0.741
1913-04-18,austria_hungary,0.7289
1913-04-18,germany,0.2807
1913-04-25,france,-0.1823
1913-04-25,russia,0.7471
1913-04-25,austria_hungary,0.735
1913-04-25,germany,0.2868
1913-05-16,france,-0.1232
1913-05-16,russia,0.7593
1913-05-16,austria_hungary,0.796
1913-05-16,germany,0.2989
1913-05-23,france,-0.1824
1913-05-23,russia,0.7593
1913-05-23,austria_hungary,0.7717
1913-05-23,germany,0.2746
1913-05-30,france,-0.164
1913-05-30,russia,0.7779
1913-05-30,austria_hungary,0.7655
1913-05-30,germany,0.2684
1913-06-13,france,-0.2122
1913-06-13,russia,0.7465
1913-06-13,austria_hungary,0.7976
1913-06-13,germany,0.2521
1913-06-20,france,-0.1978
1913-06-20,russia,0.7399
1913-06-20,austria_hungary,0.8306
1913-06-20,germany,0.2869
1913-06-27,france,-0.1935
1913-06-27,russia,0.7591
1913-06-27,austria_hungary,0.837
1913-06-27,germany,0.2934
1913-07-18,france,-0.1977
1913-07-18,russia,0.7211
1913-07-18,austria_hungary,0.7848
1913-07-18,germany,0.2934
1913-07-25,france,-0.2188
1913-07-25,russia,0.6838
1913-07-25,austria_hungary,0.7848
1913-07-25,germany,0.2934
1913-08-15,france,-0.3245
1913-08-15,russia,0.7282
1913-08-15,austria_hungary,0.6316
1913-08-15,germany,0.2838
1913-08-22,france,-0.3052
1913-08-22,russia,0.7159
1913-08-22,austria_hungary,0.5849
1913-08-22,germany,0.2838
1913-08-29,france,-0.3234
1913-08-29,russia,0.704
1913-08-29,austria_hungary,0.5974
1913-08-29,germany,0.2963
1913-09-19,france,-0.3586
1913-09-19,russia,0.6554
1913-09-19,austria_hungary,0.6316
1913-09-19,germany,0.1799
1913-09-26,france,-0.3568
1913-09-26,russia,0.6605
1913-09-26,austria_hungary,0.6127
1913-09-26,germany,0.161
1913-10-17,france,-0.3489
1913-10-17,russia,0.7208
1913-10-17,austria_hungary,0.6709
1913-10-17,germany,0.2264
1913-10-24,france,-0.3521
1913-10-24,russia,0.7078
1913-10-24,austria_hungary,0.7078
1913-10-24,germany,0.2134
1913-10-31,france,-0.3346
1913-10-31,russia,0.7783
1913-10-31,austria_hungary,0.7273
1913-10-31,germany,0.1802
1913-11-14,france,-0.3377
1913-11-14,russia,0.6892
1913-11-14,austria_hungary,0.7654
1913-11-14,germany,0.1673
1913-11-21,france,-0.3114
1913-11-21,russia,0.6957
1913-11-21,austria_hungary,0.7719
1913-11-21,germany,0.1738
1913-11-28,france,-0.3005
1913-11-28,russia,0.7337
1913-11-28,austria_hungary,0.7848
1913-11-28,germany,0.1867
1913-12-19,france,-0.3474
1913-12-19,russia,0.6533
1913-12-19,austria_hungary,0.6279
1913-12-19,germany,0.0809
1913-12-26,france,-0.3107
1913-12-26,austria_hungary,0.6749
1913-12-26,germany,0.1279
1914-01-16,france,-0.3047
1914-01-16,russia,0.7783
1914-01-16,austria_hungary,0.7013
1914-01-16,germany,0.1543
1914-01-23,france,-0.2199
1914-01-23,russia,0.7845
1914-01-23,austria_hungary,0.7719
1914-01-23,germany,0.1736
1914-01-30,france,-0.1162
1914-01-30,russia,0.8878
1914-01-30,austria_hungary,0.8379
1914-01-30,germany,0.1909
1914-02-13,france,-0.1041
1914-02-13,russia,0.946
1914-02-13,austria_hungary,0.7994
1914-02-13,germany,0.2491
1914-02-20,france,-0.167
1914-02-20,russia,0.8878
1914-02-20,austria_hungary,0.7413
1914-02-20,germany,0.1909
1914-02-27,france,-0.1781
1914-02-27,russia,0.876
1914-02-27,austria_hungary,0.7294
1914-02-27,germany,0.179
1914-03-13,france,-0.2314
1914-03-13,russia,0.8774
1914-03-13,austria_hungary,1.1195
1914-03-13,germany,0.2038
1914-03-20,france,-0.1983
1914-03-20,russia,0.8653
1914-03-20,austria_hungary,1.1074
1914-03-20,germany,0.1917
1914-03-27,france,-0.1721
1914-03-27,russia,0.8894
1914-03-27,austria_hungary,0.8141
1914-03-27,germany,0.1671
1914-04-17,france,-0.1622
1914-04-17,russia,0.9733
1914-04-17,austria_hungary,0.9733
1914-04-17,germany,0.2218
1914-04-24,france,-0.2046
1914-04-24,russia,0.9515
1914-04-24,austria_hungary,1.0891
1914-04-24,germany,0.2233
1914-05-15,france,-0.2079
1914-05-15,russia,0.9371
1914-05-15,austria_hungary,1.1013
1914-05-15,germany,0.2355
1914-05-22,france,-0.1967
1914-05-22,russia,0.8863
1914-05-22,austria_hungary,1.0768
1914-05-22,germany,0.211
1914-05-29,france,-0.2083
1914-05-29,russia,0.9109
1914-05-29,austria_hungary,0.9906
1914-05-29,germany,0.2355
1914-06-19,france,-0.1267
1914-06-19,russia,0.8727
1914-06-19,austria_hungary,1.1465
1914-06-19,germany,0.2233
1914-06-26,france,-0.0742
1914-06-26,russia,0.8849
1914-06-26,austria_hungary,1.0453
1914-06-26,germany,0.2355
1914-07-17,france,-0.0034
1914-07-17,russia,0.9999
1914-07-17,austria_hungary,1.3139
1914-07-17,germany,0.2972
1914-07-24,france,0.0295
1914-07-24,russia,1.1013
1914-07-24,austria_hungary,1.3394
1914-07-24,germany,0.2868
1914-07-31,france,-0.2643
1914-07-31,russia,1.1626
1914-07-31,austria_hungary,1.2275
1914-07-31,germany,0.2089
