product_id,name,mechanism,subcategory,material,price,width_in,depth_in,height_in,features,url,first_seen,last_seen
1210312,4Z-Serenity Zone Performance Fabric Triple Power Lift Recliner,lift,Recliners,performance,1699.99,36.5 in.,39.25 in.,44.75 in.,,https://www.ashleyfurniture.com/p/4z-serenity_zone_power_lift_recliner/1210312.html,2026-07-19T11:24:42,2026-08-21T08:47:03
U1090013,5Z-Relaxation Dual Power Leather Recliner,standard,Recliners,leather,1999.99,41.38 in.,41 in.,43 in.,,https://www.ashleyfurniture.com/p/5z-relaxation_power_recliner/U1090013.html,2026-07-19T11:24:42,2026-08-21T08:47:03
U1090213,5Z-Relaxation Dual Power Leather Recliner,standard,Recliners,leather,1999.99,41.38 in.,41 in.,43 in.,,https://www.ashleyfurniture.com/p/5z-relaxation_power_recliner/U1090213.html,2026-07-19T20:17:17,2026-07-19T20:17:17
9360582,Acklen Place Next-Gen Nuvella™ Performance Fabric Dual Power Oversized Recliner,standard,Recliners,performance,999.99,52 in.,42 in.,42 in.,,https://www.ashleyfurniture.com/p/acklen_place_oversized_power_recliner/9360582.html,2026-07-19T10:47:01,2026-08-21T08:47:03
A3000738,Alainmont Next-Gen Nuvella™ Performance Fabric Power Swivel Recliner,glider,Recliners,performance,799.99,44 in.,38.5 in.,43 in.,,https://www.ashleyfurniture.com/p/alainmont_next-gen_nuvella_swivel_power_recliner/A3000738.html,2026-07-19T11:24:42,2026-08-21T08:47:03
U2550113,Alessandro Oversized Dual Power Leather Recliner,standard,Recliners,leather,749.99,48 in.,40 in.,41 in.,,https://www.ashleyfurniture.com/p/alessandro_power_recliner/U2550113.html,2026-07-19T11:24:42,2026-08-21T08:47:03
2820125,Alphons Manual Rocker Recliner,rocker,Recliners,unknown,549.99,39 in.,41 in.,41 in.,,https://www.ashleyfurniture.com/p/alphons_recliner/2820125.html,2026-07-19T11:24:42,2026-08-21T08:47:03
8721325,Altari Manual Recliner,standard,Recliners,unknown,529.99,34 in.,39 in.,40 in.,,https://www.ashleyfurniture.com/p/altari_recliner/8721325.html,2026-07-19T11:24:42,2026-08-21T08:47:03
U600001794,AmaMedic Hilux 4D Massage Chair,standard,Recliners,unknown,8999.0,31.8 in.,62.2 in.,47.6 in.,,https://www.ashleyfurniture.com/p/amamedic_amamedic_hilux_4d_massage_chair/U600001794.html,2026-07-19T11:24:42,2026-08-21T08:47:03
U600003967,Amamedic Revive Massage Chair,standard,Recliners,performance,3499.0,31.5 in.,66.5 in.,48 in.,,https://www.ashleyfurniture.com/p/amamedic_revive_massage_chair/U600003967.html,2026-07-19T11:24:42,2026-08-17T08:12:28
1790212,Aureta Next-Gen Nuvella™ Performance Fabric Power Lift Recliner,lift,Recliners,performance,849.99,39 in.,43 in.,41 in.,,https://www.ashleyfurniture.com/p/aureta_power_lift_recliner/1790212.html,2026-07-19T11:24:42,2026-08-21T08:47:03
2430325,Aviemore Manual Recliner,standard,Recliners,unknown,429.99,34 in.,39 in.,40 in.,,https://www.ashleyfurniture.com/p/aviemore_recliner/2430325.html,2026-07-19T13:17:13,2026-08-21T08:47:03
B600001006,Baby Relax Mikayla Swivel Glider Nursery Recliner,glider,Nursery Gliders,unknown,529.99,29.25 in.,37 in.,41.5 in.,,https://www.ashleyfurniture.com/p/baby_relax_mikayla_nursery_swivel_glider_recliner_chair/B600001006.html,2026-07-19T11:24:42,2026-08-21T08:47:03
U600001846,Baby Relax Robyn Glider Recliner,glider,Nursery Gliders,unknown,449.99,29.5 in.,37.5 in.,40.25 in.,,https://www.ashleyfurniture.com/p/atwater_living_billie_rocker_recliner/U600001846.html,2026-07-19T11:24:42,2026-08-21T08:47:03
B600009722,Baby Relax Rylan Swivel Glider Nursery Recliner,glider,Nursery Gliders,unknown,499.99,32 in.,38.5 in.,39 in.,,https://www.ashleyfurniture.com/p/baby_relax_rufus_swivel_glider_nursery_recliner/B600009722.html,2026-07-19T11:24:42,2026-08-21T08:47:03
B600012570,Baby Relax Terrin Swivel Manual Recliner,glider,Nursery Gliders,unknown,465.99,34 in.,36 in.,39.5 in.,,https://www.ashleyfurniture.com/p/baby_relax_terrin_swivel_manual_recliner/B600012570.html,2026-07-19T11:24:42,2026-08-21T08:47:03
B600009716,Baby Relax Tiana Swivel Gliding Nursery Recliner,glider,Nursery Gliders,unknown,363.99,35.5 in.,36.5 in.,39.5 in.,,https://www.ashleyfurniture.com/p/baby_relax_mabel_swivel_gliding_nursery_recliner/B600009716.html,2026-07-19T11:24:42,2026-08-21T08:47:03
3320298,Barnsana Power Recliner,standard,Clearance Furniture,unknown,549.99,39 in.,41 in.,40 in.,,https://www.ashleyfurniture.com/p/barnsana_power_recliner/3320298.html,2026-07-19T11:24:42,2026-08-21T08:47:03
U6450613,Beadel Dual Power Leather Recliner,standard,Recliners,leather,1199.99,42 in.,44 in.,43 in.,,https://www.ashleyfurniture.com/p/beadel_power_recliner/U6450613.html,2026-07-19T11:24:42,2026-08-18T08:53:53
U1200013,Beryton Dual Power Leather Recliner,standard,Recliners,leather,1199.99,38 in.,41 in.,43 in.,,https://www.ashleyfurniture.com/p/beryton_power_recliner/U1200013.html,2026-07-19T11:24:42,2026-08-21T08:47:03
9050313,Biscoe Next-Gen Nuvella™ Next-Gen Nuvella™ Performance Fabric Dual Power Recliner,standard,Recliners,performance,949.99,41 in.,43 in.,42 in.,,https://www.ashleyfurniture.com/p/biscoe_power_recliner/9050313.html,2026-07-19T11:24:42,2026-08-21T08:47:03
6030529,Bladewood Manual Recliner,standard,Recliners,unknown,399.99,33 in.,40 in.,40 in.,,https://www.ashleyfurniture.com/p/bladewood_recliner/6030529.html,2026-07-19T11:24:42,2026-08-21T08:47:03
5560325,Bolsena Manual Leather Recliner,standard,Recliners,leather,799.99,35 in.,40 in.,38 in.,,https://www.ashleyfurniture.com/p/bolsena_recliner/5560325.html,2026-07-19T11:24:42,2026-08-21T08:47:03
U1310098,Boxmere Power Leather Recliner,standard,Recliners,leather,699.99,37 in.,38 in.,39 in.,,https://www.ashleyfurniture.com/p/boxmere_power_recliner/U1310098.html,2026-07-19T11:24:42,2026-08-21T08:47:03
U2710413,Boyington Dual Power Leather Recliner,standard,Recliners,leather,1699.99,38.25 in.,40 in.,44.5 in.,,https://www.ashleyfurniture.com/p/boyington_power_recliner/U2710413.html,2026-07-19T11:24:42,2026-08-21T08:47:03
U2710613,Boyington Dual Power Leather Recliner,standard,Recliners,leather,1699.99,38.25 in.,40 in.,44.5 in.,,https://www.ashleyfurniture.com/p/boyington_power_recliner/U2710613.html,2026-07-19T20:17:17,2026-07-19T20:17:17
U2710513,Boyington Dual Power Leather Recliner,standard,Recliners,leather,1699.99,38.25 in.,40 in.,44.5 in.,,https://www.ashleyfurniture.com/p/boyington_power_recliner/U2710513.html,2026-07-19T20:17:17,2026-07-19T20:17:17
9970525,Bristaview Manual Rocker Recliner,rocker,Recliners,unknown,339.99,35 in.,40 in.,38 in.,,https://www.ashleyfurniture.com/p/bristaview_recliner/9970525.html,2026-07-19T11:24:42,2026-08-21T08:47:03
6570729,Camera Time Oversized Manual Recliner,standard,Recliners,unknown,649.99,45 in.,43 in.,47 in.,,https://www.ashleyfurniture.com/p/camera_time_recliner/6570729.html,2026-07-19T11:24:42,2026-08-21T08:47:03
B600010434,Carter's by DaVinci Ethan Swivel Recliner,glider,Nursery Gliders,unknown,499.0,34 in.,37.75 in.,40.5 in.,,https://www.ashleyfurniture.com/p/carters_by_davinci_ethan_swivel_recliner/B600010434.html,2026-07-19T11:24:42,2026-08-21T08:47:03
B600002268,Carter's by Davinci Arlo Swivel Recliner Glider,glider,Nursery Gliders,unknown,599.0,29 in.,38 in.,41.5 in.,,https://www.ashleyfurniture.com/p/carters_by_davinci_carters_by_davinci_arlo_swivel_recliner_glider/B600002268.html,2026-07-19T11:24:42,2026-08-21T08:47:03
B600012573,Carter's by daVinci Arlo Manual Recliner,standard,Nursery Gliders,unknown,649.0,29 in.,38 in.,41.5 in.,,https://www.ashleyfurniture.com/p/carters_by_davinci_arlo_manual_recliner/B600012573.html,2026-07-19T11:24:42,2026-08-21T08:47:03
B600012429,Carter's by daVinci Arlo Manual Swivel Recliner,glider,Nursery Gliders,unknown,649.0,29 in.,38 in.,41.5 in.,,https://www.ashleyfurniture.com/p/carters_by_davinci_arlo_manual_swivel_recliner/B600012429.html,2026-07-19T11:24:42,2026-08-21T08:47:03
8680315P,Chalmers Power Gliding Chaise,glider,Chaise Lounge,unknown,899.99,50 in.,48 in.,44 in.,,https://www.ashleyfurniture.com/p/chalmers_power_gliding_chaise/8680315P.html,2026-07-19T11:24:42,2026-08-21T08:47:03
5210725,Colleton Manual Leather Recliner,standard,Recliners,leather,799.99,41 in.,43 in.,41 in.,,https://www.ashleyfurniture.com/p/colleton_recliner/5210725.html,2026-07-19T11:24:42,2026-08-21T08:47:03
8240612,Created Comfort Power Lift Recliner,lift,Recliners,unknown,899.99,46 in.,44 in.,42 in.,,https://www.ashleyfurniture.com/p/created_comfort_power_lift_recliner/8240612.html,2026-07-19T11:24:42,2026-08-21T08:47:03
1350312,Crestmeade Power Lift Recliner,lift,Recliners,unknown,749.99,35 in.,40 in.,42 in.,,https://www.ashleyfurniture.com/p/crestmeade_power_lift_recliner/1350312.html,2026-07-19T11:24:42,2026-08-21T08:47:03
B600011610,DaVinci Maddox Leather Swivel Glider and Recliner,glider,Nursery Gliders,leather,499.0,28.75 in.,37 in.,42 in.,,https://www.ashleyfurniture.com/p/davinci_maddox_leather_swivel_glider_and_recliner/B600011610.html,2026-07-19T13:17:13,2026-08-21T08:47:03
B600011391,DaVinci Piper Recliner and Swivel Glider,glider,Nursery Gliders,unknown,349.0,30.5 in.,34 in.,39.5 in.,,https://www.ashleyfurniture.com/p/davinci_piper_recliner_and_swivel_glider/B600011391.html,2026-07-19T11:24:42,2026-08-21T08:47:03
B600012554,DaVinci Suzy Flex Manual Swivel Glider Recliner,glider,Nursery Gliders,unknown,409.9,34 in.,37 in.,41 in.,,https://www.ashleyfurniture.com/p/davinci_suzy_flex_manual_swivel_glider_recliner/B600012554.html,2026-07-19T11:24:42,2026-08-21T08:47:03
B600011602,DaVinci Suzy Power Swivel Glider and Recliner,glider,Nursery Gliders,unknown,599.0,34 in.,36.25 in.,41 in.,,https://www.ashleyfurniture.com/p/davinci_suzy_power_swivel_glider_and_recliner/B600011602.html,2026-07-19T13:17:13,2026-08-21T08:47:03
B600010458,DaVinci Suzy Swivel Glider Recliner,glider,Nursery Gliders,unknown,399.0,34 in.,36 in.,40.5 in.,,https://www.ashleyfurniture.com/p/davinci_suzy_swivel_glider_recliner/B600010458.html,2026-07-19T11:24:42,2026-08-21T08:47:03
U1320098,Dahlmoore Power Leather Recliner,standard,Recliners,leather,1099.99,39 in.,42 in.,40 in.,,https://www.ashleyfurniture.com/p/dahlmoore_power_recliner/U1320098.html,2026-07-19T11:24:42,2026-08-21T08:47:03
U1170025,Danemere Manual Leather Recliner,standard,Recliners,leather,799.99,37 in.,40 in.,40 in.,,https://www.ashleyfurniture.com/p/danemere_recliner/U1170025.html,2026-07-18T23:07:25,2026-08-21T08:47:03
3880529,Danum Manual Recliner,standard,Recliners,unknown,549.99,39 in.,40 in.,41 in.,,https://www.ashleyfurniture.com/p/danum_recliner/3880529.html,2026-07-19T13:17:13,2026-08-21T08:47:03
7500525,Darcy Manual Recliner,standard,Recliners,unknown,469.99,33 in.,42 in.,42 in.,,https://www.ashleyfurniture.com/p/darcy_recliner/7500525.html,2026-07-19T10:47:01,2026-08-21T08:47:03
B600011334,Delta Children Mercer Electronic Power Recliner and Swivel Glider,glider,Nursery Gliders,unknown,493.99,26.5 in.,34.75 in.,38.5 in.,,https://www.ashleyfurniture.com/p/delta_children_mercer_electronic_power_recliner_and_swivel_glider/B600011334.html,2026-07-19T11:24:42,2026-08-21T08:47:03
B600011336,Delta Children Nest Nursery Swivel Recliner,glider,Nursery Gliders,unknown,494.99,29.25 in.,35.5 in.,42.5 in.,,https://www.ashleyfurniture.com/p/delta_children_nest_nursery_swivel_recliner/B600011336.html,2026-07-19T11:24:42,2026-08-21T08:47:03
U600001391,Docker Manual Push Back Recliner,standard,Labor Day Living Room Furniture Sale 2026,unknown,370.99,34 in.,34.5 in.,41.5 in.,,https://www.ashleyfurniture.com/p/madison_park_kirby_push_back_recliner/U600001391.html,2026-07-19T11:24:42,2026-08-18T08:53:53
U1340061,Dolinger Manual Leather Swivel Glider Recliner,glider,Recliners,leather,749.99,35 in.,40 in.,42 in.,,https://www.ashleyfurniture.com/p/dolinger_swivel_glider_recliner/U1340061.html,2026-07-19T11:24:42,2026-08-18T08:53:53
U600000886,Dormi Manual Recliner,standard,Recliners,unknown,339.99,24.5 in.,34.5 in.,40.5 in.,,https://www.ashleyfurniture.com/p/dormi_faux_leather_contemporary_recliner/U600000886.html,2026-07-19T11:24:42,2026-08-21T08:47:03
7650425,Draycoll Manual Rocker Recliner,rocker,Recliners,unknown,599.99,42 in.,40 in.,40 in.,,https://www.ashleyfurniture.com/p/draycoll_recliner/7650425.html,2026-07-19T11:24:42,2026-08-21T08:47:03
7650498,Draycoll Power Recliner,standard,Recliners,unknown,699.99,42 in.,40 in.,40 in.,,https://www.ashleyfurniture.com/p/draycoll_power_recliner/7650498.html,2026-07-19T11:24:42,2026-08-21T08:47:03
U1160213A,Dreamer Dual Power Leather Recliner with Audio Seating,standard,Recliners,leather,2199.99,38.25 in.,40.5 in.,44.5 in.,,https://www.ashleyfurniture.com/p/dreamer_power_recliner_with_audio_seating/U1160213A.html,2026-07-19T11:24:42,2026-08-21T08:47:03
1380525,Edenwold Manual Recliner,standard,Recliners,unknown,449.99,39 in.,40 in.,40 in.,,https://www.ashleyfurniture.com/p/edenwold_recliner/1380525.html,2026-07-19T11:24:42,2026-08-21T08:47:03
U600003586,Enouvation E5 Power Pack,standard,Living Room Reclining Furniture,unknown,329.0,4.7 in.,4.2 in.,2 in.,,https://www.ashleyfurniture.com/p/enouvation_e5_power_pack/U600003586.html,2026-07-19T11:24:42,2026-08-21T08:47:03
U600003584,Enouvation E5 Power Pack 2 Seat Bundle,standard,Living Room Reclining Furniture,unknown,359.0,78.7 in.,0.25 in.,0.25 in.,,https://www.ashleyfurniture.com/p/enouvation_e5_power_pack_2_seat_bundle/U600003584.html,2026-07-19T11:24:42,2026-08-21T08:47:03
U600003585,Enouvation E5 Power Pack 3 Seat Bundle,standard,Living Room Reclining Furniture,unknown,369.0,78.7 in.,0.25 in.,0.25 in.,,https://www.ashleyfurniture.com/p/enouvation_e5_power_pack_3_seat_bundle/U600003585.html,2026-07-19T11:24:42,2026-08-21T08:47:03
5430425,Evereast Pass Manual Recliner,standard,Recliners,unknown,799.99,40 in.,40 in.,40 in.,,https://www.ashleyfurniture.com/p/evereast_pass_recliner/5430425.html,2026-07-19T11:24:42,2026-08-18T08:53:53
6620513,Feazada Dual Power Recliner,standard,Recliners,unknown,749.99,37 in.,34 in.,42 in.,,https://www.ashleyfurniture.com/p/feazada_power_recliner/6620513.html,2026-07-19T10:47:01,2026-08-21T08:47:03
6880425,First Base Manual Recliner,standard,Recliners,unknown,599.99,37 in.,40 in.,41 in.,,https://www.ashleyfurniture.com/p/first_base_recliner/6880425.html,2026-07-19T13:17:13,2026-08-21T08:47:03
9022042A,Flinlock Triple Power Glider Recliner with Audio System,glider,Recliners,unknown,1399.99,36.25 in.,38.5 in.,41.5 in.,,https://www.ashleyfurniture.com/p/flinlock_power_glider_recliner_with_audio_system/9022042A.html,2026-07-19T11:24:42,2026-08-21T08:47:03
3810425,Foreside Next-Gen Nuvella™ Performance Fabric Manual Rocker Recliner,rocker,Recliners,performance,599.99,41 in.,43 in.,44 in.,,https://www.ashleyfurniture.com/p/foreside_recliner/3810425.html,2026-07-18T23:07:25,2026-08-21T08:47:03
4980213,Forest Lake Next-Gen Nuvella™ Performance Fabric Dual Power Recliner,standard,Recliners,performance,1199.99,40 in.,40 in.,42 in.,,https://www.ashleyfurniture.com/p/forest_lake_power_recliner/4980213.html,2026-07-19T11:24:42,2026-08-17T08:12:28
3740625,Frohn Manual Rocker Recliner,rocker,Recliners,unknown,549.99,43 in.,40 in.,42 in.,,https://www.ashleyfurniture.com/p/frohn_recliner/3740625.html,2026-07-19T11:24:42,2026-08-18T08:53:53
3660213,Fyne-Dyme Dual Power Recliner,standard,Recliners,unknown,1099.99,38 in.,43 in.,43 in.,,https://www.ashleyfurniture.com/p/fyne-dyme_power_recliner/3660213.html,2026-07-19T11:24:42,2026-08-21T08:47:03
B600012743,Graco Bellwood Power Swivel Glider Recliner,glider,Nursery Gliders,unknown,599.99,36.22 in.,27.56 in.,41.73 in.,,https://www.ashleyfurniture.com/p/graco_bellwood_power_swivel_glider_recliner/B600012743.html,2026-07-19T11:24:42,2026-08-21T08:47:03
9880282,Grafton Pike Dual Power Recliner,standard,Recliners,unknown,799.99,50 in.,39 in.,43 in.,,https://www.ashleyfurniture.com/p/grafton_pike_power_recliner/9880282.html,2026-07-19T11:24:42,2026-08-21T08:47:03
2140598,Greely Bend Power Recliner,standard,Recliners,unknown,949.99,38 in.,40 in.,41 in.,,https://www.ashleyfurniture.com/p/greely_bend_power_recliner/2140598.html,2026-07-19T11:24:42,2026-08-21T08:47:03
U1120413,Healy Pier Dual Power Leather Recliner,standard,Recliners,leather,1399.99,44.25 in.,40 in.,42.25 in.,,https://www.ashleyfurniture.com/p/healy_pier_power_recliner/U1120413.html,2026-07-19T11:24:42,2026-08-21T08:47:03
B600010510,Hemingway Swivel Recliner,glider,Nursery Gliders,unknown,470.99,30 in.,39 in.,40 in.,,https://www.ashleyfurniture.com/p/hemingway_swivel_recliner/B600010510.html,2026-07-19T11:24:42,2026-08-21T08:47:03
U1060113,High Impact Dual Power Leather Recliner,standard,Recliners,leather,1399.99,36.75 in.,40.25 in.,43.5 in.,,https://www.ashleyfurniture.com/p/high_impact_power_recliner/U1060113.html,2026-07-18T23:07:25,2026-08-21T08:47:03
U600004014,INK+IVY Dakota Power Recliner,standard,Recliners,unknown,482.99,30 in.,37 in.,40.5 in.,,https://www.ashleyfurniture.com/p/inkivy_dakota_power_recliner/U600004014.html,2026-07-19T11:24:42,2026-08-21T08:47:03
5390213,Jasperson Next-Gen Nuvella™ Performance Fabric Dual Power Recliner,standard,Recliners,performance,949.99,41 in.,43 in.,42 in.,,https://www.ashleyfurniture.com/p/jasperson_power_recliner/5390213.html,2026-07-19T10:47:01,2026-08-21T08:47:03
3860525,Kanlow Manual Rocker Recliner,rocker,Recliners,unknown,499.99,39 in.,40 in.,40 in.,,https://www.ashleyfurniture.com/p/kanlow_recliner/3860525.html,2026-07-19T11:24:42,2026-08-21T08:47:03
4450425,Kegler Manual Rocker Recliner,rocker,Recliners,unknown,449.99,39 in.,45 in.,42 in.,,https://www.ashleyfurniture.com/p/kegler_recliner/4450425.html,2026-07-19T11:24:42,2026-08-21T08:47:03
6450625,Knoxlee Manual Rocker Recliner,rocker,Recliners,unknown,599.99,45 in.,41 in.,44 in.,,https://www.ashleyfurniture.com/p/knoxlee_recliner/6450625.html,2026-07-19T11:24:42,2026-08-21T08:47:03
9930642A,Landdin Next-Gen Nuvella™ Performance Fabric Triple Power Glider Recliner with Audio System,glider,Recliners,performance,1399.99,36.25 in.,38.5 in.,41.5 in.,,https://www.ashleyfurniture.com/p/landdin_power_glider_recliner_with_audio_system/9930642A.html,2026-07-19T11:24:42,2026-08-21T08:47:03
3720352,Laresview Oversized Manual Recliner,standard,Living Room Reclining Furniture,unknown,649.99,56 in.,42 in.,43 in.,,https://www.ashleyfurniture.com/p/laresview_oversized_recliner/3720352.html,2026-07-19T10:47:01,2026-08-18T08:53:53
6330625,Lavenhorne Manual Recliner,standard,Recliners,unknown,699.99,40 in.,42 in.,43 in.,,https://www.ashleyfurniture.com/p/lavenhorne_recliner/6330625.html,2026-07-19T11:24:42,2026-08-21T08:47:03
U4380898,Leesworth Power Leather Recliner,standard,Recliners,leather,1099.99,41 in.,41 in.,41 in.,,https://www.ashleyfurniture.com/p/leesworth_power_recliner/U4380898.html,2026-07-19T11:24:42,2026-08-21T08:47:03
U4380998,Leesworth Power Leather Recliner,standard,Leesworth Collection,leather,1099.99,41 in.,41 in.,41 in.,,https://www.ashleyfurniture.com/p/leesworth_power_recliner/U4380998.html,2026-07-19T20:17:17,2026-07-19T20:17:17
U600001389,Lenox Manual Push Back Recliner,standard,Recliners,unknown,768.99,31.5 in.,34.6 in.,38.2 in.,,https://www.ashleyfurniture.com/p/madison_park_julian_push_back_recliner/U600001389.html,2026-07-19T13:17:13,2026-08-21T08:47:03
A600085796,LumiSource Stanley Manual Recliner,standard,Recliners,unknown,351.99,27.5 in.,34 in.,41.5 in.,,https://www.ashleyfurniture.com/p/lumisource_stanley_manual_recliner/A600085796.html,2026-07-19T11:24:42,2026-08-21T08:47:03
U600004012,Madison Park Aidan Manual Recliner,standard,Recliners,unknown,567.99,32.25 in.,38 in.,40.5 in.,,https://www.ashleyfurniture.com/p/madison_park_aidan_manual_recliner/U600004012.html,2026-07-19T11:24:42,2026-08-21T08:47:03
U600004013,Madison Park Candace Power Recliner,standard,Recliners,unknown,538.99,30 in.,38.5 in.,39.75 in.,,https://www.ashleyfurniture.com/p/madison_park_candace_power_recliner/U600004013.html,2026-07-19T11:24:42,2026-08-21T08:47:03
U1240013,Malcesine Dual Power Leather Recliner,standard,Recliners,leather,1699.99,43.75 in.,41.5 in.,42.38 in.,,https://www.ashleyfurniture.com/p/malcesine_power_recliner/U1240013.html,2026-07-19T11:24:42,2026-08-21T08:47:03
4660425,Man Fort Manual Rocker Recliner,rocker,Recliners,unknown,449.99,33 in.,42 in.,43 in.,,https://www.ashleyfurniture.com/p/man_fort_recliner/4660425.html,2026-07-19T11:24:42,2026-08-18T08:53:53
8281625,McArlie Next-Gen Nuvella™ Performance Fabric Manual Rocker Recliner,rocker,Recliners,performance,499.99,40 in.,43 in.,43 in.,,https://www.ashleyfurniture.com/p/mcarlie_recliner/8281625.html,2026-07-19T11:24:42,2026-08-18T08:53:53
4480128,McBurg Swivel Power Recliner,glider,Recliners,unknown,649.99,34 in.,38 in.,41 in.,,https://www.ashleyfurniture.com/p/mcburg_swivel_power_recliner/4480128.html,2026-07-19T11:24:42,2026-08-21T08:47:03
1030125,McGann Manual Rocker Recliner,rocker,Recliners,unknown,499.99,41 in.,40 in.,40 in.,,https://www.ashleyfurniture.com/p/mcgann_recliner/1030125.html,2026-07-19T10:47:01,2026-08-21T08:47:03
7430561,ModMax II Manual Swivel Glider Leather Recliner,glider,Recliners,leather,999.99,41.38 in.,40.25 in.,39.75 in.,,https://www.ashleyfurniture.com/p/modmax_ii_swivel_glider_recliner/7430561.html,2026-07-19T11:24:42,2026-08-21T08:47:03
9210361,Modmax Next-Gen Nuvella™ Performance Fabric Swivel Glider Recliner,glider,Modmax Collection,performance,829.99,41.38 in.,40.25 in.,39.75 in.,,https://www.ashleyfurniture.com/p/modmax_swivel_glider_recliner/9210361.html,2026-07-19T10:47:01,2026-07-19T10:47:01
9212161,Modmax Next-Gen Nuvella™ Performance Fabric Swivel Glider Recliner,glider,Recliners,performance,829.99,41.38 in.,40.25 in.,39.75 in.,,https://www.ashleyfurniture.com/p/modmax_swivel_glider_recliner/9212161.html,2026-07-19T11:24:42,2026-08-21T08:47:03
U1210013,Momentum Moves Dual Power Leather Recliner,standard,Recliners,leather,1299.99,40 in.,40 in.,42 in.,,https://www.ashleyfurniture.com/p/momentum_moves_power_recliner/U1210013.html,2026-07-19T11:24:42,2026-08-21T08:47:03
8630395,Moonrae Swivel Power Glider Recliner,glider,Recliners,unknown,999.99,51.5 in.,37.25 in.,40.75 in.,,https://www.ashleyfurniture.com/p/moonrae_swivel_power_glider_recliner/8630395.html,2026-07-19T11:24:42,2026-08-21T08:47:03
4220425,Moreau Place Manual Recliner,standard,Recliners,unknown,549.99,32 in.,39 in.,40 in.,,https://www.ashleyfurniture.com/p/moreau_place_recliner/4220425.html,2026-07-19T11:24:42,2026-08-21T08:47:03
U6600013,Mosswell Dual Power Leather Recliner,standard,Living Room Reclining Furniture,leather,1499.99,39 in.,39.75 in.,42 in.,,https://www.ashleyfurniture.com/p/mosswell_power_recliner/U6600013.html,2026-07-19T11:24:42,2026-08-21T08:47:03
6380229,Movie Man Oversized Manual Recliner,standard,Recliners,unknown,699.99,45 in.,43 in.,47 in.,,https://www.ashleyfurniture.com/p/movie_man_recliner/6380229.html,2026-07-19T11:24:42,2026-08-21T08:47:03
B600011594,Namesake Crewe Electronic Recliner and Swivel Glider,glider,Nursery Gliders,unknown,899.0,30.5 in.,40 in.,42 in.,,https://www.ashleyfurniture.com/p/namesake_crewe_power_recliner/B600011594.html,2026-07-19T11:24:42,2026-08-21T08:47:03
B600011991,Namesake Crewe Recliner and Swivel Glider,glider,Nursery Gliders,unknown,699.0,30 in.,38 in.,41 in.,,https://www.ashleyfurniture.com/p/namesake_crewe_recliner_and_swivel_glider/B600011991.html,2026-07-19T11:24:42,2026-08-21T08:47:03
B600012723,Namesake Power Glider Recliner,glider,Nursery Gliders,unknown,1099.0,31.5 in.,40.5 in.,41.5 in.,,https://www.ashleyfurniture.com/p/namesake_power_glider_recliner/B600012723.html,2026-07-19T11:24:42,2026-08-21T08:47:03
B600012986,Namesake Willa Deluxe Power Recliner,standard,Nursery Gliders,unknown,1212.44,31.5 in.,40.5 in.,41.5 in.,,https://www.ashleyfurniture.com/p/namesake_willa_deluxe_power_recliner/B600012986.html,2026-07-19T11:24:42,2026-08-21T08:47:03
B600012984,Namesake Willa Deluxe Power Recliner,standard,Nursery Gliders,unknown,1599.0,31.5 in.,40.5 in.,41.5 in.,,https://www.ashleyfurniture.com/p/namesake_willa_deluxe_power_recliner/B600012984.html,2026-07-19T11:24:42,2026-08-21T08:47:03
B600012988,Namesake Willa Plus Power Glider Recliner,glider,Nursery Gliders,unknown,999.0,31.5 in.,40.5 in.,41.5 in.,,https://www.ashleyfurniture.com/p/namesake_willa_plus_power_glider_recliner/B600012988.html,2026-07-19T11:24:42,2026-08-21T08:47:03
B600012989,Namesake Willa Pro Swivel Power Recliner,glider,Nursery Gliders,unknown,1299.0,31.5 in.,40.5 in.,41.5 in.,,https://www.ashleyfurniture.com/p/namesake_willa_pro_swivel_power_recliner/B600012989.html,2026-07-19T11:24:42,2026-08-21T08:47:03
B600012991,Namesake Willa Pro Swivel Power Recliner,glider,Nursery Gliders,unknown,898.24,31.5 in.,40.5 in.,41.5 in.,,https://www.ashleyfurniture.com/p/namesake_willa_pro_swivel_power_recliner/B600012991.html,2026-07-19T11:24:42,2026-08-18T08:53:53
9400225,Navi Manual Recliner,standard,Recliners,unknown,499.99,39 in.,41 in.,42 in.,,https://www.ashleyfurniture.com/p/navi_recliner/9400225.html,2026-07-19T11:24:42,2026-08-21T08:47:03
1080329,Nerviano Manual Recliner,standard,Recliners,unknown,299.99,33.5 in.,37 in.,42 in.,,https://www.ashleyfurniture.com/p/nerviano_recliner/1080329.html,2026-07-19T10:47:01,2026-07-19T10:47:01
1080129,Nerviano Manual Recliner,standard,Recliners,unknown,299.99,33.5 in.,37 in.,42 in.,,https://www.ashleyfurniture.com/p/nerviano_recliner/1080129.html,2026-07-19T11:24:42,2026-08-21T08:47:03
4840525,Newellen Manual Recliner,standard,Recliners,unknown,489.99,36 in.,39 in.,40 in.,,https://www.ashleyfurniture.com/p/newellen_recliner/4840525.html,2026-07-19T11:24:42,2026-08-21T08:47:03
8330527,Next Move Manual Glider Recliner,glider,Recliners,unknown,749.99,39 in.,44 in.,43 in.,,https://www.ashleyfurniture.com/p/next_move_glider_recliner/8330527.html,2026-07-19T11:24:42,2026-08-21T08:47:03
6100313,Next-Gen DuraPella Oversized Dual Power Performance Fabric Recliner,standard,Recliners,performance,949.99,47 in.,42 in.,41 in.,,https://www.ashleyfurniture.com/p/next-gen_durapella_power_recliner/6100313.html,2026-07-19T11:24:42,2026-08-21T08:47:03
2200313,Next-Gen DuraPella Performance Fabric Dual Power Recliner,standard,Recliners,performance,1899.99,39 in.,39.5 in.,43 in.,,https://www.ashleyfurniture.com/p/next-gen_durapella_power_recliner/2200313.html,2026-07-19T11:24:42,2026-08-21T08:47:03
5930213,Next-Gen DuraPella Performance Fabric Dual Power Recliner,standard,Recliners,performance,1799.99,41 in.,42 in.,43 in.,,https://www.ashleyfurniture.com/p/next-gen_durapella_power_recliner/5930213.html,2026-07-19T11:24:42,2026-08-21T08:47:03
4070812,Next-Gen DuraPella Performance Fabric Power Lift Recliner,lift,Recliners,performance,899.99,35 in.,40 in.,42 in.,,https://www.ashleyfurniture.com/p/next-gen_durapella_power_lift_recliner/4070812.html,2026-07-19T11:24:42,2026-08-21T08:47:03
1800412,Oatman Power Lift Recliner,lift,Recliners,unknown,749.99,35 in.,40 in.,42 in.,,https://www.ashleyfurniture.com/p/oatman_power_lift_recliner/1800412.html,2026-07-19T11:24:42,2026-08-21T08:47:03
U1350113,Olcotte Dual Power Leather Recliner,standard,Recliners,leather,899.99,35 in.,41 in.,43 in.,,https://www.ashleyfurniture.com/p/olcotte_power_recliner/U1350113.html,2026-07-19T11:24:42,2026-08-21T08:47:03
8160352,Orlen Oversized Next-Gen Nuvella™ Performance Fabric Manual Recliner,standard,Recliners,performance,449.0,56 in.,43 in.,41 in.,,https://www.ashleyfurniture.com/p/orlen_oversized_recliner/8160352.html,2026-07-19T11:24:42,2026-08-21T08:47:03
U600003969,Osaki 3D Champ 2  Massage Chair,standard,Recliners,unknown,2199.0,29.5 in.,59 in.,47 in.,,https://www.ashleyfurniture.com/p/osaki_3d_champ_2__massage_chair/U600003969.html,2026-07-19T11:24:42,2026-08-17T08:12:28
U600003420,Osaki 3D Dreamer V2,standard,Recliners,unknown,2199.0,40 in.,52 in.,70 in.,,https://www.ashleyfurniture.com/p/osaki_3d_dreamer_v2/U600003420.html,2026-07-19T11:24:42,2026-08-21T08:47:03
U600001765,Osaki 3D Hamilton LE Adjustable Massage Chair,standard,Recliners,unknown,2199.0,32 in.,66 in.,48.5 in.,,https://www.ashleyfurniture.com/p/ador_3d_hamilton_le_adjustable_massage_chair/U600001765.html,2026-07-19T11:24:42,2026-08-18T08:53:53
U6000463CN,Osaki Master Massage Chair,standard,Recliners,unknown,7999.0,31.5 in.,68 in.,50.5 in.,,https://www.ashleyfurniture.com/p/osaki_master_massage_chair/U6000463CN.html,2026-07-19T11:24:42,2026-08-21T08:47:03
U600003423,Osaki OP-4D Ultima,standard,Recliners,unknown,3199.0,29.5 in.,63 in.,48.5 in.,,https://www.ashleyfurniture.com/p/osaki_op-4d_ultima/U600003423.html,2026-07-18T23:07:25,2026-08-21T08:47:03
5400213,Overflow Next-Gen Nuvella™ Performance Fabric Dual Power Recliner,standard,Recliners,performance,1299.99,41 in.,42 in.,42 in.,,https://www.ashleyfurniture.com/p/overflow_power_recliner/5400213.html,2026-07-19T11:24:42,2026-08-21T08:47:03
8400225,Pittsman Manual Rocker Recliner,rocker,Recliners,unknown,499.99,40 in.,43 in.,41 in.,,https://www.ashleyfurniture.com/p/pittsman_recliner/8400225.html,2026-07-19T11:24:42,2026-08-21T08:47:03
5010113,Point Clear Dual Power Recliner,standard,Clearance Furniture,unknown,844.99,40 in.,40 in.,42 in.,,https://www.ashleyfurniture.com/p/point_clear_power_recliner/5010113.html,2026-07-19T10:47:01,2026-07-19T10:47:01
5260425,Rampant Manual Rocker Recliner,rocker,Recliners,unknown,449.99,38 in.,44 in.,41 in.,,https://www.ashleyfurniture.com/p/rampant_recliner/5260425.html,2026-07-19T10:47:01,2026-08-18T08:53:53
5360325,Rannis Manual Rocker Recliner,rocker,Recliners,unknown,449.99,35 in.,40 in.,38 in.,,https://www.ashleyfurniture.com/p/rannis_recliner/5360325.html,2026-07-19T11:24:42,2026-08-18T08:53:53
U600004018,Relax-A-Lounger Corey Manual Recliner,standard,Recliners,unknown,229.99,26 in.,36.2 in.,39.4 in.,,https://www.ashleyfurniture.com/p/relax-a-lounger_corey_manual_recliner/U600004018.html,2026-07-19T13:17:13,2026-08-21T08:47:03
U600004020,Relax-A-Lounger Eileen Manual Recliner,standard,Recliners,unknown,379.99,37.4 in.,31.8 in.,39.4 in.,,https://www.ashleyfurniture.com/p/relax-a-lounger_eileen_manual_recliner/U600004020.html,2026-07-19T11:24:42,2026-08-21T08:47:03
U600004022,Relax-A-Lounger Landon Manual Recliner,standard,Recliners,unknown,234.99,33.7 in.,26.1 in.,37.4 in.,,https://www.ashleyfurniture.com/p/relax-a-lounger_landon_manual_recliner/U600004022.html,2026-07-19T11:24:42,2026-08-21T08:47:03
U600004024,Relax-A-Lounger Maitland Manual Recliner,standard,Recliners,unknown,179.99,25.98 in.,31.5 in.,40 in.,,https://www.ashleyfurniture.com/p/relax-a-lounger_maitland_manual_recliner/U600004024.html,2026-07-19T11:24:42,2026-08-18T08:53:53
U600004029,Relax-A-Lounger Wilson Manual Recliner,standard,Recliners,unknown,179.99,25.98 in.,31.5 in.,40 in.,,https://www.ashleyfurniture.com/p/relax-a-lounger_wilson_manual_recliner/U600004029.html,2026-07-19T11:24:42,2026-08-21T08:47:03
4640261,Riptyme Manual Swivel Glider Recliner,glider,Recliners,unknown,599.99,32 in.,42 in.,41 in.,,https://www.ashleyfurniture.com/p/riptyme_swivel_glider_recliner/4640261.html,2026-07-19T11:24:42,2026-08-21T08:47:03
1610213,Schooner Rocks Dual Power Recliner,standard,Living Room Reclining Furniture,unknown,699.99,37 in.,41 in.,43 in.,,https://www.ashleyfurniture.com/p/schooner_rocks_power_recliner/1610213.html,2026-07-19T11:24:42,2026-08-21T08:47:03
6650225,Scranto Manual Recliner,standard,Recliners,unknown,399.99,37 in.,40 in.,41 in.,,https://www.ashleyfurniture.com/p/scranto_recliner/6650225.html,2026-07-19T11:24:42,2026-08-21T08:47:03
B600012469,Second Story Home Lottie Manual Glider Recliner,glider,Nursery Gliders,unknown,383.99,40.1 in.,38.9 in.,41.7 in.,,https://www.ashleyfurniture.com/p/second_story_home_lottie_manual_glider_recliner/B600012469.html,2026-07-19T11:24:42,2026-08-21T08:47:03
5590261,Shadsburne Manual Swivel Glider Recliner,glider,Recliners,unknown,699.99,42 in.,40 in.,39 in.,,https://www.ashleyfurniture.com/p/shadsburne_swivel_glider_recliner/5590261.html,2026-07-19T11:24:42,2026-08-21T08:47:03
U6260613,Silverbrooke Dual Power Leather Recliner,standard,Recliners,leather,1199.99,45 in.,43 in.,42 in.,,https://www.ashleyfurniture.com/p/silverbrooke_power_recliner/U6260613.html,2026-07-19T11:24:42,2026-08-18T08:53:53
2420325,SimpleJoy Manual Recliner,standard,Recliners,unknown,389.99,40 in.,42 in.,40 in.,,https://www.ashleyfurniture.com/p/simplejoy_recliner/2420325.html,2026-07-19T11:24:42,2026-08-21T08:47:03
5300425,Skymaker Manual Rocker Recliner,rocker,Recliners,unknown,549.99,38 in.,38 in.,41 in.,,https://www.ashleyfurniture.com/p/skymaker_recliner/5300425.html,2026-07-19T11:24:42,2026-08-21T08:47:03
1760912,Snowfield Dual Power Lift Recliner,lift,Recliners,unknown,899.99,34 in.,40 in.,44 in.,,https://www.ashleyfurniture.com/p/snowfield_power_lift_recliner/1760912.html,2026-07-19T11:24:42,2026-08-21T08:47:03
9370412,Starganza Next-Gen Nuvella™ Performance Fabric Power Lift Recliner,lift,Recliners,performance,749.99,35 in.,44 in.,43 in.,,https://www.ashleyfurniture.com/p/starganza_power_lift_recliner/9370412.html,2026-07-18T23:07:25,2026-08-21T08:47:03
6320413,Stately Check Dual Power Recliner,standard,Recliners,unknown,1099.99,40 in.,39 in.,43 in.,,https://www.ashleyfurniture.com/p/stately_check_power_recliner/6320413.html,2026-07-18T23:07:25,2026-08-21T08:47:03
3990525,Stoneland Manual Rocker Recliner,rocker,Recliners,unknown,799.99,43 in.,41 in.,42 in.,,https://www.ashleyfurniture.com/p/stoneland_recliner/3990525.html,2026-07-19T11:24:42,2026-08-21T08:47:03
3990598,Stoneland Power Recliner,standard,Recliners,unknown,899.99,43 in.,41 in.,42 in.,,https://www.ashleyfurniture.com/p/stoneland_power_recliner/3990598.html,2026-07-19T10:47:01,2026-08-21T08:47:03
5950525,Stonemeade Manual Rocker Recliner,rocker,Recliners,unknown,429.99,33 in.,39 in.,42 in.,,https://www.ashleyfurniture.com/p/stonemeade_recliner/5950525.html,2026-07-19T11:24:42,2026-08-21T08:47:03
B600011075,Storkcraft Serenity Wingback Upholstered Recliner Glider with USB,glider,Nursery Gliders,unknown,449.99,32.88 in.,34.62 in.,38.5 in.,,https://www.ashleyfurniture.com/p/storkcraft_serenity_wingback_upholstered_recline_glider_with_usb/B600011075.html,2026-07-19T11:24:42,2026-08-21T08:47:03
B600011886,Storkcraft Timeless Manual Charging Glider Recliner,glider,Nursery Gliders,unknown,549.99,29.5 in.,37.13 in.,38.25 in.,,https://www.ashleyfurniture.com/p/storkcraft_timeless_manual_charging_glider_recliner/B600011886.html,2026-07-19T11:24:42,2026-08-21T08:47:03
B600011073,Storkcraft Timeless Recliner Glider with USB,glider,Nursery Gliders,unknown,449.99,29.5 in.,37.13 in.,38.25 in.,,https://www.ashleyfurniture.com/p/storkcraft_timeless_recline_glider_with_usb/B600011073.html,2026-07-19T13:17:13,2026-08-21T08:47:03
2920325,Storrow Manual Recliner,standard,Recliners,unknown,479.99,35 in.,40 in.,38 in.,,https://www.ashleyfurniture.com/p/storrow_recliner/2920325.html,2026-07-18T23:07:25,2026-08-17T08:12:28
6390912,Strawbill Power Lift Recliner,lift,Recliners,unknown,849.99,33 in.,42 in.,42 in.,,https://www.ashleyfurniture.com/p/strawbill_power_lift_recliner/6390912.html,2026-07-19T11:24:42,2026-08-21T08:47:03
6530725,Streamlight Manual Recliner,standard,Recliners,unknown,699.99,44 in.,43 in.,42 in.,,https://www.ashleyfurniture.com/p/streamlight_recliner/6530725.html,2026-07-19T10:47:01,2026-07-19T10:47:01
6530825,Streamlight Manual Recliner,standard,Recliners,unknown,699.99,44 in.,43 in.,42 in.,,https://www.ashleyfurniture.com/p/streamlight_recliner/6530825.html,2026-07-19T11:24:42,2026-08-21T08:47:03
2780125,Tambo Manual Recliner,standard,Recliners,unknown,599.99,41 in.,41 in.,41 in.,,https://www.ashleyfurniture.com/p/tambo_recliner/2780125.html,2026-07-19T11:24:42,2026-08-21T08:47:03
9140525,Tarrant Manual Recliner,standard,Recliners,unknown,599.99,41 in.,40 in.,40 in.,,https://www.ashleyfurniture.com/p/tarrant_recliner/9140525.html,2026-07-19T11:24:42,2026-08-21T08:47:03
4280406,Technique Power Recliner,standard,Recliners,unknown,799.99,45 in.,44 in.,48 in.,,https://www.ashleyfurniture.com/p/technique_power_recliner/4280406.html,2026-07-19T11:24:42,2026-08-21T08:47:03
U600001388,Thayer Manual Recliner,standard,Recliners,unknown,374.99,28.5 in.,34 in.,38 in.,,https://www.ashleyfurniture.com/p/madison_park_hoffman_push_back_recliner/U600001388.html,2026-07-19T11:24:42,2026-08-21T08:47:03
9490261,Tie-Breaker Manual Swivel Glider Recliner,glider,Recliners,unknown,749.99,41.38 in.,40.25 in.,39.75 in.,,https://www.ashleyfurniture.com/p/tie-breaker_swivel_glider_recliner/9490261.html,2026-07-19T11:24:42,2026-08-18T08:53:53
9180282,Time-Piece Dual Power Recliner,standard,Recliners,unknown,1099.99,50 in.,42 in.,42 in.,,https://www.ashleyfurniture.com/p/time-piece_power_recliner/9180282.html,2026-07-19T11:24:42,2026-08-21T08:47:03
U600003975,Titan 4D Vibe  Massage Chair,standard,Recliners,unknown,3299.0,30.1 in.,64 in.,45.6 in.,,https://www.ashleyfurniture.com/p/titan_4d_vibe__massage_chair/U600003975.html,2026-07-19T11:24:42,2026-08-18T08:53:53
9270525,Top Tier Oversized Manual Rocker Recliner,rocker,Recliners,unknown,699.99,50 in.,40 in.,41 in.,,https://www.ashleyfurniture.com/p/top_tier_recliner/9270525.html,2026-07-19T10:47:01,2026-07-19T10:47:01
9270625,Top Tier Oversized Manual Rocker Recliner,rocker,Recliners,unknown,699.99,50 in.,40 in.,41 in.,,https://www.ashleyfurniture.com/p/top_tier_recliner/9270625.html,2026-07-19T10:47:01,2026-08-21T08:47:03
U8281513,Trasimeno Dual Power Leather Recliner,standard,Clearance Furniture,leather,750.0,40 in.,40 in.,42 in.,,https://www.ashleyfurniture.com/p/trasimeno_power_recliner/U8281513.html,2026-07-19T20:17:17,2026-07-19T20:17:17
5330625,Trumble Manual Rocker Recliner,rocker,Recliners,unknown,699.99,40 in.,40 in.,42 in.,,https://www.ashleyfurniture.com/p/trumble_recliner/5330625.html,2026-07-19T11:24:42,2026-08-21T08:47:03
B600010542,Tucker Swivel Recliner,glider,Nursery Gliders,unknown,502.99,29.5 in.,38.75 in.,38.75 in.,,https://www.ashleyfurniture.com/p/tucker_swivel_recliner/B600010542.html,2026-07-19T11:24:42,2026-08-21T08:47:03
9860625,Tulen Manual Rocker Recliner,rocker,Recliners,unknown,449.99,39 in.,40 in.,40 in.,,https://www.ashleyfurniture.com/p/tulen_recliner/9860625.html,2026-07-19T11:24:42,2026-08-21T08:47:03
6420213,TwinBrooke Dual Power Recliner,standard,Recliners,unknown,1199.99,41 in.,44 in.,42 in.,,https://www.ashleyfurniture.com/p/twinbrooke_power_recliner/6420213.html,2026-07-19T10:47:01,2026-08-18T08:53:53
8350413,Ultimax Dual Power Recliner,standard,Recliners,unknown,899.99,40 in.,43 in.,41 in.,,https://www.ashleyfurniture.com/p/ultimax_power_recliner/8350413.html,2026-07-19T11:24:42,2026-08-21T08:47:03
5320425,Valeview Next-Gen Nuvella™ Performance Fabric Manual Recliner,standard,Recliners,performance,549.99,35 in.,42 in.,41 in.,,https://www.ashleyfurniture.com/p/valeview_recliner/5320425.html,2026-07-19T11:24:42,2026-08-21T08:47:03
U1033098,VonKurt Power Leather Rocker Recliner,rocker,Living Room Reclining Furniture,leather,1199.99,49 in.,43 in.,42 in.,,https://www.ashleyfurniture.com/p/vonkurt_power_recliner/U1033098.html,2026-07-19T11:24:42,2026-08-21T08:47:03
U1040013,VonRyan Dual Power Leather Recliner,standard,Recliners,leather,899.99,44 in.,42 in.,42 in.,,https://www.ashleyfurniture.com/p/vonryan_power_recliner/U1040013.html,2026-07-19T11:24:42,2026-08-21T08:47:03
5670413,Warrior Peak Dual Power Recliner,standard,Recliners,unknown,1399.99,40 in.,40 in.,42 in.,,https://www.ashleyfurniture.com/p/warrior_peak_power_recliner/5670413.html,2026-07-19T10:47:01,2026-08-21T08:47:03
2770425,Whitlock Manual Recliner,standard,Recliners,unknown,529.99,42 in.,40 in.,40 in.,,https://www.ashleyfurniture.com/p/whitlock_recliner/2770425.html,2026-07-19T11:24:42,2026-08-21T08:47:03
6560425,Windstade Manual Recliner,standard,Recliners,unknown,699.99,42 in.,44 in.,42 in.,,https://www.ashleyfurniture.com/p/windstade_recliner/6560425.html,2026-07-19T11:24:42,2026-08-21T08:47:03
6070313,Wolfridge Dual Power Recliner,standard,Recliners,unknown,899.99,39 in.,42 in.,42 in.,,https://www.ashleyfurniture.com/p/wolfridge_power_recliner/6070313.html,2026-07-19T11:24:42,2026-08-21T08:47:03
U600001383,Zak Manual Recliner,standard,Recliners,unknown,543.99,32.25 in.,38 in.,40.5 in.,,https://www.ashleyfurniture.com/p/madison_park_aidan_push_back_recliner/U600001383.html,2026-07-19T11:24:42,2026-08-21T08:47:03
B600010181,babyGap by Delta Children Cloud Recliner,standard,Nursery Gliders,unknown,379.99,29.25 in.,36 in.,40.25 in.,,https://www.ashleyfurniture.com/p/babygap_by_delta_children_cloud_recliner/B600010181.html,2026-07-19T11:24:42,2026-08-17T08:12:28
B600011997,daVinci Hayden Recliner and Swivel Glider,glider,Nursery Gliders,unknown,399.0,33 in.,36.5 in.,41 in.,,https://www.ashleyfurniture.com/p/davinci_hayden_recliner_and_swivel_glider/B600011997.html,2026-07-19T11:24:42,2026-08-21T08:47:03
