product,product_url,cover_id,cover_name,cover_pattern,now_price,was_price,on_promo,discount_pct
Collage Rocking Recliner,/p/living-room/recliners/rocking-recliners/collage-rocking-recliner/R-010734,C165962,Smoke,McKittrick,919.0,,N,
Collage Rocking Recliner,/p/living-room/recliners/rocking-recliners/collage-rocking-recliner/R-010734,C165967,Charcoal,McKittrick,919.0,,N,
Collage Rocking Recliner,/p/living-room/recliners/rocking-recliners/collage-rocking-recliner/R-010734,C165972,Taupe,McKittrick,919.0,,N,
Collage Rocking Recliner,/p/living-room/recliners/rocking-recliners/collage-rocking-recliner/R-010734,C165986,Indigo,McKittrick,919.0,,N,
Liam Rocking Recliner,/p/living-room/recliners/rocking-recliners/liam-rocking-recliner/R-010786,B153808,Burgundy,Seamount,1209.0,,N,
Liam Rocking Recliner,/p/living-room/recliners/rocking-recliners/liam-rocking-recliner/R-010786,C185265,Fawn,Tiago,1039.0,1409.0,Y,26.3
Liam Rocking Recliner,/p/living-room/recliners/rocking-recliners/liam-rocking-recliner/R-010786,C185255,Granite,Tiago,1039.0,1409.0,Y,26.3
Liam Rocking Recliner,/p/living-room/recliners/rocking-recliners/liam-rocking-recliner/R-010786,C185252,Twilight,Tiago,1039.0,1409.0,Y,26.3
Liam Rocking Recliner,/p/living-room/recliners/rocking-recliners/liam-rocking-recliner/R-010786,C185276,Mocha,Tiago,1039.0,1409.0,Y,26.3
Liam Rocking Recliner,/p/living-room/recliners/rocking-recliners/liam-rocking-recliner/R-010786,C185286,Navy,Tiago,1039.0,1409.0,Y,26.3
Joshua Rocking Recliner,/p/living-room/recliners/rocking-recliners/joshua-rocking-recliner/R-010502,LB172856,Grey,Goshen,799.0,1389.0,Y,42.5
Joshua Rocking Recliner,/p/living-room/recliners/rocking-recliners/joshua-rocking-recliner/R-010502,LB172878,Chestnut,Goshen,799.0,1389.0,Y,42.5
Norton Rocking Recliner,/p/living-room/recliners/rocking-recliners/norton-rocking-recliner/R-010820,B180852,Stone,Social Club,1049.0,,N,
Norton Rocking Recliner,/p/living-room/recliners/rocking-recliners/norton-rocking-recliner/R-010820,B180857,Charcoal,Social Club,1049.0,,N,
Norton Rocking Recliner,/p/living-room/recliners/rocking-recliners/norton-rocking-recliner/R-010820,B180868,Pewter,Social Club,1049.0,,N,
Norton Rocking Recliner,/p/living-room/recliners/rocking-recliners/norton-rocking-recliner/R-010820,B180872,Chalk,Social Club,1049.0,,N,
Norton Rocking Recliner,/p/living-room/recliners/rocking-recliners/norton-rocking-recliner/R-010820,B180876,Cocoa,Social Club,1049.0,,N,
Norton Rocking Recliner,/p/living-room/recliners/rocking-recliners/norton-rocking-recliner/R-010820,C202907,Brick,Easy,1049.0,,N,
James Rocking Recliner,/p/living-room/recliners/rocking-recliners/james-rocking-recliner/R-010521,D206659,Lead,i-Kudos,1209.0,,N,
James Rocking Recliner,/p/living-room/recliners/rocking-recliners/james-rocking-recliner/R-010521,RE994767,Silt,Palance,1209.0,,N,
James Rocking Recliner,/p/living-room/recliners/rocking-recliners/james-rocking-recliner/R-010521,C181254,Stone,Damon,1729.0,,N,
James Rocking Recliner,/p/living-room/recliners/rocking-recliners/james-rocking-recliner/R-010521,C181233,Oyster,Damon,1729.0,,N,
James Rocking Recliner,/p/living-room/recliners/rocking-recliners/james-rocking-recliner/R-010521,C181262,Muslin,Damon,1729.0,,N,
James Rocking Recliner,/p/living-room/recliners/rocking-recliners/james-rocking-recliner/R-010521,C181286,Midnight,Damon,1729.0,,N,
James Rocking Recliner,/p/living-room/recliners/rocking-recliners/james-rocking-recliner/R-010521,C181257,Charcoal,Damon,1729.0,,N,
Jay Rocking Recliner,/p/living-room/recliners/rocking-recliners/jay-rocking-recliner/R-010706,B153808,Burgundy,Seamount,1339.0,,N,
Jay Rocking Recliner,/p/living-room/recliners/rocking-recliners/jay-rocking-recliner/R-010706,C180974,Mushroom,Donegal,1339.0,,N,
Jay Rocking Recliner,/p/living-room/recliners/rocking-recliners/jay-rocking-recliner/R-010706,C180987,Marine,Donegal,1339.0,,N,
Jay Rocking Recliner,/p/living-room/recliners/rocking-recliners/jay-rocking-recliner/R-010706,C180964,Linen,Donegal,1339.0,,N,
Jay Rocking Recliner,/p/living-room/recliners/rocking-recliners/jay-rocking-recliner/R-010706,C180969,Granite,Donegal,1339.0,,N,
Jay Rocking Recliner,/p/living-room/recliners/rocking-recliners/jay-rocking-recliner/R-010706,C165972,Taupe,McKittrick,1569.0,,N,
Jay Rocking Recliner,/p/living-room/recliners/rocking-recliners/jay-rocking-recliner/R-010706,C186086,Lake,Persia,1569.0,,N,
Finley Power Rocking Recliner w/ Headrest & Lumbar,/p/living-room/recliners/rocking-recliners/finley-power-rocking-recliner-w-headrest-lumbar/R-10X747,D209631,Bone,,2129.0,2899.0,Y,26.6
Finley Power Rocking Recliner w/ Headrest & Lumbar,/p/living-room/recliners/rocking-recliners/finley-power-rocking-recliner-w-headrest-lumbar/R-10X747,D156458,Charcoal,i-Hallandale,3569.0,,N,
Finley Power Rocking Recliner w/ Headrest & Lumbar,/p/living-room/recliners/rocking-recliners/finley-power-rocking-recliner-w-headrest-lumbar/R-10X747,D156453,Platinum,i-Hallandale,3569.0,,N,
Finley Power Rocking Recliner w/ Headrest & Lumbar,/p/living-room/recliners/rocking-recliners/finley-power-rocking-recliner-w-headrest-lumbar/R-10X747,D156431,Ivory,i-Hallandale,3569.0,,N,
Finley Power Rocking Recliner w/ Headrest & Lumbar,/p/living-room/recliners/rocking-recliners/finley-power-rocking-recliner-w-headrest-lumbar/R-10X747,D156464,Wicker,i-Hallandale,3569.0,,N,
Finley Power Rocking Recliner w/ Headrest & Lumbar,/p/living-room/recliners/rocking-recliners/finley-power-rocking-recliner-w-headrest-lumbar/R-10X747,D156487,Admiral,i-Hallandale,3569.0,,N,
Finley Power Rocking Recliner w/ Headrest & Lumbar,/p/living-room/recliners/rocking-recliners/finley-power-rocking-recliner-w-headrest-lumbar/R-10X747,C186086,Lake,Persia,3339.0,,N,
Cade Rocking Recliner,/p/living-room/recliners/rocking-recliners/cade-rocking-recliner/R-010803,B153808,Burgundy,Seamount,1039.0,,N,
Cade Rocking Recliner,/p/living-room/recliners/rocking-recliners/cade-rocking-recliner/R-010803,D206833,Bone,,1039.0,,N,
Cade Rocking Recliner,/p/living-room/recliners/rocking-recliners/cade-rocking-recliner/R-010803,D206860,Pebble,,1039.0,,N,
Cade Rocking Recliner,/p/living-room/recliners/rocking-recliners/cade-rocking-recliner/R-010803,D206871,Mineral,,1039.0,,N,
Cade Rocking Recliner,/p/living-room/recliners/rocking-recliners/cade-rocking-recliner/R-010803,D206876,Coffee,,1039.0,,N,
Cade Rocking Recliner,/p/living-room/recliners/rocking-recliners/cade-rocking-recliner/R-010803,D206893,Ocean,,1039.0,,N,
Cade Rocking Recliner,/p/living-room/recliners/rocking-recliners/cade-rocking-recliner/R-010803,D209225,Moss,,1039.0,,N,
Collage Power Rocking Recliner,/p/living-room/recliners/rocking-recliners/collage-power-rocking-recliner/R-P10734,C188232,Khaki,Lukas,1229.0,1669.0,Y,26.4
Collage Power Rocking Recliner,/p/living-room/recliners/rocking-recliners/collage-power-rocking-recliner/R-P10734,C165962,Smoke,McKittrick,1329.0,,N,
Collage Power Rocking Recliner,/p/living-room/recliners/rocking-recliners/collage-power-rocking-recliner/R-P10734,C165967,Charcoal,McKittrick,1329.0,,N,
Collage Power Rocking Recliner,/p/living-room/recliners/rocking-recliners/collage-power-rocking-recliner/R-P10734,C165972,Taupe,McKittrick,1329.0,,N,
Collage Power Rocking Recliner,/p/living-room/recliners/rocking-recliners/collage-power-rocking-recliner/R-P10734,C165986,Indigo,McKittrick,1329.0,,N,
Norton Power Rocking Recliner w/ Headrest,/p/living-room/recliners/rocking-recliners/norton-power-rocking-recliner-w-headrest/R-10U820,B180852,Stone,Social Club,1649.0,,N,
Norton Power Rocking Recliner w/ Headrest,/p/living-room/recliners/rocking-recliners/norton-power-rocking-recliner-w-headrest/R-10U820,B180857,Charcoal,Social Club,1649.0,,N,
Norton Power Rocking Recliner w/ Headrest,/p/living-room/recliners/rocking-recliners/norton-power-rocking-recliner-w-headrest/R-10U820,B180868,Pewter,Social Club,1649.0,,N,
Norton Power Rocking Recliner w/ Headrest,/p/living-room/recliners/rocking-recliners/norton-power-rocking-recliner-w-headrest/R-10U820,B180872,Chalk,Social Club,1649.0,,N,
Norton Power Rocking Recliner w/ Headrest,/p/living-room/recliners/rocking-recliners/norton-power-rocking-recliner-w-headrest/R-10U820,B180876,Cocoa,Social Club,1649.0,,N,
Norton Power Rocking Recliner w/ Headrest,/p/living-room/recliners/rocking-recliners/norton-power-rocking-recliner-w-headrest/R-10U820,C202907,Brick,Easy,1649.0,,N,
Finley Rocking Recliner,/p/living-room/recliners/rocking-recliners/finley-rocking-recliner/R-010747,D209631,Bone,,1289.0,1749.0,Y,26.3
Finley Rocking Recliner,/p/living-room/recliners/rocking-recliners/finley-rocking-recliner/R-010747,D156458,Charcoal,i-Hallandale,2109.0,,N,
Finley Rocking Recliner,/p/living-room/recliners/rocking-recliners/finley-rocking-recliner/R-010747,D156453,Platinum,i-Hallandale,2109.0,,N,
Finley Rocking Recliner,/p/living-room/recliners/rocking-recliners/finley-rocking-recliner/R-010747,D156431,Ivory,i-Hallandale,2109.0,,N,
Finley Rocking Recliner,/p/living-room/recliners/rocking-recliners/finley-rocking-recliner/R-010747,D156464,Wicker,i-Hallandale,2109.0,,N,
Finley Rocking Recliner,/p/living-room/recliners/rocking-recliners/finley-rocking-recliner/R-010747,D156487,Admiral,i-Hallandale,2109.0,,N,
Finley Rocking Recliner,/p/living-room/recliners/rocking-recliners/finley-rocking-recliner/R-010747,C186086,Lake,Persia,1879.0,,N,
Liam Power Rocking Recliner w/ Headrest & Lumbar,/p/living-room/recliners/rocking-recliners/liam-power-rocking-recliner-w-headrest-lumbar/R-10X786,B153808,Burgundy,Seamount,2249.0,,N,
Liam Power Rocking Recliner w/ Headrest & Lumbar,/p/living-room/recliners/rocking-recliners/liam-power-rocking-recliner-w-headrest-lumbar/R-10X786,C185265,Fawn,Tiago,1639.0,2229.0,Y,26.5
Liam Power Rocking Recliner w/ Headrest & Lumbar,/p/living-room/recliners/rocking-recliners/liam-power-rocking-recliner-w-headrest-lumbar/R-10X786,C185255,Granite,Tiago,1639.0,2229.0,Y,26.5
Liam Power Rocking Recliner w/ Headrest & Lumbar,/p/living-room/recliners/rocking-recliners/liam-power-rocking-recliner-w-headrest-lumbar/R-10X786,C185252,Twilight,Tiago,1639.0,2229.0,Y,26.5
Liam Power Rocking Recliner w/ Headrest & Lumbar,/p/living-room/recliners/rocking-recliners/liam-power-rocking-recliner-w-headrest-lumbar/R-10X786,C185276,Mocha,Tiago,1639.0,2229.0,Y,26.5
Liam Power Rocking Recliner w/ Headrest & Lumbar,/p/living-room/recliners/rocking-recliners/liam-power-rocking-recliner-w-headrest-lumbar/R-10X786,C185286,Navy,Tiago,1639.0,2229.0,Y,26.5
Joshua Power Rocking Recliner w/ Headrest & Lumbar,/p/living-room/recliners/rocking-recliners/joshua-power-rocking-recliner-w-headrest-lumbar/R-10X502,C185252,Twilight,Tiago,1949.0,,N,
Joshua Power Rocking Recliner w/ Headrest & Lumbar,/p/living-room/recliners/rocking-recliners/joshua-power-rocking-recliner-w-headrest-lumbar/R-10X502,LB172878,Chestnut,Goshen,2229.0,,N,
Joshua Power Rocking Recliner w/ Headrest & Lumbar,/p/living-room/recliners/rocking-recliners/joshua-power-rocking-recliner-w-headrest-lumbar/R-10X502,LB172856,Grey,Goshen,2229.0,,N,
Ava Rocking Recliner,/p/living-room/recliners/rocking-recliners/ava-rocking-recliner/R-010769,C196532,Ivory,Nora,1289.0,,N,
Ava Rocking Recliner,/p/living-room/recliners/rocking-recliners/ava-rocking-recliner/R-010769,C196552,Oyster,Nora,1289.0,,N,
Ava Rocking Recliner,/p/living-room/recliners/rocking-recliners/ava-rocking-recliner/R-010769,C196566,Truffle,Nora,1289.0,,N,
Ava Rocking Recliner,/p/living-room/recliners/rocking-recliners/ava-rocking-recliner/R-010769,C196584,Harbor,Nora,1289.0,,N,
Ava Rocking Recliner,/p/living-room/recliners/rocking-recliners/ava-rocking-recliner/R-010769,LB192935,Ivory,Topflight,1589.0,,N,
Ava Rocking Recliner,/p/living-room/recliners/rocking-recliners/ava-rocking-recliner/R-010769,LB192979,Mineral,Topflight,1589.0,,N,
Norton Power Rocking Recliner w/ Headrest & Lumbar,/p/living-room/recliners/rocking-recliners/norton-power-rocking-recliner-w-headrest-lumbar/R-10X820,B180852,Stone,Social Club,1829.0,,N,
Norton Power Rocking Recliner w/ Headrest & Lumbar,/p/living-room/recliners/rocking-recliners/norton-power-rocking-recliner-w-headrest-lumbar/R-10X820,B180857,Charcoal,Social Club,1829.0,,N,
Norton Power Rocking Recliner w/ Headrest & Lumbar,/p/living-room/recliners/rocking-recliners/norton-power-rocking-recliner-w-headrest-lumbar/R-10X820,B180868,Pewter,Social Club,1829.0,,N,
Norton Power Rocking Recliner w/ Headrest & Lumbar,/p/living-room/recliners/rocking-recliners/norton-power-rocking-recliner-w-headrest-lumbar/R-10X820,B180872,Chalk,Social Club,1829.0,,N,
Norton Power Rocking Recliner w/ Headrest & Lumbar,/p/living-room/recliners/rocking-recliners/norton-power-rocking-recliner-w-headrest-lumbar/R-10X820,B180876,Cocoa,Social Club,1829.0,,N,
Norton Power Rocking Recliner w/ Headrest & Lumbar,/p/living-room/recliners/rocking-recliners/norton-power-rocking-recliner-w-headrest-lumbar/R-10X820,C202907,Brick,Easy,1829.0,,N,
Joshua Power Rocking Recliner w/ Headrest,/p/living-room/recliners/rocking-recliners/joshua-power-rocking-recliner-w-headrest/R-10U502,C185252,Twilight,Tiago,1769.0,,N,
Joshua Power Rocking Recliner w/ Headrest,/p/living-room/recliners/rocking-recliners/joshua-power-rocking-recliner-w-headrest/R-10U502,LB172878,Chestnut,Goshen,2039.0,,N,
Joshua Power Rocking Recliner w/ Headrest,/p/living-room/recliners/rocking-recliners/joshua-power-rocking-recliner-w-headrest/R-10U502,LB172856,Grey,Goshen,2039.0,,N,
Cade Power Rocking Recliner w/ Headrest & Lumbar,/p/living-room/recliners/rocking-recliners/cade-power-rocking-recliner-w-headrest-lumbar/R-10X803,B153808,Burgundy,Seamount,1639.0,,N,
Cade Power Rocking Recliner w/ Headrest & Lumbar,/p/living-room/recliners/rocking-recliners/cade-power-rocking-recliner-w-headrest-lumbar/R-10X803,D206833,Bone,,1639.0,,N,
Cade Power Rocking Recliner w/ Headrest & Lumbar,/p/living-room/recliners/rocking-recliners/cade-power-rocking-recliner-w-headrest-lumbar/R-10X803,D206860,Pebble,,1639.0,,N,
Cade Power Rocking Recliner w/ Headrest & Lumbar,/p/living-room/recliners/rocking-recliners/cade-power-rocking-recliner-w-headrest-lumbar/R-10X803,D206871,Mineral,,1639.0,,N,
Cade Power Rocking Recliner w/ Headrest & Lumbar,/p/living-room/recliners/rocking-recliners/cade-power-rocking-recliner-w-headrest-lumbar/R-10X803,D206876,Coffee,,1639.0,,N,
Cade Power Rocking Recliner w/ Headrest & Lumbar,/p/living-room/recliners/rocking-recliners/cade-power-rocking-recliner-w-headrest-lumbar/R-10X803,D206893,Ocean,,1639.0,,N,
Cade Power Rocking Recliner w/ Headrest & Lumbar,/p/living-room/recliners/rocking-recliners/cade-power-rocking-recliner-w-headrest-lumbar/R-10X803,D209225,Moss,,1639.0,,N,
James Power Rocking Recliner w/ Headrest & Lumbar,/p/living-room/recliners/rocking-recliners/james-power-rocking-recliner-w-headrest-lumbar/R-10X521,B153808,Burgundy,Seamount,2959.0,,N,
James Power Rocking Recliner w/ Headrest & Lumbar,/p/living-room/recliners/rocking-recliners/james-power-rocking-recliner-w-headrest-lumbar/R-10X521,RE994767,Silt,Palance,2959.0,,N,
James Power Rocking Recliner w/ Headrest & Lumbar,/p/living-room/recliners/rocking-recliners/james-power-rocking-recliner-w-headrest-lumbar/R-10X521,C181254,Stone,Damon,3189.0,,N,
James Power Rocking Recliner w/ Headrest & Lumbar,/p/living-room/recliners/rocking-recliners/james-power-rocking-recliner-w-headrest-lumbar/R-10X521,C181233,Oyster,Damon,3189.0,,N,
James Power Rocking Recliner w/ Headrest & Lumbar,/p/living-room/recliners/rocking-recliners/james-power-rocking-recliner-w-headrest-lumbar/R-10X521,C181262,Muslin,Damon,3189.0,,N,
James Power Rocking Recliner w/ Headrest & Lumbar,/p/living-room/recliners/rocking-recliners/james-power-rocking-recliner-w-headrest-lumbar/R-10X521,C181286,Midnight,Damon,3189.0,,N,
James Power Rocking Recliner w/ Headrest & Lumbar,/p/living-room/recliners/rocking-recliners/james-power-rocking-recliner-w-headrest-lumbar/R-10X521,C181257,Charcoal,Damon,3189.0,,N,
Dorian Rocking Recliner,/p/living-room/recliners/rocking-recliners/dorian-rocking-recliner/R-010755,D190531,Cream,York,1289.0,,N,
Dorian Rocking Recliner,/p/living-room/recliners/rocking-recliners/dorian-rocking-recliner/R-010755,C186008,Wine,Persia,1879.0,,N,
Dorian Rocking Recliner,/p/living-room/recliners/rocking-recliners/dorian-rocking-recliner/R-010755,C186086,Lake,Persia,1879.0,,N,
Dorian Rocking Recliner,/p/living-room/recliners/rocking-recliners/dorian-rocking-recliner/R-010755,C186054,Greystone,Persia,1879.0,,N,
Dorian Rocking Recliner,/p/living-room/recliners/rocking-recliners/dorian-rocking-recliner/R-010755,C186036,Desert,Persia,1879.0,,N,
Dorian Rocking Recliner,/p/living-room/recliners/rocking-recliners/dorian-rocking-recliner/R-010755,C186076,Bark,Persia,1879.0,,N,
Ava Power Rocking Recliner w/ Headrest & Lumbar,/p/living-room/recliners/rocking-recliners/ava-power-rocking-recliner-w-headrest-lumbar/R-10X769,C196532,Ivory,Nora,2069.0,,N,
Ava Power Rocking Recliner w/ Headrest & Lumbar,/p/living-room/recliners/rocking-recliners/ava-power-rocking-recliner-w-headrest-lumbar/R-10X769,C196552,Oyster,Nora,2069.0,,N,
Ava Power Rocking Recliner w/ Headrest & Lumbar,/p/living-room/recliners/rocking-recliners/ava-power-rocking-recliner-w-headrest-lumbar/R-10X769,C196566,Truffle,Nora,2069.0,,N,
Ava Power Rocking Recliner w/ Headrest & Lumbar,/p/living-room/recliners/rocking-recliners/ava-power-rocking-recliner-w-headrest-lumbar/R-10X769,C196584,Harbor,Nora,2069.0,,N,
Ava Power Rocking Recliner w/ Headrest & Lumbar,/p/living-room/recliners/rocking-recliners/ava-power-rocking-recliner-w-headrest-lumbar/R-10X769,LB192935,Ivory,Topflight,2429.0,,N,
Ava Power Rocking Recliner w/ Headrest & Lumbar,/p/living-room/recliners/rocking-recliners/ava-power-rocking-recliner-w-headrest-lumbar/R-10X769,LB192979,Mineral,Topflight,2429.0,,N,
Dorian Power Rocking Recliner w/ Headrest & Lumbar,/p/living-room/recliners/rocking-recliners/dorian-power-rocking-recliner-w-headrest-lumbar/R-10X755,D190531,Cream,York,2129.0,,N,
Dorian Power Rocking Recliner w/ Headrest & Lumbar,/p/living-room/recliners/rocking-recliners/dorian-power-rocking-recliner-w-headrest-lumbar/R-10X755,C186008,Wine,Persia,3339.0,,N,
Dorian Power Rocking Recliner w/ Headrest & Lumbar,/p/living-room/recliners/rocking-recliners/dorian-power-rocking-recliner-w-headrest-lumbar/R-10X755,C186086,Lake,Persia,3339.0,,N,
Dorian Power Rocking Recliner w/ Headrest & Lumbar,/p/living-room/recliners/rocking-recliners/dorian-power-rocking-recliner-w-headrest-lumbar/R-10X755,C186054,Greystone,Persia,3339.0,,N,
Dorian Power Rocking Recliner w/ Headrest & Lumbar,/p/living-room/recliners/rocking-recliners/dorian-power-rocking-recliner-w-headrest-lumbar/R-10X755,C186036,Desert,Persia,3339.0,,N,
Dorian Power Rocking Recliner w/ Headrest & Lumbar,/p/living-room/recliners/rocking-recliners/dorian-power-rocking-recliner-w-headrest-lumbar/R-10X755,C186076,Bark,Persia,3339.0,,N,
Jay Power Rocking Recliner w/ Headrest & Lumbar,/p/living-room/recliners/rocking-recliners/jay-power-rocking-recliner-w-headrest-lumbar/R-10X706,BL211778,Chocolate,,2549.0,,N,
Jay Power Rocking Recliner w/ Headrest & Lumbar,/p/living-room/recliners/rocking-recliners/jay-power-rocking-recliner-w-headrest-lumbar/R-10X706,C180974,Mushroom,Donegal,2799.0,,N,
Jay Power Rocking Recliner w/ Headrest & Lumbar,/p/living-room/recliners/rocking-recliners/jay-power-rocking-recliner-w-headrest-lumbar/R-10X706,C180987,Marine,Donegal,2799.0,,N,
Jay Power Rocking Recliner w/ Headrest & Lumbar,/p/living-room/recliners/rocking-recliners/jay-power-rocking-recliner-w-headrest-lumbar/R-10X706,C180964,Linen,Donegal,2799.0,,N,
Jay Power Rocking Recliner w/ Headrest & Lumbar,/p/living-room/recliners/rocking-recliners/jay-power-rocking-recliner-w-headrest-lumbar/R-10X706,C180969,Granite,Donegal,2799.0,,N,
Jay Power Rocking Recliner w/ Headrest & Lumbar,/p/living-room/recliners/rocking-recliners/jay-power-rocking-recliner-w-headrest-lumbar/R-10X706,C165972,Taupe,McKittrick,3029.0,,N,
Jay Power Rocking Recliner w/ Headrest & Lumbar,/p/living-room/recliners/rocking-recliners/jay-power-rocking-recliner-w-headrest-lumbar/R-10X706,C186086,Lake,Persia,3029.0,,N,
Cade Power Rocking Recliner w/ Headrest,/p/living-room/recliners/rocking-recliners/cade-power-rocking-recliner-w-headrest/R-10U803,B153808,Burgundy,Seamount,1459.0,,N,
Cade Power Rocking Recliner w/ Headrest,/p/living-room/recliners/rocking-recliners/cade-power-rocking-recliner-w-headrest/R-10U803,D206833,Bone,,1459.0,,N,
Cade Power Rocking Recliner w/ Headrest,/p/living-room/recliners/rocking-recliners/cade-power-rocking-recliner-w-headrest/R-10U803,D206860,Pebble,,1459.0,,N,
Cade Power Rocking Recliner w/ Headrest,/p/living-room/recliners/rocking-recliners/cade-power-rocking-recliner-w-headrest/R-10U803,D206871,Mineral,,1459.0,,N,
Cade Power Rocking Recliner w/ Headrest,/p/living-room/recliners/rocking-recliners/cade-power-rocking-recliner-w-headrest/R-10U803,D206876,Coffee,,1459.0,,N,
Cade Power Rocking Recliner w/ Headrest,/p/living-room/recliners/rocking-recliners/cade-power-rocking-recliner-w-headrest/R-10U803,D206893,Ocean,,1459.0,,N,
Cade Power Rocking Recliner w/ Headrest,/p/living-room/recliners/rocking-recliners/cade-power-rocking-recliner-w-headrest/R-10U803,D209225,Moss,,1459.0,,N,
Liam Power Rocking Recliner w/ Headrest,/p/living-room/recliners/rocking-recliners/liam-power-rocking-recliner-w-headrest/R-10U786,B153808,Burgundy,Seamount,1939.0,,N,
Liam Power Rocking Recliner w/ Headrest,/p/living-room/recliners/rocking-recliners/liam-power-rocking-recliner-w-headrest/R-10U786,C185265,Fawn,Tiago,1459.0,1979.0,Y,26.3
Liam Power Rocking Recliner w/ Headrest,/p/living-room/recliners/rocking-recliners/liam-power-rocking-recliner-w-headrest/R-10U786,C185255,Granite,Tiago,1459.0,1979.0,Y,26.3
Liam Power Rocking Recliner w/ Headrest,/p/living-room/recliners/rocking-recliners/liam-power-rocking-recliner-w-headrest/R-10U786,C185252,Twilight,Tiago,1459.0,1979.0,Y,26.3
Liam Power Rocking Recliner w/ Headrest,/p/living-room/recliners/rocking-recliners/liam-power-rocking-recliner-w-headrest/R-10U786,C185276,Mocha,Tiago,1459.0,1979.0,Y,26.3
Liam Power Rocking Recliner w/ Headrest,/p/living-room/recliners/rocking-recliners/liam-power-rocking-recliner-w-headrest/R-10U786,C185286,Navy,Tiago,1459.0,1979.0,Y,26.3
Ava Power Rocking Recliner w/ Headrest,/p/living-room/recliners/rocking-recliners/ava-power-rocking-recliner-w-headrest/R-10U769,C196532,Ivory,Nora,1889.0,,N,
Ava Power Rocking Recliner w/ Headrest,/p/living-room/recliners/rocking-recliners/ava-power-rocking-recliner-w-headrest/R-10U769,C196552,Oyster,Nora,1889.0,,N,
Ava Power Rocking Recliner w/ Headrest,/p/living-room/recliners/rocking-recliners/ava-power-rocking-recliner-w-headrest/R-10U769,C196566,Truffle,Nora,1889.0,,N,
Ava Power Rocking Recliner w/ Headrest,/p/living-room/recliners/rocking-recliners/ava-power-rocking-recliner-w-headrest/R-10U769,C196584,Harbor,Nora,1889.0,,N,
Ava Power Rocking Recliner w/ Headrest,/p/living-room/recliners/rocking-recliners/ava-power-rocking-recliner-w-headrest/R-10U769,LB192935,Ivory,Topflight,2249.0,,N,
Ava Power Rocking Recliner w/ Headrest,/p/living-room/recliners/rocking-recliners/ava-power-rocking-recliner-w-headrest/R-10U769,LB192979,Mineral,Topflight,2249.0,,N,
Dorian Power Rocking Recliner w/ Headrest,/p/living-room/recliners/rocking-recliners/dorian-power-rocking-recliner-w-headrest/R-10U755,D190531,Cream,York,1949.0,,N,
Dorian Power Rocking Recliner w/ Headrest,/p/living-room/recliners/rocking-recliners/dorian-power-rocking-recliner-w-headrest/R-10U755,C186008,Wine,Persia,3029.0,,N,
Dorian Power Rocking Recliner w/ Headrest,/p/living-room/recliners/rocking-recliners/dorian-power-rocking-recliner-w-headrest/R-10U755,C186086,Lake,Persia,3029.0,,N,
Dorian Power Rocking Recliner w/ Headrest,/p/living-room/recliners/rocking-recliners/dorian-power-rocking-recliner-w-headrest/R-10U755,C186054,Greystone,Persia,3029.0,,N,
Dorian Power Rocking Recliner w/ Headrest,/p/living-room/recliners/rocking-recliners/dorian-power-rocking-recliner-w-headrest/R-10U755,C186036,Desert,Persia,3029.0,,N,
Dorian Power Rocking Recliner w/ Headrest,/p/living-room/recliners/rocking-recliners/dorian-power-rocking-recliner-w-headrest/R-10U755,C186076,Bark,Persia,3029.0,,N,
Finley Power Rocking Recliner w/ Headrest,/p/living-room/recliners/rocking-recliners/finley-power-rocking-recliner-w-headrest/R-10U747,LB206150,Onyx,Gambit,3889.0,,N,
Finley Power Rocking Recliner w/ Headrest,/p/living-room/recliners/rocking-recliners/finley-power-rocking-recliner-w-headrest/R-10U747,D156458,Charcoal,i-Hallandale,3249.0,,N,
Finley Power Rocking Recliner w/ Headrest,/p/living-room/recliners/rocking-recliners/finley-power-rocking-recliner-w-headrest/R-10U747,D156453,Platinum,i-Hallandale,3249.0,,N,
Finley Power Rocking Recliner w/ Headrest,/p/living-room/recliners/rocking-recliners/finley-power-rocking-recliner-w-headrest/R-10U747,D156431,Ivory,i-Hallandale,3249.0,,N,
Finley Power Rocking Recliner w/ Headrest,/p/living-room/recliners/rocking-recliners/finley-power-rocking-recliner-w-headrest/R-10U747,D156464,Wicker,i-Hallandale,3249.0,,N,
Finley Power Rocking Recliner w/ Headrest,/p/living-room/recliners/rocking-recliners/finley-power-rocking-recliner-w-headrest/R-10U747,D156487,Admiral,i-Hallandale,3249.0,,N,
Finley Power Rocking Recliner w/ Headrest,/p/living-room/recliners/rocking-recliners/finley-power-rocking-recliner-w-headrest/R-10U747,C186086,Lake,Persia,3029.0,,N,
Jay Power Rocking Recliner w/ Headrest,/p/living-room/recliners/rocking-recliners/jay-power-rocking-recliner-w-headrest/R-10U706,Q191232,Flint,i-Blackhawk,2299.0,,N,
Jay Power Rocking Recliner w/ Headrest,/p/living-room/recliners/rocking-recliners/jay-power-rocking-recliner-w-headrest/R-10U706,C180974,Mushroom,Donegal,2479.0,,N,
Jay Power Rocking Recliner w/ Headrest,/p/living-room/recliners/rocking-recliners/jay-power-rocking-recliner-w-headrest/R-10U706,C180987,Marine,Donegal,2479.0,,N,
Jay Power Rocking Recliner w/ Headrest,/p/living-room/recliners/rocking-recliners/jay-power-rocking-recliner-w-headrest/R-10U706,C180964,Linen,Donegal,2479.0,,N,
Jay Power Rocking Recliner w/ Headrest,/p/living-room/recliners/rocking-recliners/jay-power-rocking-recliner-w-headrest/R-10U706,C180969,Granite,Donegal,2479.0,,N,
Jay Power Rocking Recliner w/ Headrest,/p/living-room/recliners/rocking-recliners/jay-power-rocking-recliner-w-headrest/R-10U706,C165972,Taupe,McKittrick,2709.0,,N,
Jay Power Rocking Recliner w/ Headrest,/p/living-room/recliners/rocking-recliners/jay-power-rocking-recliner-w-headrest/R-10U706,C186086,Lake,Persia,2709.0,,N,
James Power Rocking Recliner w/ Headrest,/p/living-room/recliners/rocking-recliners/james-power-rocking-recliner-w-headrest/R-10U521,B153808,Burgundy,Seamount,2649.0,,N,
James Power Rocking Recliner w/ Headrest,/p/living-room/recliners/rocking-recliners/james-power-rocking-recliner-w-headrest/R-10U521,RE994767,Silt,Palance,2649.0,,N,
James Power Rocking Recliner w/ Headrest,/p/living-room/recliners/rocking-recliners/james-power-rocking-recliner-w-headrest/R-10U521,C181254,Stone,Damon,2879.0,,N,
James Power Rocking Recliner w/ Headrest,/p/living-room/recliners/rocking-recliners/james-power-rocking-recliner-w-headrest/R-10U521,C181233,Oyster,Damon,2879.0,,N,
James Power Rocking Recliner w/ Headrest,/p/living-room/recliners/rocking-recliners/james-power-rocking-recliner-w-headrest/R-10U521,C181262,Muslin,Damon,2879.0,,N,
James Power Rocking Recliner w/ Headrest,/p/living-room/recliners/rocking-recliners/james-power-rocking-recliner-w-headrest/R-10U521,C181286,Midnight,Damon,2879.0,,N,
James Power Rocking Recliner w/ Headrest,/p/living-room/recliners/rocking-recliners/james-power-rocking-recliner-w-headrest/R-10U521,C181257,Charcoal,Damon,2879.0,,N,
Neal Power Rocking Recliner w/ Headrest & Lumbar,/p/living-room/recliners/rocking-recliners/neal-power-rocking-recliner-w-headrest-lumbar/R-10X778,B153808,Burgundy,Seamount,3459.0,,N,
Neal Power Rocking Recliner w/ Headrest & Lumbar,/p/living-room/recliners/rocking-recliners/neal-power-rocking-recliner-w-headrest-lumbar/R-10X778,B166278,Walnut,Rodigo,3459.0,,N,
Neal Power Rocking Recliner w/ Headrest & Lumbar,/p/living-room/recliners/rocking-recliners/neal-power-rocking-recliner-w-headrest-lumbar/R-10X778,B166257,Stone,Rodigo,3459.0,,N,
Neal Power Rocking Recliner w/ Headrest & Lumbar,/p/living-room/recliners/rocking-recliners/neal-power-rocking-recliner-w-headrest-lumbar/R-10X778,B166286,Navy,Rodigo,3459.0,,N,
Neal Power Rocking Recliner w/ Headrest & Lumbar,/p/living-room/recliners/rocking-recliners/neal-power-rocking-recliner-w-headrest-lumbar/R-10X778,B166276,Marsh,Rodigo,3459.0,,N,
Neal Rocking Recliner,/p/living-room/recliners/rocking-recliners/neal-rocking-recliner/R-010778,B153808,Burgundy,Seamount,2209.0,,N,
Addison Rocking Recliner,/p/living-room/recliners/rocking-recliners/addison-rocking-recliner/R-010764,B153808,Burgundy,Seamount,1689.0,,N,
Addison Rocking Recliner,/p/living-room/recliners/rocking-recliners/addison-rocking-recliner/R-010764,C165972,Taupe,McKittrick,1689.0,,N,
Addison Rocking Recliner,/p/living-room/recliners/rocking-recliners/addison-rocking-recliner/R-010764,C165962,Smoke,McKittrick,1689.0,,N,
Addison Rocking Recliner,/p/living-room/recliners/rocking-recliners/addison-rocking-recliner/R-010764,C165986,Indigo,McKittrick,1689.0,,N,
Addison Rocking Recliner,/p/living-room/recliners/rocking-recliners/addison-rocking-recliner/R-010764,C165967,Charcoal,McKittrick,1689.0,,N,
Gibson Rocking Recliner,/p/living-room/recliners/rocking-recliners/gibson-rocking-recliner/R-010563,B153808,Burgundy,Seamount,1859.0,,N,
Gibson Rocking Recliner,/p/living-room/recliners/rocking-recliners/gibson-rocking-recliner/R-010563,C186086,Lake,Persia,1859.0,,N,
Morrison Rocking Recliner,/p/living-room/recliners/rocking-recliners/morrison-rocking-recliner/R-010766,B180852,Stone,Social Club,1059.0,,N,
Morrison Rocking Recliner,/p/living-room/recliners/rocking-recliners/morrison-rocking-recliner/R-010766,B153853,Silver,Seamount,1119.0,,N,
Morrison Rocking Recliner,/p/living-room/recliners/rocking-recliners/morrison-rocking-recliner/R-010766,B153874,Sable,Seamount,1119.0,,N,
Morrison Rocking Recliner,/p/living-room/recliners/rocking-recliners/morrison-rocking-recliner/R-010766,B153885,Indigo,Seamount,1119.0,,N,
Morrison Rocking Recliner,/p/living-room/recliners/rocking-recliners/morrison-rocking-recliner/R-010766,B153876,Cappuccino,Seamount,1119.0,,N,
Morrison Rocking Recliner,/p/living-room/recliners/rocking-recliners/morrison-rocking-recliner/R-010766,B153808,Burgundy,Seamount,1119.0,,N,
Morrison Rocking Recliner,/p/living-room/recliners/rocking-recliners/morrison-rocking-recliner/R-010766,C186086,Lake,Persia,1569.0,,N,
Vail Rocking Recliner,/p/living-room/recliners/rocking-recliners/vail-rocking-recliner/R-010403,B153808,Burgundy,Seamount,989.0,,N,
Vail Rocking Recliner,/p/living-room/recliners/rocking-recliners/vail-rocking-recliner/R-010403,C186008,Wine,Persia,989.0,,N,
Vail Rocking Recliner,/p/living-room/recliners/rocking-recliners/vail-rocking-recliner/R-010403,C186086,Lake,Persia,989.0,,N,
Vail Rocking Recliner,/p/living-room/recliners/rocking-recliners/vail-rocking-recliner/R-010403,C186054,Greystone,Persia,989.0,,N,
Vail Rocking Recliner,/p/living-room/recliners/rocking-recliners/vail-rocking-recliner/R-010403,C186036,Desert,Persia,989.0,,N,
Vail Rocking Recliner,/p/living-room/recliners/rocking-recliners/vail-rocking-recliner/R-010403,C186076,Bark,Persia,989.0,,N,
Pinnacle Power Rocking Recliner w/ Headrest & Lumbar,/p/living-room/recliners/rocking-recliners/pinnacle-power-rocking-recliner-w-headrest-lumbar/R-10X512,B153808,Burgundy,Seamount,1099.0,2999.0,Y,63.4
Pinnacle Power Rocking Recliner w/ Headrest & Lumbar,/p/living-room/recliners/rocking-recliners/pinnacle-power-rocking-recliner-w-headrest-lumbar/R-10X512,D160654,Dove,i-Halifax,1099.0,2069.0,Y,46.9
Pinnacle Power Rocking Recliner w/ Headrest & Lumbar,/p/living-room/recliners/rocking-recliners/pinnacle-power-rocking-recliner-w-headrest-lumbar/R-10X512,D160632,Shell,i-Halifax,1099.0,2069.0,Y,46.9
Pinnacle Power Rocking Recliner w/ Headrest & Lumbar,/p/living-room/recliners/rocking-recliners/pinnacle-power-rocking-recliner-w-headrest-lumbar/R-10X512,D160678,Java,i-Halifax,1099.0,2069.0,Y,46.9
Pinnacle Power Rocking Recliner w/ Headrest & Lumbar,/p/living-room/recliners/rocking-recliners/pinnacle-power-rocking-recliner-w-headrest-lumbar/R-10X512,D160686,Denim,i-Halifax,1099.0,2069.0,Y,46.9
Pinnacle Power Rocking Recliner w/ Headrest & Lumbar,/p/living-room/recliners/rocking-recliners/pinnacle-power-rocking-recliner-w-headrest-lumbar/R-10X512,D160662,Antique,i-Halifax,1099.0,2069.0,Y,46.9
Pinnacle Power Rocking Recliner w/ Headrest & Lumbar,/p/living-room/recliners/rocking-recliners/pinnacle-power-rocking-recliner-w-headrest-lumbar/R-10X512,D175986,Navy,i-Saxton,1099.0,2069.0,Y,46.9
Randell Rocking Recliner,/p/living-room/recliners/rocking-recliners/randell-rocking-recliner/R-010777,C152534,Cream,Roma,1759.0,,N,
Randell Rocking Recliner,/p/living-room/recliners/rocking-recliners/randell-rocking-recliner/R-010777,C152553,Storm,Roma,1759.0,,N,
Randell Rocking Recliner,/p/living-room/recliners/rocking-recliners/randell-rocking-recliner/R-010777,C186086,Lake,Persia,2359.0,,N,
Randell Rocking Recliner,/p/living-room/recliners/rocking-recliners/randell-rocking-recliner/R-010777,C152586,Navy,Roma,1759.0,,N,
Randell Rocking Recliner,/p/living-room/recliners/rocking-recliners/randell-rocking-recliner/R-010777,C152574,Mocha,Roma,1759.0,,N,
Randell Rocking Recliner,/p/living-room/recliners/rocking-recliners/randell-rocking-recliner/R-010777,C152578,Espresso,Roma,1759.0,,N,
Pinnacle Rocking Recliner,/p/living-room/recliners/rocking-recliners/pinnacle-rocking-recliner/R-010512,B153808,Burgundy,Seamount,599.0,1549.0,Y,61.3
Pinnacle Rocking Recliner,/p/living-room/recliners/rocking-recliners/pinnacle-rocking-recliner/R-010512,D160654,Dove,i-Halifax,599.0,1229.0,Y,51.3
Pinnacle Rocking Recliner,/p/living-room/recliners/rocking-recliners/pinnacle-rocking-recliner/R-010512,D160678,Java,i-Halifax,599.0,1229.0,Y,51.3
Pinnacle Rocking Recliner,/p/living-room/recliners/rocking-recliners/pinnacle-rocking-recliner/R-010512,D160686,Denim,i-Halifax,599.0,1229.0,Y,51.3
Pinnacle Rocking Recliner,/p/living-room/recliners/rocking-recliners/pinnacle-rocking-recliner/R-010512,D160662,Antique,i-Halifax,599.0,1229.0,Y,51.3
Pinnacle Rocking Recliner,/p/living-room/recliners/rocking-recliners/pinnacle-rocking-recliner/R-010512,D175986,Navy,i-Saxton,599.0,1229.0,Y,51.3
Pinnacle Rocking Recliner,/p/living-room/recliners/rocking-recliners/pinnacle-rocking-recliner/R-010512,D175977,Mink,i-Saxton,599.0,1229.0,Y,51.3
Jasper Rocking Recliner,/p/living-room/recliners/rocking-recliners/jasper-rocking-recliner/R-010709,B153808,Burgundy,Seamount,1059.0,,N,
Jasper Rocking Recliner,/p/living-room/recliners/rocking-recliners/jasper-rocking-recliner/R-010709,C162532,Sand,Vance,1059.0,,N,
Jasper Rocking Recliner,/p/living-room/recliners/rocking-recliners/jasper-rocking-recliner/R-010709,C162527,Sage,Vance,1059.0,,N,
Jasper Rocking Recliner,/p/living-room/recliners/rocking-recliners/jasper-rocking-recliner/R-010709,C162576,Mocha,Vance,1059.0,,N,
Jasper Rocking Recliner,/p/living-room/recliners/rocking-recliners/jasper-rocking-recliner/R-010709,C162552,Ice,Vance,1059.0,,N,
Jasper Rocking Recliner,/p/living-room/recliners/rocking-recliners/jasper-rocking-recliner/R-010709,C162508,Garnet,Vance,1059.0,,N,
Jasper Rocking Recliner,/p/living-room/recliners/rocking-recliners/jasper-rocking-recliner/R-010709,C162586,Eclipse,Vance,1059.0,,N,
Trouper Rocking Recliner,/p/living-room/recliners/rocking-recliners/trouper-rocking-recliner/R-010724,E153732,Stucco,i-Northwest,699.0,1219.0,Y,42.7
Trouper Rocking Recliner,/p/living-room/recliners/rocking-recliners/trouper-rocking-recliner/R-010724,E153767,Mink,i-Northwest,699.0,1219.0,Y,42.7
Trouper Rocking Recliner,/p/living-room/recliners/rocking-recliners/trouper-rocking-recliner/R-010724,E153758,Ink,i-Northwest,699.0,1219.0,Y,42.7
Trouper Rocking Recliner,/p/living-room/recliners/rocking-recliners/trouper-rocking-recliner/R-010724,E153775,Whiskey,i-Northwest,699.0,1219.0,Y,42.7
Trouper Rocking Recliner,/p/living-room/recliners/rocking-recliners/trouper-rocking-recliner/R-010724,E153765,Sable,i-Northwest,699.0,1219.0,Y,42.7
Trouper Rocking Recliner,/p/living-room/recliners/rocking-recliners/trouper-rocking-recliner/R-010724,E153755,Charcoal,i-Northwest,699.0,1219.0,Y,42.7
Maverick Power Rocking Recliner w/ Headrest & Lumbar,/p/living-room/recliners/rocking-recliners/maverick-power-rocking-recliner-w-headrest-lumbar/R-10X582,C175432,Sand,Kemet,2169.0,,N,
Maverick Power Rocking Recliner w/ Headrest & Lumbar,/p/living-room/recliners/rocking-recliners/maverick-power-rocking-recliner-w-headrest-lumbar/R-10X582,C186086,Lake,Persia,3399.0,,N,
Morrison Power Rocking Recliner w/ Headrest & Lumbar,/p/living-room/recliners/rocking-recliners/morrison-power-rocking-recliner-w-headrest-lumbar/R-10X766,B153808,Burgundy,Seamount,1659.0,,N,
Morrison Power Rocking Recliner w/ Headrest & Lumbar,/p/living-room/recliners/rocking-recliners/morrison-power-rocking-recliner-w-headrest-lumbar/R-10X766,B153853,Silver,Seamount,1659.0,,N,
Morrison Power Rocking Recliner w/ Headrest & Lumbar,/p/living-room/recliners/rocking-recliners/morrison-power-rocking-recliner-w-headrest-lumbar/R-10X766,B153874,Sable,Seamount,1659.0,,N,
Morrison Power Rocking Recliner w/ Headrest & Lumbar,/p/living-room/recliners/rocking-recliners/morrison-power-rocking-recliner-w-headrest-lumbar/R-10X766,B153876,Cappuccino,Seamount,1659.0,,N,
Morrison Power Rocking Recliner w/ Headrest & Lumbar,/p/living-room/recliners/rocking-recliners/morrison-power-rocking-recliner-w-headrest-lumbar/R-10X766,B153885,Indigo,Seamount,1659.0,,N,
Morrison Power Rocking Recliner w/ Headrest & Lumbar,/p/living-room/recliners/rocking-recliners/morrison-power-rocking-recliner-w-headrest-lumbar/R-10X766,E153732,Stucco,i-Northwest,3249.0,,N,
Joel Rocking Recliner,/p/living-room/recliners/rocking-recliners/joel-rocking-recliner/R-010761,B153808,Burgundy,Seamount,1059.0,,N,
Joel Rocking Recliner,/p/living-room/recliners/rocking-recliners/joel-rocking-recliner/R-010761,C175474,Brownstone,Kemet,1059.0,,N,
Joel Rocking Recliner,/p/living-room/recliners/rocking-recliners/joel-rocking-recliner/R-010761,C175432,Sand,Kemet,1059.0,,N,
Joel Rocking Recliner,/p/living-room/recliners/rocking-recliners/joel-rocking-recliner/R-010761,C175486,Slate,Kemet,1059.0,,N,
Joel Rocking Recliner,/p/living-room/recliners/rocking-recliners/joel-rocking-recliner/R-010761,C165972,Taupe,McKittrick,1569.0,,N,
Joel Rocking Recliner,/p/living-room/recliners/rocking-recliners/joel-rocking-recliner/R-010761,C165962,Smoke,McKittrick,1569.0,,N,
Joel Rocking Recliner,/p/living-room/recliners/rocking-recliners/joel-rocking-recliner/R-010761,C186086,Lake,Persia,1569.0,,N,
Astor Rocking Recliner,/p/living-room/recliners/rocking-recliners/astor-rocking-recliner/R-010519,C211832,Ecru,,1419.0,,N,
Astor Rocking Recliner,/p/living-room/recliners/rocking-recliners/astor-rocking-recliner/R-010519,C137162,Khaki,Seasons,1419.0,,N,
Astor Rocking Recliner,/p/living-room/recliners/rocking-recliners/astor-rocking-recliner/R-010519,C137166,Mocha,Seasons,1419.0,,N,
Astor Rocking Recliner,/p/living-room/recliners/rocking-recliners/astor-rocking-recliner/R-010519,C137128,Loden,Seasons,1419.0,,N,
Astor Rocking Recliner,/p/living-room/recliners/rocking-recliners/astor-rocking-recliner/R-010519,C137108,Redwood,Seasons,1419.0,,N,
Astor Rocking Recliner,/p/living-room/recliners/rocking-recliners/astor-rocking-recliner/R-010519,C137178,Chocolate,Seasons,1419.0,,N,
Astor Rocking Recliner,/p/living-room/recliners/rocking-recliners/astor-rocking-recliner/R-010519,C137187,Charcoal,Seasons,1419.0,,N,
Liam Wall Recliner,/p/living-room/recliners/wall-recliners/liam-wall-recliner/R-016786,B153808,Burgundy,Seamount,1279.0,,N,
Liam Wall Recliner,/p/living-room/recliners/wall-recliners/liam-wall-recliner/R-016786,C185265,Fawn,Tiago,1069.0,1459.0,Y,26.7
Liam Wall Recliner,/p/living-room/recliners/wall-recliners/liam-wall-recliner/R-016786,C185255,Granite,Tiago,1069.0,1459.0,Y,26.7
Liam Wall Recliner,/p/living-room/recliners/wall-recliners/liam-wall-recliner/R-016786,C185252,Twilight,Tiago,1069.0,1459.0,Y,26.7
Liam Wall Recliner,/p/living-room/recliners/wall-recliners/liam-wall-recliner/R-016786,C185276,Mocha,Tiago,1069.0,1459.0,Y,26.7
Liam Wall Recliner,/p/living-room/recliners/wall-recliners/liam-wall-recliner/R-016786,C185286,Navy,Tiago,1069.0,1459.0,Y,26.7
Collage Wall Recliner,/p/living-room/recliners/wall-recliners/collage-wall-recliner/R-016734,C165962,Smoke,McKittrick,979.0,,N,
Collage Wall Recliner,/p/living-room/recliners/wall-recliners/collage-wall-recliner/R-016734,C165967,Charcoal,McKittrick,979.0,,N,
Collage Wall Recliner,/p/living-room/recliners/wall-recliners/collage-wall-recliner/R-016734,C165972,Taupe,McKittrick,979.0,,N,
Collage Wall Recliner,/p/living-room/recliners/wall-recliners/collage-wall-recliner/R-016734,C165986,Indigo,McKittrick,979.0,,N,
Finley Wall Recliner,/p/living-room/recliners/wall-recliners/finley-wall-recliner/R-016747,D209631,Bone,,1319.0,1799.0,Y,26.7
Finley Wall Recliner,/p/living-room/recliners/wall-recliners/finley-wall-recliner/R-016747,D156458,Charcoal,i-Hallandale,2169.0,,N,
Finley Wall Recliner,/p/living-room/recliners/wall-recliners/finley-wall-recliner/R-016747,D156453,Platinum,i-Hallandale,2169.0,,N,
Finley Wall Recliner,/p/living-room/recliners/wall-recliners/finley-wall-recliner/R-016747,D156431,Ivory,i-Hallandale,2169.0,,N,
Finley Wall Recliner,/p/living-room/recliners/wall-recliners/finley-wall-recliner/R-016747,D156464,Wicker,i-Hallandale,2169.0,,N,
Finley Wall Recliner,/p/living-room/recliners/wall-recliners/finley-wall-recliner/R-016747,D156487,Admiral,i-Hallandale,2169.0,,N,
Finley Wall Recliner,/p/living-room/recliners/wall-recliners/finley-wall-recliner/R-016747,C186086,Lake,Persia,1939.0,,N,
Norton Wall Recliner,/p/living-room/recliners/wall-recliners/norton-wall-recliner/R-016820,B180852,Stone,Social Club,1029.0,,N,
Norton Wall Recliner,/p/living-room/recliners/wall-recliners/norton-wall-recliner/R-016820,B180857,Charcoal,Social Club,1029.0,,N,
Norton Wall Recliner,/p/living-room/recliners/wall-recliners/norton-wall-recliner/R-016820,B180868,Pewter,Social Club,1029.0,,N,
Norton Wall Recliner,/p/living-room/recliners/wall-recliners/norton-wall-recliner/R-016820,B180872,Chalk,Social Club,1029.0,,N,
Norton Wall Recliner,/p/living-room/recliners/wall-recliners/norton-wall-recliner/R-016820,B180876,Cocoa,Social Club,1029.0,,N,
Norton Wall Recliner,/p/living-room/recliners/wall-recliners/norton-wall-recliner/R-016820,C202907,Brick,Easy,1029.0,,N,
Jay Wall Recliner,/p/living-room/recliners/wall-recliners/jay-wall-recliner/R-016706,B153808,Burgundy,Seamount,1399.0,,N,
Jay Wall Recliner,/p/living-room/recliners/wall-recliners/jay-wall-recliner/R-016706,C180974,Mushroom,Donegal,1399.0,,N,
Jay Wall Recliner,/p/living-room/recliners/wall-recliners/jay-wall-recliner/R-016706,C180987,Marine,Donegal,1399.0,,N,
Jay Wall Recliner,/p/living-room/recliners/wall-recliners/jay-wall-recliner/R-016706,C180964,Linen,Donegal,1399.0,,N,
Jay Wall Recliner,/p/living-room/recliners/wall-recliners/jay-wall-recliner/R-016706,C180969,Granite,Donegal,1399.0,,N,
Jay Wall Recliner,/p/living-room/recliners/wall-recliners/jay-wall-recliner/R-016706,C165972,Taupe,McKittrick,1629.0,,N,
Jay Wall Recliner,/p/living-room/recliners/wall-recliners/jay-wall-recliner/R-016706,C186086,Lake,Persia,1629.0,,N,
Cade Wall Recliner,/p/living-room/recliners/wall-recliners/cade-wall-recliner/R-016803,B153808,Burgundy,Seamount,1069.0,,N,
Cade Wall Recliner,/p/living-room/recliners/wall-recliners/cade-wall-recliner/R-016803,D206833,Bone,,1069.0,,N,
Cade Wall Recliner,/p/living-room/recliners/wall-recliners/cade-wall-recliner/R-016803,D206860,Pebble,,1069.0,,N,
Cade Wall Recliner,/p/living-room/recliners/wall-recliners/cade-wall-recliner/R-016803,D206871,Mineral,,1069.0,,N,
Cade Wall Recliner,/p/living-room/recliners/wall-recliners/cade-wall-recliner/R-016803,D206876,Coffee,,1069.0,,N,
Cade Wall Recliner,/p/living-room/recliners/wall-recliners/cade-wall-recliner/R-016803,D206893,Ocean,,1069.0,,N,
Cade Wall Recliner,/p/living-room/recliners/wall-recliners/cade-wall-recliner/R-016803,D209225,Moss,,1069.0,,N,
James Wall Recliner,/p/living-room/recliners/wall-recliners/james-wall-recliner/R-016521,D206659,Lead,i-Kudos,1409.0,,N,
James Wall Recliner,/p/living-room/recliners/wall-recliners/james-wall-recliner/R-016521,RE994767,Silt,Palance,1409.0,,N,
James Wall Recliner,/p/living-room/recliners/wall-recliners/james-wall-recliner/R-016521,C181254,Stone,Damon,1799.0,,N,
James Wall Recliner,/p/living-room/recliners/wall-recliners/james-wall-recliner/R-016521,C181233,Oyster,Damon,1799.0,,N,
James Wall Recliner,/p/living-room/recliners/wall-recliners/james-wall-recliner/R-016521,C181262,Muslin,Damon,1799.0,,N,
James Wall Recliner,/p/living-room/recliners/wall-recliners/james-wall-recliner/R-016521,C181286,Midnight,Damon,1799.0,,N,
James Wall Recliner,/p/living-room/recliners/wall-recliners/james-wall-recliner/R-016521,C181257,Charcoal,Damon,1799.0,,N,
Finley Power Wall Recliner w/ Headrest & Lumbar,/p/living-room/recliners/wall-recliners/finley-power-wall-recliner-w-headrest-lumbar/R-16X747,D209631,Bone,,2169.0,2949.0,Y,26.4
Finley Power Wall Recliner w/ Headrest & Lumbar,/p/living-room/recliners/wall-recliners/finley-power-wall-recliner-w-headrest-lumbar/R-16X747,D156458,Charcoal,i-Hallandale,3629.0,,N,
Finley Power Wall Recliner w/ Headrest & Lumbar,/p/living-room/recliners/wall-recliners/finley-power-wall-recliner-w-headrest-lumbar/R-16X747,D156453,Platinum,i-Hallandale,3629.0,,N,
Finley Power Wall Recliner w/ Headrest & Lumbar,/p/living-room/recliners/wall-recliners/finley-power-wall-recliner-w-headrest-lumbar/R-16X747,D156431,Ivory,i-Hallandale,3629.0,,N,
Finley Power Wall Recliner w/ Headrest & Lumbar,/p/living-room/recliners/wall-recliners/finley-power-wall-recliner-w-headrest-lumbar/R-16X747,D156464,Wicker,i-Hallandale,3629.0,,N,
Finley Power Wall Recliner w/ Headrest & Lumbar,/p/living-room/recliners/wall-recliners/finley-power-wall-recliner-w-headrest-lumbar/R-16X747,D156487,Admiral,i-Hallandale,3629.0,,N,
Finley Power Wall Recliner w/ Headrest & Lumbar,/p/living-room/recliners/wall-recliners/finley-power-wall-recliner-w-headrest-lumbar/R-16X747,C186086,Lake,Persia,3399.0,,N,
Joshua Wall Recliner,/p/living-room/recliners/wall-recliners/joshua-wall-recliner/R-016502,C185252,Twilight,Tiago,1149.0,,N,
Joshua Wall Recliner,/p/living-room/recliners/wall-recliners/joshua-wall-recliner/R-016502,LB172878,Chestnut,Goshen,1419.0,,N,
Joshua Wall Recliner,/p/living-room/recliners/wall-recliners/joshua-wall-recliner/R-016502,LB172856,Grey,Goshen,1419.0,,N,
James Power Wall Recliner w/ Headrest & Lumbar,/p/living-room/recliners/wall-recliners/james-power-wall-recliner-w-headrest-lumbar/R-16X521,B153808,Burgundy,Seamount,3029.0,,N,
James Power Wall Recliner w/ Headrest & Lumbar,/p/living-room/recliners/wall-recliners/james-power-wall-recliner-w-headrest-lumbar/R-16X521,RE994767,Silt,Palance,3029.0,,N,
James Power Wall Recliner w/ Headrest & Lumbar,/p/living-room/recliners/wall-recliners/james-power-wall-recliner-w-headrest-lumbar/R-16X521,C181254,Stone,Damon,3249.0,,N,
James Power Wall Recliner w/ Headrest & Lumbar,/p/living-room/recliners/wall-recliners/james-power-wall-recliner-w-headrest-lumbar/R-16X521,C181233,Oyster,Damon,3249.0,,N,
James Power Wall Recliner w/ Headrest & Lumbar,/p/living-room/recliners/wall-recliners/james-power-wall-recliner-w-headrest-lumbar/R-16X521,C181262,Muslin,Damon,3249.0,,N,
James Power Wall Recliner w/ Headrest & Lumbar,/p/living-room/recliners/wall-recliners/james-power-wall-recliner-w-headrest-lumbar/R-16X521,C181286,Midnight,Damon,3249.0,,N,
James Power Wall Recliner w/ Headrest & Lumbar,/p/living-room/recliners/wall-recliners/james-power-wall-recliner-w-headrest-lumbar/R-16X521,C181257,Charcoal,Damon,3249.0,,N,
Dorian Wall Recliner,/p/living-room/recliners/wall-recliners/dorian-wall-recliner/R-016755,D190531,Cream,York,1319.0,,N,
Dorian Wall Recliner,/p/living-room/recliners/wall-recliners/dorian-wall-recliner/R-016755,C186008,Wine,Persia,1939.0,,N,
Dorian Wall Recliner,/p/living-room/recliners/wall-recliners/dorian-wall-recliner/R-016755,C186086,Lake,Persia,1939.0,,N,
Dorian Wall Recliner,/p/living-room/recliners/wall-recliners/dorian-wall-recliner/R-016755,C186054,Greystone,Persia,1939.0,,N,
Dorian Wall Recliner,/p/living-room/recliners/wall-recliners/dorian-wall-recliner/R-016755,C186036,Desert,Persia,1939.0,,N,
Dorian Wall Recliner,/p/living-room/recliners/wall-recliners/dorian-wall-recliner/R-016755,C186076,Bark,Persia,1939.0,,N,
Collage Power Wall Recliner,/p/living-room/recliners/wall-recliners/collage-power-wall-recliner/R-P16734,C188232,Khaki,Lukas,1259.0,1719.0,Y,26.8
Collage Power Wall Recliner,/p/living-room/recliners/wall-recliners/collage-power-wall-recliner/R-P16734,C165962,Smoke,McKittrick,1399.0,,N,
Collage Power Wall Recliner,/p/living-room/recliners/wall-recliners/collage-power-wall-recliner/R-P16734,C165967,Charcoal,McKittrick,1399.0,,N,
Collage Power Wall Recliner,/p/living-room/recliners/wall-recliners/collage-power-wall-recliner/R-P16734,C165972,Taupe,McKittrick,1399.0,,N,
Collage Power Wall Recliner,/p/living-room/recliners/wall-recliners/collage-power-wall-recliner/R-P16734,C165986,Indigo,McKittrick,1399.0,,N,
Norton Power Wall Recliner w/ Headrest & Lumbar,/p/living-room/recliners/wall-recliners/norton-power-wall-recliner-w-headrest-lumbar/R-16X820,B180852,Stone,Social Club,1869.0,,N,
Norton Power Wall Recliner w/ Headrest & Lumbar,/p/living-room/recliners/wall-recliners/norton-power-wall-recliner-w-headrest-lumbar/R-16X820,B180857,Charcoal,Social Club,1869.0,,N,
Norton Power Wall Recliner w/ Headrest & Lumbar,/p/living-room/recliners/wall-recliners/norton-power-wall-recliner-w-headrest-lumbar/R-16X820,B180868,Pewter,Social Club,1869.0,,N,
Norton Power Wall Recliner w/ Headrest & Lumbar,/p/living-room/recliners/wall-recliners/norton-power-wall-recliner-w-headrest-lumbar/R-16X820,B180872,Chalk,Social Club,1869.0,,N,
Norton Power Wall Recliner w/ Headrest & Lumbar,/p/living-room/recliners/wall-recliners/norton-power-wall-recliner-w-headrest-lumbar/R-16X820,B180876,Cocoa,Social Club,1869.0,,N,
Norton Power Wall Recliner w/ Headrest & Lumbar,/p/living-room/recliners/wall-recliners/norton-power-wall-recliner-w-headrest-lumbar/R-16X820,C202907,Brick,Easy,1869.0,,N,
Cade Power Wall Recliner w/ Headrest & Lumbar,/p/living-room/recliners/wall-recliners/cade-power-wall-recliner-w-headrest-lumbar/R-16X803,B153808,Burgundy,Seamount,1679.0,,N,
Cade Power Wall Recliner w/ Headrest & Lumbar,/p/living-room/recliners/wall-recliners/cade-power-wall-recliner-w-headrest-lumbar/R-16X803,D206833,Bone,,1679.0,,N,
Cade Power Wall Recliner w/ Headrest & Lumbar,/p/living-room/recliners/wall-recliners/cade-power-wall-recliner-w-headrest-lumbar/R-16X803,D206860,Pebble,,1679.0,,N,
Cade Power Wall Recliner w/ Headrest & Lumbar,/p/living-room/recliners/wall-recliners/cade-power-wall-recliner-w-headrest-lumbar/R-16X803,D206871,Mineral,,1679.0,,N,
Cade Power Wall Recliner w/ Headrest & Lumbar,/p/living-room/recliners/wall-recliners/cade-power-wall-recliner-w-headrest-lumbar/R-16X803,D206876,Coffee,,1679.0,,N,
Cade Power Wall Recliner w/ Headrest & Lumbar,/p/living-room/recliners/wall-recliners/cade-power-wall-recliner-w-headrest-lumbar/R-16X803,D206893,Ocean,,1679.0,,N,
Cade Power Wall Recliner w/ Headrest & Lumbar,/p/living-room/recliners/wall-recliners/cade-power-wall-recliner-w-headrest-lumbar/R-16X803,D209225,Moss,,1679.0,,N,
Liam Power Wall Recliner w/ Headrest & Lumbar,/p/living-room/recliners/wall-recliners/liam-power-wall-recliner-w-headrest-lumbar/R-16X786,B153808,Burgundy,Seamount,2319.0,,N,
Liam Power Wall Recliner w/ Headrest & Lumbar,/p/living-room/recliners/wall-recliners/liam-power-wall-recliner-w-headrest-lumbar/R-16X786,C185265,Fawn,Tiago,1679.0,2279.0,Y,26.3
Liam Power Wall Recliner w/ Headrest & Lumbar,/p/living-room/recliners/wall-recliners/liam-power-wall-recliner-w-headrest-lumbar/R-16X786,C185255,Granite,Tiago,1679.0,2279.0,Y,26.3
Liam Power Wall Recliner w/ Headrest & Lumbar,/p/living-room/recliners/wall-recliners/liam-power-wall-recliner-w-headrest-lumbar/R-16X786,C185252,Twilight,Tiago,1679.0,2279.0,Y,26.3
Liam Power Wall Recliner w/ Headrest & Lumbar,/p/living-room/recliners/wall-recliners/liam-power-wall-recliner-w-headrest-lumbar/R-16X786,C185276,Mocha,Tiago,1679.0,2279.0,Y,26.3
Liam Power Wall Recliner w/ Headrest & Lumbar,/p/living-room/recliners/wall-recliners/liam-power-wall-recliner-w-headrest-lumbar/R-16X786,C185286,Navy,Tiago,1679.0,2279.0,Y,26.3
Ava Power Wall Recliner w/ Headrest & Lumbar,/p/living-room/recliners/wall-recliners/ava-power-wall-recliner-w-headrest-lumbar/R-16X769,C196532,Ivory,Nora,2109.0,,N,
Ava Power Wall Recliner w/ Headrest & Lumbar,/p/living-room/recliners/wall-recliners/ava-power-wall-recliner-w-headrest-lumbar/R-16X769,C196552,Oyster,Nora,2109.0,,N,
Ava Power Wall Recliner w/ Headrest & Lumbar,/p/living-room/recliners/wall-recliners/ava-power-wall-recliner-w-headrest-lumbar/R-16X769,C196566,Truffle,Nora,2109.0,,N,
Ava Power Wall Recliner w/ Headrest & Lumbar,/p/living-room/recliners/wall-recliners/ava-power-wall-recliner-w-headrest-lumbar/R-16X769,C196584,Harbor,Nora,2109.0,,N,
Ava Power Wall Recliner w/ Headrest & Lumbar,/p/living-room/recliners/wall-recliners/ava-power-wall-recliner-w-headrest-lumbar/R-16X769,LB192935,Ivory,Topflight,2469.0,,N,
Ava Power Wall Recliner w/ Headrest & Lumbar,/p/living-room/recliners/wall-recliners/ava-power-wall-recliner-w-headrest-lumbar/R-16X769,LB192979,Mineral,Topflight,2469.0,,N,
Dorian Power Wall Recliner w/ Headrest & Lumbar,/p/living-room/recliners/wall-recliners/dorian-power-wall-recliner-w-headrest-lumbar/R-16X755,D190531,Cream,York,2169.0,,N,
Dorian Power Wall Recliner w/ Headrest & Lumbar,/p/living-room/recliners/wall-recliners/dorian-power-wall-recliner-w-headrest-lumbar/R-16X755,C186008,Wine,Persia,3399.0,,N,
Dorian Power Wall Recliner w/ Headrest & Lumbar,/p/living-room/recliners/wall-recliners/dorian-power-wall-recliner-w-headrest-lumbar/R-16X755,C186086,Lake,Persia,3399.0,,N,
Dorian Power Wall Recliner w/ Headrest & Lumbar,/p/living-room/recliners/wall-recliners/dorian-power-wall-recliner-w-headrest-lumbar/R-16X755,C186054,Greystone,Persia,3399.0,,N,
Dorian Power Wall Recliner w/ Headrest & Lumbar,/p/living-room/recliners/wall-recliners/dorian-power-wall-recliner-w-headrest-lumbar/R-16X755,C186036,Desert,Persia,3399.0,,N,
Dorian Power Wall Recliner w/ Headrest & Lumbar,/p/living-room/recliners/wall-recliners/dorian-power-wall-recliner-w-headrest-lumbar/R-16X755,C186076,Bark,Persia,3399.0,,N,
Jay Power Wall Recliner w/ Headrest & Lumbar,/p/living-room/recliners/wall-recliners/jay-power-wall-recliner-w-headrest-lumbar/R-16X706,BL211778,Chocolate,,2589.0,,N,
Jay Power Wall Recliner w/ Headrest & Lumbar,/p/living-room/recliners/wall-recliners/jay-power-wall-recliner-w-headrest-lumbar/R-16X706,C180974,Mushroom,Donegal,2859.0,,N,
Jay Power Wall Recliner w/ Headrest & Lumbar,/p/living-room/recliners/wall-recliners/jay-power-wall-recliner-w-headrest-lumbar/R-16X706,C180987,Marine,Donegal,2859.0,,N,
Jay Power Wall Recliner w/ Headrest & Lumbar,/p/living-room/recliners/wall-recliners/jay-power-wall-recliner-w-headrest-lumbar/R-16X706,C180964,Linen,Donegal,2859.0,,N,
Jay Power Wall Recliner w/ Headrest & Lumbar,/p/living-room/recliners/wall-recliners/jay-power-wall-recliner-w-headrest-lumbar/R-16X706,C180969,Granite,Donegal,2859.0,,N,
Jay Power Wall Recliner w/ Headrest & Lumbar,/p/living-room/recliners/wall-recliners/jay-power-wall-recliner-w-headrest-lumbar/R-16X706,C165972,Taupe,McKittrick,3089.0,,N,
Jay Power Wall Recliner w/ Headrest & Lumbar,/p/living-room/recliners/wall-recliners/jay-power-wall-recliner-w-headrest-lumbar/R-16X706,C186086,Lake,Persia,3089.0,,N,
Joshua Power Wall Recliner w/ Headrest & Lumbar,/p/living-room/recliners/wall-recliners/joshua-power-wall-recliner-w-headrest-lumbar/R-16X502,C185252,Twilight,Tiago,1979.0,,N,
Joshua Power Wall Recliner w/ Headrest & Lumbar,/p/living-room/recliners/wall-recliners/joshua-power-wall-recliner-w-headrest-lumbar/R-16X502,LB172878,Chestnut,Goshen,2259.0,,N,
Joshua Power Wall Recliner w/ Headrest & Lumbar,/p/living-room/recliners/wall-recliners/joshua-power-wall-recliner-w-headrest-lumbar/R-16X502,LB172856,Grey,Goshen,2259.0,,N,
Ava Wall Recliner,/p/living-room/recliners/wall-recliners/ava-wall-recliner/R-016769,C196532,Ivory,Nora,1259.0,,N,
Ava Wall Recliner,/p/living-room/recliners/wall-recliners/ava-wall-recliner/R-016769,C196552,Oyster,Nora,1259.0,,N,
Ava Wall Recliner,/p/living-room/recliners/wall-recliners/ava-wall-recliner/R-016769,C196566,Truffle,Nora,1259.0,,N,
Ava Wall Recliner,/p/living-room/recliners/wall-recliners/ava-wall-recliner/R-016769,C196584,Harbor,Nora,1259.0,,N,
Ava Wall Recliner,/p/living-room/recliners/wall-recliners/ava-wall-recliner/R-016769,LB192935,Ivory,Topflight,1679.0,,N,
Ava Wall Recliner,/p/living-room/recliners/wall-recliners/ava-wall-recliner/R-016769,LB192979,Mineral,Topflight,1679.0,,N,
Greyson Power Wall Recliner w/ Headrest & Lumbar,/p/living-room/recliners/wall-recliners/greyson-power-wall-recliner-w-headrest-lumbar/R-16X530,D212533,Oyster,,2229.0,,N,
Greyson Power Wall Recliner w/ Headrest & Lumbar,/p/living-room/recliners/wall-recliners/greyson-power-wall-recliner-w-headrest-lumbar/R-16X530,LB193077,Caramel,Salvo,2769.0,,N,
Greyson Power Wall Recliner w/ Headrest & Lumbar,/p/living-room/recliners/wall-recliners/greyson-power-wall-recliner-w-headrest-lumbar/R-16X530,LB193032,Ice,Salvo,2769.0,,N,
Vail Wall Recliner,/p/living-room/recliners/wall-recliners/vail-wall-recliner/R-016403,B153808,Burgundy,Seamount,1029.0,,N,
Vail Wall Recliner,/p/living-room/recliners/wall-recliners/vail-wall-recliner/R-016403,B166278,Walnut,Rodigo,1029.0,,N,
Vail Wall Recliner,/p/living-room/recliners/wall-recliners/vail-wall-recliner/R-016403,B166257,Stone,Rodigo,1029.0,,N,
Vail Wall Recliner,/p/living-room/recliners/wall-recliners/vail-wall-recliner/R-016403,B166286,Navy,Rodigo,1029.0,,N,
Vail Wall Recliner,/p/living-room/recliners/wall-recliners/vail-wall-recliner/R-016403,B166276,Marsh,Rodigo,1029.0,,N,
Vail Wall Recliner,/p/living-room/recliners/wall-recliners/vail-wall-recliner/R-016403,C186086,Lake,Persia,1029.0,,N,
Pinnacle Wall Recliner,/p/living-room/recliners/wall-recliners/pinnacle-wall-recliner/R-016512,B153808,Burgundy,Seamount,649.0,1609.0,Y,59.7
Pinnacle Wall Recliner,/p/living-room/recliners/wall-recliners/pinnacle-wall-recliner/R-016512,D160654,Dove,i-Halifax,649.0,1259.0,Y,48.5
Pinnacle Wall Recliner,/p/living-room/recliners/wall-recliners/pinnacle-wall-recliner/R-016512,D160632,Shell,i-Halifax,649.0,1259.0,Y,48.5
Pinnacle Wall Recliner,/p/living-room/recliners/wall-recliners/pinnacle-wall-recliner/R-016512,D160678,Java,i-Halifax,649.0,1259.0,Y,48.5
Pinnacle Wall Recliner,/p/living-room/recliners/wall-recliners/pinnacle-wall-recliner/R-016512,D160686,Denim,i-Halifax,649.0,1259.0,Y,48.5
Pinnacle Wall Recliner,/p/living-room/recliners/wall-recliners/pinnacle-wall-recliner/R-016512,D160662,Antique,i-Halifax,649.0,1259.0,Y,48.5
Pinnacle Wall Recliner,/p/living-room/recliners/wall-recliners/pinnacle-wall-recliner/R-016512,D175986,Navy,i-Saxton,649.0,1259.0,Y,48.5
Sherman Power Wall Recliner,/p/living-room/recliners/wall-recliners/sherman-power-wall-recliner/R-P16725,B153808,Burgundy,Seamount,1209.0,,N,
Sherman Power Wall Recliner,/p/living-room/recliners/wall-recliners/sherman-power-wall-recliner/R-P16725,C206759,Onyx,,1209.0,,N,
Sherman Power Wall Recliner,/p/living-room/recliners/wall-recliners/sherman-power-wall-recliner/R-P16725,C206764,Slate,,1209.0,,N,
Sherman Power Wall Recliner,/p/living-room/recliners/wall-recliners/sherman-power-wall-recliner/R-P16725,C206774,Mocha,,1209.0,,N,
Sherman Power Wall Recliner,/p/living-room/recliners/wall-recliners/sherman-power-wall-recliner/R-P16725,C206786,Midnight,,1209.0,,N,
Sherman Power Wall Recliner,/p/living-room/recliners/wall-recliners/sherman-power-wall-recliner/R-P16725,C203751,Porcelain,Tennant,1209.0,,N,
Sherman Power Wall Recliner,/p/living-room/recliners/wall-recliners/sherman-power-wall-recliner/R-P16725,C203762,Ceramic,Tennant,1209.0,,N,
Vail Power Wall Recliner,/p/living-room/recliners/wall-recliners/vail-power-wall-recliner/R-P16403,B153808,Burgundy,Seamount,1259.0,,N,
Vail Power Wall Recliner,/p/living-room/recliners/wall-recliners/vail-power-wall-recliner/R-P16403,C186008,Wine,Persia,1259.0,,N,
Vail Power Wall Recliner,/p/living-room/recliners/wall-recliners/vail-power-wall-recliner/R-P16403,C186086,Lake,Persia,1259.0,,N,
Vail Power Wall Recliner,/p/living-room/recliners/wall-recliners/vail-power-wall-recliner/R-P16403,C186054,Greystone,Persia,1259.0,,N,
Vail Power Wall Recliner,/p/living-room/recliners/wall-recliners/vail-power-wall-recliner/R-P16403,C186036,Desert,Persia,1259.0,,N,
Vail Power Wall Recliner,/p/living-room/recliners/wall-recliners/vail-power-wall-recliner/R-P16403,C186076,Bark,Persia,1259.0,,N,
Neo Power Wall Recliner w/ Headrest & Lumbar,/p/living-room/recliners/wall-recliners/neo-power-wall-recliner-w-headrest-lumbar/R-16X762,E165231,Pearl,i-Liv,2419.0,,N,
Neo Power Wall Recliner w/ Headrest & Lumbar,/p/living-room/recliners/wall-recliners/neo-power-wall-recliner-w-headrest-lumbar/R-16X762,E165235,Wicker,i-Liv,2419.0,,N,
Neo Power Wall Recliner w/ Headrest & Lumbar,/p/living-room/recliners/wall-recliners/neo-power-wall-recliner-w-headrest-lumbar/R-16X762,E165252,Dove,i-Liv,2419.0,,N,
Neo Power Wall Recliner w/ Headrest & Lumbar,/p/living-room/recliners/wall-recliners/neo-power-wall-recliner-w-headrest-lumbar/R-16X762,E165296,Tropic,i-Liv,2419.0,,N,
Neo Power Wall Recliner w/ Headrest & Lumbar,/p/living-room/recliners/wall-recliners/neo-power-wall-recliner-w-headrest-lumbar/R-16X762,D182535,Pebble,i-Raven Crest,2429.0,,N,
Neo Power Wall Recliner w/ Headrest & Lumbar,/p/living-room/recliners/wall-recliners/neo-power-wall-recliner-w-headrest-lumbar/R-16X762,D182558,Ash,i-Raven Crest,2429.0,,N,
Harbor Town Power Wall Recliner,/p/living-room/recliners/wall-recliners/harbor-town-power-wall-recliner/R-P16799,D180732,Oyster,Fairfax,1569.0,,N,
Harbor Town Power Wall Recliner,/p/living-room/recliners/wall-recliners/harbor-town-power-wall-recliner/R-P16799,C186086,Lake,Persia,2359.0,,N,
Redwood Power Wall Recliner w/ Headrest & Lumbar,/p/living-room/recliners/wall-recliners/redwood-power-wall-recliner-w-headrest-lumbar/R-16X776,D160454,Charcoal,i-Outlier,2609.0,,N,
Redwood Power Wall Recliner w/ Headrest & Lumbar,/p/living-room/recliners/wall-recliners/redwood-power-wall-recliner-w-headrest-lumbar/R-16X776,D160462,Mushroom,i-Outlier,2609.0,,N,
Redwood Power Wall Recliner w/ Headrest & Lumbar,/p/living-room/recliners/wall-recliners/redwood-power-wall-recliner-w-headrest-lumbar/R-16X776,D160458,Slate,i-Outlier,2609.0,,N,
Redwood Power Wall Recliner w/ Headrest & Lumbar,/p/living-room/recliners/wall-recliners/redwood-power-wall-recliner-w-headrest-lumbar/R-16X776,D160479,Godiva,i-Outlier,2609.0,,N,
Redwood Power Wall Recliner w/ Headrest & Lumbar,/p/living-room/recliners/wall-recliners/redwood-power-wall-recliner-w-headrest-lumbar/R-16X776,D160476,Ash,i-Outlier,2609.0,,N,
Redwood Power Wall Recliner w/ Headrest & Lumbar,/p/living-room/recliners/wall-recliners/redwood-power-wall-recliner-w-headrest-lumbar/R-16X776,LB164879,Chocolate,Prestige,3099.0,,N,
Harbor Town Wall Recliner,/p/living-room/recliners/wall-recliners/harbor-town-wall-recliner/R-016799,D180732,Oyster,Fairfax,1319.0,,N,
Harbor Town Wall Recliner,/p/living-room/recliners/wall-recliners/harbor-town-wall-recliner/R-016799,C186086,Lake,Persia,1939.0,,N,
Morrison Wall Recliner,/p/living-room/recliners/wall-recliners/morrison-wall-recliner/R-016766,B153808,Burgundy,Seamount,1099.0,,N,
Morrison Wall Recliner,/p/living-room/recliners/wall-recliners/morrison-wall-recliner/R-016766,B153853,Silver,Seamount,1099.0,,N,
Morrison Wall Recliner,/p/living-room/recliners/wall-recliners/morrison-wall-recliner/R-016766,B153874,Sable,Seamount,1099.0,,N,
Morrison Wall Recliner,/p/living-room/recliners/wall-recliners/morrison-wall-recliner/R-016766,B153885,Indigo,Seamount,1099.0,,N,
Morrison Wall Recliner,/p/living-room/recliners/wall-recliners/morrison-wall-recliner/R-016766,B153876,Cappuccino,Seamount,1099.0,,N,
Morrison Wall Recliner,/p/living-room/recliners/wall-recliners/morrison-wall-recliner/R-016766,C186086,Lake,Persia,1629.0,,N,
Dutton Power Wall Recliner w/ Headrest & Lumbar,/p/living-room/recliners/wall-recliners/dutton-power-wall-recliner-w-headrest-lumbar/R-16X828,C212152,Mineral,,2169.0,,N,
Dutton Power Wall Recliner w/ Headrest & Lumbar,/p/living-room/recliners/wall-recliners/dutton-power-wall-recliner-w-headrest-lumbar/R-16X828,D207178,Brownstone,,2169.0,,N,
Dutton Power Wall Recliner w/ Headrest & Lumbar,/p/living-room/recliners/wall-recliners/dutton-power-wall-recliner-w-headrest-lumbar/R-16X828,D207154,Grey,,2169.0,,N,
Dutton Power Wall Recliner w/ Headrest & Lumbar,/p/living-room/recliners/wall-recliners/dutton-power-wall-recliner-w-headrest-lumbar/R-16X828,D207152,Mushroom,,2169.0,,N,
Dutton Power Wall Recliner w/ Headrest & Lumbar,/p/living-room/recliners/wall-recliners/dutton-power-wall-recliner-w-headrest-lumbar/R-16X828,D207131,Linen,,2169.0,,N,
Dutton Power Wall Recliner w/ Headrest & Lumbar,/p/living-room/recliners/wall-recliners/dutton-power-wall-recliner-w-headrest-lumbar/R-16X828,D207119,Salsa,,2169.0,,N,
Kodie Power Wall Recliner w/ Headrest & Lumbar,/p/living-room/recliners/wall-recliners/kodie-power-wall-recliner-w-headrest-lumbar/R-16X715,B153808,Burgundy,Seamount,1929.0,,N,
Kodie Power Wall Recliner w/ Headrest & Lumbar,/p/living-room/recliners/wall-recliners/kodie-power-wall-recliner-w-headrest-lumbar/R-16X715,D200931,Ecru,Promise,1929.0,,N,
Kodie Power Wall Recliner w/ Headrest & Lumbar,/p/living-room/recliners/wall-recliners/kodie-power-wall-recliner-w-headrest-lumbar/R-16X715,D200946,Gold,Promise,1929.0,,N,
Kodie Power Wall Recliner w/ Headrest & Lumbar,/p/living-room/recliners/wall-recliners/kodie-power-wall-recliner-w-headrest-lumbar/R-16X715,D200952,Oyster,Promise,1929.0,,N,
Kodie Power Wall Recliner w/ Headrest & Lumbar,/p/living-room/recliners/wall-recliners/kodie-power-wall-recliner-w-headrest-lumbar/R-16X715,D200959,Thunder,Promise,1929.0,,N,
Kodie Power Wall Recliner w/ Headrest & Lumbar,/p/living-room/recliners/wall-recliners/kodie-power-wall-recliner-w-headrest-lumbar/R-16X715,D200972,Khaki,Promise,1929.0,,N,
Kodie Power Wall Recliner w/ Headrest & Lumbar,/p/living-room/recliners/wall-recliners/kodie-power-wall-recliner-w-headrest-lumbar/R-16X715,D200983,Powder,Promise,1929.0,,N,
Pinnacle Power Wall Recliner w/ Headrest & Lumbar,/p/living-room/recliners/wall-recliners/pinnacle-power-wall-recliner-w-headrest-lumbar/R-16X512,B153808,Burgundy,Seamount,1199.0,3069.0,Y,60.9
Pinnacle Power Wall Recliner w/ Headrest & Lumbar,/p/living-room/recliners/wall-recliners/pinnacle-power-wall-recliner-w-headrest-lumbar/R-16X512,D160654,Dove,i-Halifax,1199.0,2109.0,Y,43.1
Pinnacle Power Wall Recliner w/ Headrest & Lumbar,/p/living-room/recliners/wall-recliners/pinnacle-power-wall-recliner-w-headrest-lumbar/R-16X512,D160632,Shell,i-Halifax,1199.0,2109.0,Y,43.1
Pinnacle Power Wall Recliner w/ Headrest & Lumbar,/p/living-room/recliners/wall-recliners/pinnacle-power-wall-recliner-w-headrest-lumbar/R-16X512,D160678,Java,i-Halifax,1199.0,2109.0,Y,43.1
Pinnacle Power Wall Recliner w/ Headrest & Lumbar,/p/living-room/recliners/wall-recliners/pinnacle-power-wall-recliner-w-headrest-lumbar/R-16X512,D160686,Denim,i-Halifax,1199.0,2109.0,Y,43.1
Pinnacle Power Wall Recliner w/ Headrest & Lumbar,/p/living-room/recliners/wall-recliners/pinnacle-power-wall-recliner-w-headrest-lumbar/R-16X512,D160662,Antique,i-Halifax,1199.0,2109.0,Y,43.1
Pinnacle Power Wall Recliner w/ Headrest & Lumbar,/p/living-room/recliners/wall-recliners/pinnacle-power-wall-recliner-w-headrest-lumbar/R-16X512,D175986,Navy,i-Saxton,1199.0,2109.0,Y,43.1
Jasper Wall Recliner,/p/living-room/recliners/wall-recliners/jasper-wall-recliner/R-016709,B153808,Burgundy,Seamount,1099.0,,N,
Jasper Wall Recliner,/p/living-room/recliners/wall-recliners/jasper-wall-recliner/R-016709,C162532,Sand,Vance,1099.0,,N,
Jasper Wall Recliner,/p/living-room/recliners/wall-recliners/jasper-wall-recliner/R-016709,C162527,Sage,Vance,1099.0,,N,
Jasper Wall Recliner,/p/living-room/recliners/wall-recliners/jasper-wall-recliner/R-016709,C162576,Mocha,Vance,1099.0,,N,
Jasper Wall Recliner,/p/living-room/recliners/wall-recliners/jasper-wall-recliner/R-016709,C162552,Ice,Vance,1099.0,,N,
Jasper Wall Recliner,/p/living-room/recliners/wall-recliners/jasper-wall-recliner/R-016709,C162508,Garnet,Vance,1099.0,,N,
Jasper Wall Recliner,/p/living-room/recliners/wall-recliners/jasper-wall-recliner/R-016709,C162586,Eclipse,Vance,1099.0,,N,
Ace Power Wall Recliner w/ Headrest & Lumbar,/p/living-room/recliners/wall-recliners/ace-power-wall-recliner-w-headrest-lumbar/R-16X805,D206659,Lead,i-Kudos,2679.0,,N,
Ace Power Wall Recliner w/ Headrest & Lumbar,/p/living-room/recliners/wall-recliners/ace-power-wall-recliner-w-headrest-lumbar/R-16X805,D206661,Oyster,i-Kudos,2679.0,,N,
Ace Power Wall Recliner w/ Headrest & Lumbar,/p/living-room/recliners/wall-recliners/ace-power-wall-recliner-w-headrest-lumbar/R-16X805,D206667,Tawny,i-Kudos,2679.0,,N,
Ace Power Wall Recliner w/ Headrest & Lumbar,/p/living-room/recliners/wall-recliners/ace-power-wall-recliner-w-headrest-lumbar/R-16X805,D206677,Mocha,i-Kudos,2679.0,,N,
Ace Power Wall Recliner w/ Headrest & Lumbar,/p/living-room/recliners/wall-recliners/ace-power-wall-recliner-w-headrest-lumbar/R-16X805,D206680,Powder,i-Kudos,2679.0,,N,
Ace Power Wall Recliner w/ Headrest & Lumbar,/p/living-room/recliners/wall-recliners/ace-power-wall-recliner-w-headrest-lumbar/R-16X805,D185553,Fossil,i-Rivers,2689.0,,N,
Rowan Wall Recliner,/p/living-room/recliners/wall-recliners/rowan-wall-recliner/R-016765,C170033,Oyster,Nico,1149.0,,N,
Rowan Wall Recliner,/p/living-room/recliners/wall-recliners/rowan-wall-recliner/R-016765,C170057,Charcoal,Nico,1149.0,,N,
Rowan Wall Recliner,/p/living-room/recliners/wall-recliners/rowan-wall-recliner/R-016765,C170053,Ash,Nico,1149.0,,N,
Scarlett High Leg Reclining Chair,/p/living-room/recliners/high-leg-recliners/scarlett-high-leg-reclining-chair/R-028431,B153808,Burgundy,Seamount,599.0,1109.0,Y,46.0
Scarlett High Leg Reclining Chair,/p/living-room/recliners/high-leg-recliners/scarlett-high-leg-reclining-chair/R-028431,BL981051,Dusty,Cozy Match,2579.0,,N,
Scarlett High Leg Reclining Chair,/p/living-room/recliners/high-leg-recliners/scarlett-high-leg-reclining-chair/R-028431,E182032,Cream,Wheelie,1239.0,,N,
Scarlett High Leg Reclining Chair,/p/living-room/recliners/high-leg-recliners/scarlett-high-leg-reclining-chair/R-028431,C165962,Smoke,McKittrick,599.0,1109.0,Y,46.0
Scarlett High Leg Reclining Chair,/p/living-room/recliners/high-leg-recliners/scarlett-high-leg-reclining-chair/R-028431,E181517,Poppy,i-Emarosa,1239.0,,N,
Scarlett High Leg Reclining Chair,/p/living-room/recliners/high-leg-recliners/scarlett-high-leg-reclining-chair/R-028431,C165967,Charcoal,McKittrick,599.0,1109.0,Y,46.0
Kimberly High Leg Reclining Chair,/p/living-room/recliners/high-leg-recliners/kimberly-high-leg-reclining-chair/R-028916,B153808,Burgundy,Seamount,1339.0,,N,
Kimberly High Leg Reclining Chair,/p/living-room/recliners/high-leg-recliners/kimberly-high-leg-reclining-chair/R-028916,E182032,Cream,Wheelie,1569.0,,N,
Kimberly High Leg Reclining Chair,/p/living-room/recliners/high-leg-recliners/kimberly-high-leg-reclining-chair/R-028916,C165962,Smoke,McKittrick,1339.0,,N,
Kimberly High Leg Reclining Chair,/p/living-room/recliners/high-leg-recliners/kimberly-high-leg-reclining-chair/R-028916,E181517,Poppy,i-Emarosa,1569.0,,N,
Kimberly High Leg Reclining Chair,/p/living-room/recliners/high-leg-recliners/kimberly-high-leg-reclining-chair/R-028916,C165967,Charcoal,McKittrick,1339.0,,N,
Brentwood High Leg Reclining Chair,/p/living-room/recliners/high-leg-recliners/brentwood-high-leg-reclining-chair/R-295430,B153808,Burgundy,Seamount,2189.0,,N,
Brentwood High Leg Reclining Chair,/p/living-room/recliners/high-leg-recliners/brentwood-high-leg-reclining-chair/R-295430,E182032,Cream,Wheelie,2419.0,,N,
Brentwood High Leg Reclining Chair,/p/living-room/recliners/high-leg-recliners/brentwood-high-leg-reclining-chair/R-295430,C165962,Smoke,McKittrick,2189.0,,N,
Brentwood High Leg Reclining Chair,/p/living-room/recliners/high-leg-recliners/brentwood-high-leg-reclining-chair/R-295430,E181517,Poppy,i-Emarosa,2419.0,,N,
Brentwood High Leg Reclining Chair,/p/living-room/recliners/high-leg-recliners/brentwood-high-leg-reclining-chair/R-295430,C165967,Charcoal,McKittrick,2189.0,,N,
Charlotte High Leg Reclining Chair,/p/living-room/recliners/high-leg-recliners/charlotte-high-leg-reclining-chair/R-028931,B153808,Burgundy,Seamount,1109.0,,N,
Charlotte High Leg Reclining Chair,/p/living-room/recliners/high-leg-recliners/charlotte-high-leg-reclining-chair/R-028931,E182032,Cream,Wheelie,1239.0,,N,
Charlotte High Leg Reclining Chair,/p/living-room/recliners/high-leg-recliners/charlotte-high-leg-reclining-chair/R-028931,C165962,Smoke,McKittrick,1109.0,,N,
Charlotte High Leg Reclining Chair,/p/living-room/recliners/high-leg-recliners/charlotte-high-leg-reclining-chair/R-028931,E181517,Poppy,i-Emarosa,1239.0,,N,
Charlotte High Leg Reclining Chair,/p/living-room/recliners/high-leg-recliners/charlotte-high-leg-reclining-chair/R-028931,C165967,Charcoal,McKittrick,1109.0,,N,
Eldorado High Leg Reclining Chair,/p/living-room/recliners/high-leg-recliners/eldorado-high-leg-reclining-chair/R-295423,G166464,Sandstone,i-Barber,2199.0,,N,
Eldorado High Leg Reclining Chair,/p/living-room/recliners/high-leg-recliners/eldorado-high-leg-reclining-chair/R-295423,E182032,Cream,Wheelie,2999.0,,N,
Eldorado High Leg Reclining Chair,/p/living-room/recliners/high-leg-recliners/eldorado-high-leg-reclining-chair/R-295423,J182118,Spice,Houston,2199.0,,N,
Eldorado High Leg Reclining Chair,/p/living-room/recliners/high-leg-recliners/eldorado-high-leg-reclining-chair/R-295423,C167076,Daybreak,Northern Exposure,2779.0,,N,
Eldorado High Leg Reclining Chair,/p/living-room/recliners/high-leg-recliners/eldorado-high-leg-reclining-chair/R-295423,DL159557,Charcoal,Montana,2569.0,,N,
Eldorado High Leg Reclining Chair,/p/living-room/recliners/high-leg-recliners/eldorado-high-leg-reclining-chair/R-295423,DL159574,Camel,Montana,2569.0,,N,
Eldorado High Leg Reclining Chair,/p/living-room/recliners/high-leg-recliners/eldorado-high-leg-reclining-chair/R-295423,D166575,Aurora,i-Tazlina,2199.0,,N,
Rheeves High Leg Power Recliner w/ Headrest,/p/living-room/recliners/high-leg-recliners/rheeves-high-leg-power-recliner-w-headrest/R-29U458,D149415,Currant,Prospect,2119.0,,N,
Rheeves High Leg Power Recliner w/ Headrest,/p/living-room/recliners/high-leg-recliners/rheeves-high-leg-power-recliner-w-headrest/R-29U458,E182032,Cream,Wheelie,2119.0,,N,
Rheeves High Leg Power Recliner w/ Headrest,/p/living-room/recliners/high-leg-recliners/rheeves-high-leg-power-recliner-w-headrest/R-29U458,C165962,Smoke,McKittrick,2149.0,,N,
Rheeves High Leg Power Recliner w/ Headrest,/p/living-room/recliners/high-leg-recliners/rheeves-high-leg-power-recliner-w-headrest/R-29U458,E181517,Poppy,i-Emarosa,2119.0,,N,
Rheeves High Leg Power Recliner w/ Headrest,/p/living-room/recliners/high-leg-recliners/rheeves-high-leg-power-recliner-w-headrest/R-29U458,C165967,Charcoal,McKittrick,2149.0,,N,
Carleton High Leg Reclining Chair,/p/living-room/recliners/high-leg-recliners/carleton-high-leg-reclining-chair/R-295471,D149415,Currant,Prospect,1759.0,,N,
Carleton High Leg Reclining Chair,/p/living-room/recliners/high-leg-recliners/carleton-high-leg-reclining-chair/R-295471,E182032,Cream,Wheelie,1759.0,,N,
Carleton High Leg Reclining Chair,/p/living-room/recliners/high-leg-recliners/carleton-high-leg-reclining-chair/R-295471,C165962,Smoke,McKittrick,2189.0,,N,
Carleton High Leg Reclining Chair,/p/living-room/recliners/high-leg-recliners/carleton-high-leg-reclining-chair/R-295471,E181517,Poppy,i-Emarosa,1759.0,,N,
Carleton High Leg Reclining Chair,/p/living-room/recliners/high-leg-recliners/carleton-high-leg-reclining-chair/R-295471,C165967,Charcoal,McKittrick,2189.0,,N,
Rheeves High Leg Reclining Chair,/p/living-room/recliners/high-leg-recliners/rheeves-high-leg-reclining-chair/R-295458,B153808,Burgundy,Seamount,1509.0,,N,
Rheeves High Leg Reclining Chair,/p/living-room/recliners/high-leg-recliners/rheeves-high-leg-reclining-chair/R-295458,E182032,Cream,Wheelie,1639.0,,N,
Rheeves High Leg Reclining Chair,/p/living-room/recliners/high-leg-recliners/rheeves-high-leg-reclining-chair/R-295458,C165962,Smoke,McKittrick,1509.0,,N,
Rheeves High Leg Reclining Chair,/p/living-room/recliners/high-leg-recliners/rheeves-high-leg-reclining-chair/R-295458,E181517,Poppy,i-Emarosa,1639.0,,N,
Rheeves High Leg Reclining Chair,/p/living-room/recliners/high-leg-recliners/rheeves-high-leg-reclining-chair/R-295458,C165967,Charcoal,McKittrick,1509.0,,N,
Riley High Leg Reclining Chair,/p/living-room/recliners/high-leg-recliners/riley-high-leg-reclining-chair/R-295448,D149415,Currant,Prospect,1659.0,,N,
Riley High Leg Reclining Chair,/p/living-room/recliners/high-leg-recliners/riley-high-leg-reclining-chair/R-295448,E182032,Cream,Wheelie,1659.0,,N,
Riley High Leg Reclining Chair,/p/living-room/recliners/high-leg-recliners/riley-high-leg-reclining-chair/R-295448,C165962,Smoke,McKittrick,2069.0,,N,
Riley High Leg Reclining Chair,/p/living-room/recliners/high-leg-recliners/riley-high-leg-reclining-chair/R-295448,E181517,Poppy,i-Emarosa,1659.0,,N,
Riley High Leg Reclining Chair,/p/living-room/recliners/high-leg-recliners/riley-high-leg-reclining-chair/R-295448,C165967,Charcoal,McKittrick,2069.0,,N,
Audrey High Leg Reclining Chair,/p/living-room/recliners/high-leg-recliners/audrey-high-leg-reclining-chair/R-295457,B153808,Burgundy,Seamount,1479.0,,N,
Colby duo® Reclining Chair,/p/living-room/recliners/high-leg-recliners/colby-duo-reclining-chair/R-P94893,C170033,Oyster,Nico,2129.0,,N,
Colby duo® Reclining Chair,/p/living-room/recliners/high-leg-recliners/colby-duo-reclining-chair/R-P94893,DL159665,Clay,Titan,5099.0,,N,
Colby duo® Reclining Chair,/p/living-room/recliners/high-leg-recliners/colby-duo-reclining-chair/R-P94893,DL159674,Cinnamon,Titan,5099.0,,N,
Colby duo® Reclining Chair,/p/living-room/recliners/high-leg-recliners/colby-duo-reclining-chair/R-P94893,DL159658,Charcoal,Titan,5099.0,,N,
Colby duo® Reclining Chair,/p/living-room/recliners/high-leg-recliners/colby-duo-reclining-chair/R-P94893,J182118,Spice,Houston,3799.0,,N,
Colby duo® Reclining Chair,/p/living-room/recliners/high-leg-recliners/colby-duo-reclining-chair/R-P94893,DL159651,Platinum,Titan,5099.0,,N,
Colby duo® Reclining Chair,/p/living-room/recliners/high-leg-recliners/colby-duo-reclining-chair/R-P94893,DL159557,Charcoal,Montana,5099.0,,N,
Haven High Leg Reclining Chair,/p/living-room/recliners/high-leg-recliners/haven-high-leg-reclining-chair/R-028450,B153808,Burgundy,Seamount,1279.0,,N,
Haven High Leg Reclining Chair,/p/living-room/recliners/high-leg-recliners/haven-high-leg-reclining-chair/R-028450,E182032,Cream,Wheelie,1409.0,,N,
Haven High Leg Reclining Chair,/p/living-room/recliners/high-leg-recliners/haven-high-leg-reclining-chair/R-028450,C165962,Smoke,McKittrick,1279.0,,N,
Haven High Leg Reclining Chair,/p/living-room/recliners/high-leg-recliners/haven-high-leg-reclining-chair/R-028450,E181517,Poppy,i-Emarosa,1409.0,,N,
Haven High Leg Reclining Chair,/p/living-room/recliners/high-leg-recliners/haven-high-leg-reclining-chair/R-028450,C165967,Charcoal,McKittrick,1279.0,,N,
Bennett duo® Reclining Chair,/p/living-room/recliners/high-leg-recliners/bennett-duo-reclining-chair/R-P94899,B180852,Stone,Social Club,2379.0,,N,
Bennett duo® Reclining Chair,/p/living-room/recliners/high-leg-recliners/bennett-duo-reclining-chair/R-P94899,DL159665,Clay,Titan,4979.0,,N,
Bennett duo® Reclining Chair,/p/living-room/recliners/high-leg-recliners/bennett-duo-reclining-chair/R-P94899,DL159658,Charcoal,Titan,4979.0,,N,
Bennett duo® Reclining Chair,/p/living-room/recliners/high-leg-recliners/bennett-duo-reclining-chair/R-P94899,J182118,Spice,Houston,2379.0,,N,
Bennett duo® Reclining Chair,/p/living-room/recliners/high-leg-recliners/bennett-duo-reclining-chair/R-P94899,DL159651,Platinum,Titan,4979.0,,N,
Bennett duo® Reclining Chair,/p/living-room/recliners/high-leg-recliners/bennett-duo-reclining-chair/R-P94899,DL159557,Charcoal,Montana,4979.0,,N,
Carleton High Leg Power Recliner w/ Headrest,/p/living-room/recliners/high-leg-recliners/carleton-high-leg-power-recliner-w-headrest/R-29U471,B153808,Burgundy,Seamount,3029.0,,N,
Audrey High Leg Reclining Chair w/ Headrest,/p/living-room/recliners/high-leg-recliners/audrey-high-leg-reclining-chair-w-headrest/R-29U457,B153808,Burgundy,Seamount,2149.0,,N,
Brentwood High Leg Power Recliner w/ Headrest,/p/living-room/recliners/high-leg-recliners/brentwood-high-leg-power-recliner-w-headrest/R-29U430,B153808,Burgundy,Seamount,3029.0,,N,
Brentwood High Leg Power Recliner w/ Headrest,/p/living-room/recliners/high-leg-recliners/brentwood-high-leg-power-recliner-w-headrest/R-29U430,E182032,Cream,Wheelie,3249.0,,N,
Brentwood High Leg Power Recliner w/ Headrest,/p/living-room/recliners/high-leg-recliners/brentwood-high-leg-power-recliner-w-headrest/R-29U430,C165962,Smoke,McKittrick,3029.0,,N,
Brentwood High Leg Power Recliner w/ Headrest,/p/living-room/recliners/high-leg-recliners/brentwood-high-leg-power-recliner-w-headrest/R-29U430,E181517,Poppy,i-Emarosa,3249.0,,N,
Brentwood High Leg Power Recliner w/ Headrest,/p/living-room/recliners/high-leg-recliners/brentwood-high-leg-power-recliner-w-headrest/R-29U430,C165967,Charcoal,McKittrick,3029.0,,N,
Dante High Leg Reclining Chair,/p/living-room/recliners/high-leg-recliners/dante-high-leg-reclining-chair/R-295405,Q191232,Flint,i-Blackhawk,1929.0,,N,
Dante High Leg Reclining Chair,/p/living-room/recliners/high-leg-recliners/dante-high-leg-reclining-chair/R-295405,E182032,Cream,Wheelie,2299.0,,N,
Dante High Leg Reclining Chair,/p/living-room/recliners/high-leg-recliners/dante-high-leg-reclining-chair/R-295405,C165962,Smoke,McKittrick,2069.0,,N,
Dante High Leg Reclining Chair,/p/living-room/recliners/high-leg-recliners/dante-high-leg-reclining-chair/R-295405,E181517,Poppy,i-Emarosa,2299.0,,N,
Dante High Leg Reclining Chair,/p/living-room/recliners/high-leg-recliners/dante-high-leg-reclining-chair/R-295405,C165967,Charcoal,McKittrick,2069.0,,N,
Ferndale Reclining Chair,/p/living-room/recliners/high-leg-recliners/ferndale-reclining-chair/R-265408,G166464,Sandstone,i-Barber,1599.0,,N,
Ferndale Reclining Chair,/p/living-room/recliners/high-leg-recliners/ferndale-reclining-chair/R-265408,E182032,Cream,Wheelie,1959.0,,N,
Ferndale Reclining Chair,/p/living-room/recliners/high-leg-recliners/ferndale-reclining-chair/R-265408,C165962,Smoke,McKittrick,1729.0,,N,
Ferndale Reclining Chair,/p/living-room/recliners/high-leg-recliners/ferndale-reclining-chair/R-265408,E181517,Poppy,i-Emarosa,1959.0,,N,
Ferndale Reclining Chair,/p/living-room/recliners/high-leg-recliners/ferndale-reclining-chair/R-265408,C165967,Charcoal,McKittrick,1729.0,,N,
Rae High Leg Reclining Chair,/p/living-room/recliners/high-leg-recliners/rae-high-leg-reclining-chair/R-028416,B153808,Burgundy,Seamount,1169.0,,N,
Quinault Power Reclining Chair w/ Headrest,/p/living-room/recliners/high-leg-recliners/quinault-power-reclining-chair-w-headrest/R-81U810,D207119,Salsa,,1959.0,,N,
Quinault Power Reclining Chair w/ Headrest,/p/living-room/recliners/high-leg-recliners/quinault-power-reclining-chair-w-headrest/R-81U810,E191734,Basmati,i-Adario,1959.0,,N,
Quinault Power Reclining Chair w/ Headrest,/p/living-room/recliners/high-leg-recliners/quinault-power-reclining-chair-w-headrest/R-81U810,E191765,Taupe,i-Adario,1959.0,,N,
Quinault Power Reclining Chair w/ Headrest,/p/living-room/recliners/high-leg-recliners/quinault-power-reclining-chair-w-headrest/R-81U810,E191752,Fog,i-Adario,1959.0,,N,
Quinault Power Reclining Chair w/ Headrest,/p/living-room/recliners/high-leg-recliners/quinault-power-reclining-chair-w-headrest/R-81U810,E191753,Stone,i-Adario,1959.0,,N,
Acadia Power Reclining Chair w/ Headrest,/p/living-room/recliners/high-leg-recliners/acadia-power-reclining-chair-w-headrest/R-81U811,D209631,Bone,,2069.0,,N,
Acadia Power Reclining Chair w/ Headrest,/p/living-room/recliners/high-leg-recliners/acadia-power-reclining-chair-w-headrest/R-81U811,D207432,Ecru,,2309.0,,N,
Acadia Power Reclining Chair w/ Headrest,/p/living-room/recliners/high-leg-recliners/acadia-power-reclining-chair-w-headrest/R-81U811,D207451,Oyster,,2309.0,,N,
Acadia Power Reclining Chair w/ Headrest,/p/living-room/recliners/high-leg-recliners/acadia-power-reclining-chair-w-headrest/R-81U811,D207460,Porcelain,,2309.0,,N,
Acadia Power Reclining Chair w/ Headrest,/p/living-room/recliners/high-leg-recliners/acadia-power-reclining-chair-w-headrest/R-81U811,D207478,Fossil,,2309.0,,N,
Acadia Power Reclining Chair w/ Headrest,/p/living-room/recliners/high-leg-recliners/acadia-power-reclining-chair-w-headrest/R-81U811,D207480,Lotus,,2309.0,,N,
Acadia Power Reclining Chair w/ Headrest,/p/living-room/recliners/high-leg-recliners/acadia-power-reclining-chair-w-headrest/R-81U811,D207486,Navy,,2309.0,,N,
Clybourn Power Reclining Chair w/ Headrest,/p/living-room/recliners/high-leg-recliners/clybourn-power-reclining-chair-w-headrest/R-81U813,D201014,Nutmeg,i-Rene,2029.0,,N,
Clybourn Power Reclining Chair w/ Headrest,/p/living-room/recliners/high-leg-recliners/clybourn-power-reclining-chair-w-headrest/R-81U813,D201019,Spice,i-Rene,2029.0,,N,
Clybourn Power Reclining Chair w/ Headrest,/p/living-room/recliners/high-leg-recliners/clybourn-power-reclining-chair-w-headrest/R-81U813,D201025,Moss,i-Rene,2029.0,,N,
Clybourn Power Reclining Chair w/ Headrest,/p/living-room/recliners/high-leg-recliners/clybourn-power-reclining-chair-w-headrest/R-81U813,D201032,Oat,i-Rene,2029.0,,N,
Clybourn Power Reclining Chair w/ Headrest,/p/living-room/recliners/high-leg-recliners/clybourn-power-reclining-chair-w-headrest/R-81U813,D201052,Ash,i-Rene,2029.0,,N,
Clybourn Power Reclining Chair w/ Headrest,/p/living-room/recliners/high-leg-recliners/clybourn-power-reclining-chair-w-headrest/R-81U813,D201065,Mushroom,i-Rene,2029.0,,N,
Liam Bronze Power Lift Recliner,/p/living-room/recliners/power-lift-chairs/liam-bronze-power-lift-recliner/R-3BL786,D160454,Charcoal,i-Outlier,1469.0,,N,
Liam Bronze Power Lift Recliner,/p/living-room/recliners/power-lift-chairs/liam-bronze-power-lift-recliner/R-3BL786,D182535,Pebble,i-Raven Crest,1959.0,,N,
Liam Bronze Power Lift Recliner,/p/living-room/recliners/power-lift-chairs/liam-bronze-power-lift-recliner/R-3BL786,D182558,Ash,i-Raven Crest,1959.0,,N,
Liam Bronze Power Lift Recliner,/p/living-room/recliners/power-lift-chairs/liam-bronze-power-lift-recliner/R-3BL786,D182573,Mushroom,i-Raven Crest,1959.0,,N,
Liam Bronze Power Lift Recliner,/p/living-room/recliners/power-lift-chairs/liam-bronze-power-lift-recliner/R-3BL786,D182574,Chestnut,i-Raven Crest,1959.0,,N,
Pinnacle Platinum Power Lift Recliner w/ Headrest & Lumbar,/p/living-room/recliners/power-lift-chairs/pinnacle-platinum-power-lift-recliner-w-headrest-lumbar/R-1PH512,D160454,Charcoal,i-Outlier,2719.0,,N,
Pinnacle Platinum Power Lift Recliner w/ Headrest & Lumbar,/p/living-room/recliners/power-lift-chairs/pinnacle-platinum-power-lift-recliner-w-headrest-lumbar/R-1PH512,D160654,Dove,i-Halifax,2719.0,,N,
Pinnacle Platinum Power Lift Recliner w/ Headrest & Lumbar,/p/living-room/recliners/power-lift-chairs/pinnacle-platinum-power-lift-recliner-w-headrest-lumbar/R-1PH512,D160632,Shell,i-Halifax,2719.0,,N,
Pinnacle Platinum Power Lift Recliner w/ Headrest & Lumbar,/p/living-room/recliners/power-lift-chairs/pinnacle-platinum-power-lift-recliner-w-headrest-lumbar/R-1PH512,D160678,Java,i-Halifax,2719.0,,N,
Pinnacle Platinum Power Lift Recliner w/ Headrest & Lumbar,/p/living-room/recliners/power-lift-chairs/pinnacle-platinum-power-lift-recliner-w-headrest-lumbar/R-1PH512,D160686,Denim,i-Halifax,2719.0,,N,
Pinnacle Platinum Power Lift Recliner w/ Headrest & Lumbar,/p/living-room/recliners/power-lift-chairs/pinnacle-platinum-power-lift-recliner-w-headrest-lumbar/R-1PH512,D160662,Antique,i-Halifax,2719.0,,N,
Pinnacle Platinum Power Lift Recliner w/ Headrest & Lumbar,/p/living-room/recliners/power-lift-chairs/pinnacle-platinum-power-lift-recliner-w-headrest-lumbar/R-1PH512,D175986,Navy,i-Saxton,4249.0,,N,
Jean Bronze Power Lift Recliner,/p/living-room/recliners/power-lift-chairs/jean-bronze-power-lift-recliner/R-3BL793,D160454,Charcoal,i-Outlier,1589.0,,N,
Jean Bronze Power Lift Recliner,/p/living-room/recliners/power-lift-chairs/jean-bronze-power-lift-recliner/R-3BL793,D160662,Antique,i-Halifax,799.0,1529.0,Y,47.7
Jean Bronze Power Lift Recliner,/p/living-room/recliners/power-lift-chairs/jean-bronze-power-lift-recliner/R-3BL793,D160632,Shell,i-Halifax,799.0,1529.0,Y,47.7
Jean Bronze Power Lift Recliner,/p/living-room/recliners/power-lift-chairs/jean-bronze-power-lift-recliner/R-3BL793,D160654,Dove,i-Halifax,799.0,1529.0,Y,47.7
Jean Bronze Power Lift Recliner,/p/living-room/recliners/power-lift-chairs/jean-bronze-power-lift-recliner/R-3BL793,D160678,Java,i-Halifax,799.0,1529.0,Y,47.7
Jean Bronze Power Lift Recliner,/p/living-room/recliners/power-lift-chairs/jean-bronze-power-lift-recliner/R-3BL793,D160686,Denim,i-Halifax,799.0,1529.0,Y,47.7
Clayton Gold Power Lift Recliner w/ Massage & Heat,/p/living-room/recliners/power-lift-chairs/clayton-gold-power-lift-recliner-w-massage-heat/R-1HM562,D160454,Charcoal,i-Outlier,2839.0,,N,
Clayton Gold Power Lift Recliner w/ Massage & Heat,/p/living-room/recliners/power-lift-chairs/clayton-gold-power-lift-recliner-w-massage-heat/R-1HM562,D160458,Slate,i-Outlier,2839.0,,N,
Clayton Gold Power Lift Recliner w/ Massage & Heat,/p/living-room/recliners/power-lift-chairs/clayton-gold-power-lift-recliner-w-massage-heat/R-1HM562,D160462,Mushroom,i-Outlier,2839.0,,N,
Clayton Gold Power Lift Recliner w/ Massage & Heat,/p/living-room/recliners/power-lift-chairs/clayton-gold-power-lift-recliner-w-massage-heat/R-1HM562,D160479,Godiva,i-Outlier,2839.0,,N,
Clayton Gold Power Lift Recliner w/ Massage & Heat,/p/living-room/recliners/power-lift-chairs/clayton-gold-power-lift-recliner-w-massage-heat/R-1HM562,D160476,Ash,i-Outlier,2839.0,,N,
Clayton Gold Power Lift Recliner w/ Massage & Heat,/p/living-room/recliners/power-lift-chairs/clayton-gold-power-lift-recliner-w-massage-heat/R-1HM562,C165972,Taupe,McKittrick,4279.0,,N,
Billie Bronze Power Lift Recliner,/p/living-room/recliners/power-lift-chairs/billie-bronze-power-lift-recliner/R-3BL794,D160454,Charcoal,i-Outlier,1749.0,,N,
Astor Platinum Power Lift Recliner w/ Headrest & Lumbar,/p/living-room/recliners/power-lift-chairs/astor-platinum-power-lift-recliner-w-headrest-lumbar/R-1PH519,D160454,Charcoal,i-Outlier,2919.0,,N,
Astor Platinum Power Lift Recliner w/ Headrest & Lumbar,/p/living-room/recliners/power-lift-chairs/astor-platinum-power-lift-recliner-w-headrest-lumbar/R-1PH519,C137162,Khaki,Seasons,2919.0,,N,
Astor Platinum Power Lift Recliner w/ Headrest & Lumbar,/p/living-room/recliners/power-lift-chairs/astor-platinum-power-lift-recliner-w-headrest-lumbar/R-1PH519,C137166,Mocha,Seasons,2919.0,,N,
Astor Platinum Power Lift Recliner w/ Headrest & Lumbar,/p/living-room/recliners/power-lift-chairs/astor-platinum-power-lift-recliner-w-headrest-lumbar/R-1PH519,C137128,Loden,Seasons,2919.0,,N,
Astor Platinum Power Lift Recliner w/ Headrest & Lumbar,/p/living-room/recliners/power-lift-chairs/astor-platinum-power-lift-recliner-w-headrest-lumbar/R-1PH519,C137108,Redwood,Seasons,2919.0,,N,
Astor Platinum Power Lift Recliner w/ Headrest & Lumbar,/p/living-room/recliners/power-lift-chairs/astor-platinum-power-lift-recliner-w-headrest-lumbar/R-1PH519,C137178,Chocolate,Seasons,2919.0,,N,
Astor Platinum Power Lift Recliner w/ Headrest & Lumbar,/p/living-room/recliners/power-lift-chairs/astor-platinum-power-lift-recliner-w-headrest-lumbar/R-1PH519,C137187,Charcoal,Seasons,2919.0,,N,
Pinnacle Platinum Power Lift Recliner,/p/living-room/recliners/power-lift-chairs/pinnacle-platinum-power-lift-recliner/R-1PL512,D160454,Charcoal,i-Outlier,2179.0,,N,
Pinnacle Platinum Power Lift Recliner,/p/living-room/recliners/power-lift-chairs/pinnacle-platinum-power-lift-recliner/R-1PL512,D160654,Dove,i-Halifax,2179.0,,N,
Pinnacle Platinum Power Lift Recliner,/p/living-room/recliners/power-lift-chairs/pinnacle-platinum-power-lift-recliner/R-1PL512,D160632,Shell,i-Halifax,2179.0,,N,
Pinnacle Platinum Power Lift Recliner,/p/living-room/recliners/power-lift-chairs/pinnacle-platinum-power-lift-recliner/R-1PL512,D160678,Java,i-Halifax,2179.0,,N,
Pinnacle Platinum Power Lift Recliner,/p/living-room/recliners/power-lift-chairs/pinnacle-platinum-power-lift-recliner/R-1PL512,D160686,Denim,i-Halifax,2179.0,,N,
Pinnacle Platinum Power Lift Recliner,/p/living-room/recliners/power-lift-chairs/pinnacle-platinum-power-lift-recliner/R-1PL512,D160662,Antique,i-Halifax,2179.0,,N,
Pinnacle Platinum Power Lift Recliner,/p/living-room/recliners/power-lift-chairs/pinnacle-platinum-power-lift-recliner/R-1PL512,D175986,Navy,i-Saxton,3629.0,,N,
Astor Platinum Power Lift Recliner,/p/living-room/recliners/power-lift-chairs/astor-platinum-power-lift-recliner/R-1PL519,D160454,Charcoal,i-Outlier,2369.0,,N,
Astor Platinum Power Lift Recliner,/p/living-room/recliners/power-lift-chairs/astor-platinum-power-lift-recliner/R-1PL519,C137162,Khaki,Seasons,2369.0,,N,
Astor Platinum Power Lift Recliner,/p/living-room/recliners/power-lift-chairs/astor-platinum-power-lift-recliner/R-1PL519,C137166,Mocha,Seasons,2369.0,,N,
Astor Platinum Power Lift Recliner,/p/living-room/recliners/power-lift-chairs/astor-platinum-power-lift-recliner/R-1PL519,C137128,Loden,Seasons,2369.0,,N,
Astor Platinum Power Lift Recliner,/p/living-room/recliners/power-lift-chairs/astor-platinum-power-lift-recliner/R-1PL519,C137108,Redwood,Seasons,2369.0,,N,
Astor Platinum Power Lift Recliner,/p/living-room/recliners/power-lift-chairs/astor-platinum-power-lift-recliner/R-1PL519,C137178,Chocolate,Seasons,2369.0,,N,
Astor Platinum Power Lift Recliner,/p/living-room/recliners/power-lift-chairs/astor-platinum-power-lift-recliner/R-1PL519,C137187,Charcoal,Seasons,2369.0,,N,
