store_id,location,now_price,was_price,on_promo,vs_modal_pct
02513057,"Langley, BC",2589,,N,+118
50856227,"Richmond, BC",2589,,N,+118
50856537,"Coquitlam, BC",2589,,N,+118
50859773,"North Vancouver, BC",2589,,N,+118
50856588,"Kelowna, BC",2149,,N,+81
02394310,"Barrie, ON",2029,,N,+71
02500016,"Mississauga, ON",2029,,N,+71
02909783,"St. Catharines, ON",2029,,N,+71
03098876,"Etobicoke, ON",2029,,N,+71
50855867,"London, ON",2029,,N,+71
50857789,"Scarborough, ON",2029,,N,+71
50857797,"Concord, ON",2029,,N,+71
50859048,"Burlington, ON",2029,,N,+71
50859277,"Kitchener, ON",2029,,N,+71
50859668,"East Gwillimbury, ON",2029,,N,+71
50861352,"Whitby, ON",2029,,N,+71
50861719,"Mississauga, ON",2029,,N,+71
50856529,"Halifax, NS",1959,,N,+65
02100760,"Nanaimo, BC",1849,,N,+56
34179038,"Victoria, BC",1849,,N,+56
34179046,"Courtenay, BC",1849,,N,+56
47102012,"Indianapolis, IN",1699,,N,+43
47102039,"Indianapolis, IN",1699,,N,+43
50857037,"Indianapolis, IN",1699,,N,+43
50852699,"Winston Salem, NC",1599,,N,+34
50861387,"Greensboro, NC",1599,,N,+34
50850016,"Edmonton, AB",1589,,N,+34
50850059,"Edmonton, AB",1589,,N,+34
02050873,"Modesto, CA",1549,,N,+30
02362537,"Visalia, CA",1549,,N,+30
50825569,"Pleasanton, CA",1549,,N,+30
50869639,"San Jose, CA",1549,,N,+30
50869648,"Sacramento, CA",1549,,N,+30
50869876,"Pleasant Hill, CA",1549,,N,+30
50870157,"S San Francisco, CA",1549,,N,+30
50870255,"Rancho Cordova, CA",1549,,N,+30
50870289,"Corte Madera, CA",1549,,N,+30
50870298,"Roseville, CA",1549,,N,+30
50870408,"Union City, CA",1549,,N,+30
50870505,"Emeryville, CA",1549,,N,+30
50870600,"Redding, CA",1549,,N,+30
50870603,"Chico, CA",1549,,N,+30
50870629,"Fresno, CA",1549,,N,+30
50870696,"San Jose, CA",1549,,N,+30
50870718,"Bakersfield, CA",1549,,N,+30
50870726,"Fairfield, CA",1549,,N,+30
50876296,"Elk Grove, CA",1549,,N,+30
03357516,"Gatineau, QC",1529,,N,+29
50856154,"Gloucester, ON",1529,,N,+29
50857738,"Kingston, ON",1529,,N,+29
50860917,"Kanata, ON",1529,,N,+29
50861328,"Ottawa, ON",1529,,N,+29
77382056,"Anchorage, AK",1509,2319,Y,+27
02098288,"Mcdonough, GA",1499,2129,Y,+26
02329988,"Knoxville, TN",1499,2129,Y,+26
02373731,"Alpharetta, GA",1499,2129,Y,+26
03067878,"Cumming, GA",1499,2129,Y,+26
03257955,"Newnan, GA",1499,2129,Y,+26
50857649,"Buford, GA",1499,2129,Y,+26
50859358,"Jacksonville, FL",1499,2129,Y,+26
50859854,"Fleming Island, FL",1499,2129,Y,+26
50859943,"Kennesaw, GA",1499,2129,Y,+26
50860879,"Lawrenceville, GA",1499,2129,Y,+26
50861344,"Jacksonville, FL",1499,2129,Y,+26
03061074,"Calgary, AB",1459,2079,Y,+23
03253655,"Saskatoon, SK",1459,2079,Y,+23
20186037,"Calgary, AB",1459,2079,Y,+23
20186053,"Rocky View, AB",1459,2079,Y,+23
50841084,"Winnipeg, MB",1459,2079,Y,+23
01533053,"Kirkland, QC",1449,1689,Y,+22
01533088,"Saint Hubert, QC",1449,1689,Y,+22
01533096,"Laval, QC",1449,1689,Y,+22
02540955,"Charlotte, NC",1449,,N,+22
50851802,"Lexington, SC",1449,,N,+22
50854194,"Greenville, SC",1449,,N,+22
50855468,"Pineville, NC",1449,,N,+22
50857975,"Evans, GA",1449,,N,+22
50861395,"N Charleston, SC",1449,,N,+22
50861603,"Pooler, GA",1449,,N,+22
50861646,"Asheville, NC",1449,,N,+22
50869160,"Scarborough, ME",1419,,N,+19
02433062,"Beaverton, OR",1409,,N,+19
50855743,"Bend, OR",1409,,N,+19
50858025,"Happy Valley, OR",1409,,N,+19
50858033,"Tualatin, OR",1409,,N,+19
50858092,"Salem, OR",1409,,N,+19
50858114,"Portland, OR",1409,,N,+19
50858556,"Phoenix, OR",1409,,N,+19
50860003,"Eugene, OR",1409,,N,+19
02838206,"Tucson, AZ",1399,1859,Y,+18
03297651,"Queen Creek, AZ",1399,1859,Y,+18
03447578,"Gilbert, AZ",1399,1859,Y,+18
50855727,"Scottsdale, AZ",1399,1859,Y,+18
50858076,"Mesa, AZ",1399,1859,Y,+18
50870114,"Glendale, AZ",1399,1859,Y,+18
50870467,"Chandler, AZ",1399,1859,Y,+18
50870548,"Goodyear, AZ",1399,1859,Y,+18
50870556,"Tucson, AZ",1399,1859,Y,+18
50870572,"Tucson, AZ",1399,1859,Y,+18
50870734,"Prescott Valley, AZ",1399,1859,Y,+18
50855884,"Madison, WI",1349,,N,+13
50852354,"Raleigh, NC",1259,1799,Y,+6
50857615,"Raleigh, NC",1259,1799,Y,+6
50860674,"Cary, NC",1259,1799,Y,+6
50860275,"Columbus, GA",1229,1749,Y,+3
02111415,"Lacey, WA",1189,1699,Y,+0
02118118,"North Dartmouth, MA",1189,1699,Y,+0
02206086,"Riverdale, UT",1189,1699,Y,+0
02206108,"Draper, UT",1189,1699,Y,+0
02241524,"Spokane, WA",1189,1699,Y,+0
02255923,"Colorado Springs, CO",1189,1699,Y,+0
02388462,"Evansville, IN",1189,1699,Y,+0
02478896,"Kildeer, IL",1189,1699,Y,+0
02565979,"San Diego, CA",1189,1699,Y,+0
02764360,"Naperville, IL",1189,1699,Y,+0
02764391,"West Hills, CA",1189,1699,Y,+0
02764396,"Bel Air, MD",1189,1699,Y,+0
02764419,"Ann Arbor, MI",1189,1699,Y,+0
02781217,"Huntsville, AL",1189,1699,Y,+0
02823339,"Downers Grove, IL",1189,1699,Y,+0
02838190,"Rancho Mirage, CA",1189,1699,Y,+0
02838199,"Orem, UT",1189,1699,Y,+0
02838208,"Silverdale, WA",1189,1699,Y,+0
02838211,"Palm Beach Gardens, FL",1189,1699,Y,+0
02838216,"Patchogue, NY",1189,1699,Y,+0
02904508,"Grove City, OH",1189,1699,Y,+0
03003744,"Woodbridge, VA",1189,1699,Y,+0
03071155,"Oceanside, CA",1189,1699,Y,+0
03141559,"Colorado Springs, CO",1189,1699,Y,+0
03257284,"Kenosha, WI",1189,1699,Y,+0
03272468,"Fayetteville, NC",1189,1699,Y,+0
03293416,"Topeka, KS",1189,1699,Y,+0
03293850,"Newington, NH",1189,1699,Y,+0
03297666,"Port Charlotte, FL",1189,1699,Y,+0
03297675,"Bellingham, WA",1189,1699,Y,+0
03297736,"South Windsor, CT",1189,1699,Y,+0
03329125,"Longmont, CO",1189,1699,Y,+0
03329183,"Johnstown, CO",1189,1699,Y,+0
03351367,"Chicago, IL",1189,1699,Y,+0
03353442,"Richland, WA",1189,1699,Y,+0
03414763,"Gainesville, FL",1189,1699,Y,+0
03415232,"Sandusky, OH",1189,1699,Y,+0
03415243,"Morgantown, WV",1189,1699,Y,+0
03440993,"St. Cloud, MN",1189,1699,Y,+0
03447580,"Fort Lauderdale, FL",1189,1699,Y,+0
03447592,"Tuscaloosa, AL",1189,1699,Y,+0
03490340,"Towson, MD",1189,1699,Y,+0
03490349,"Aurora, CO",1189,1699,Y,+0
03490365,"Springfield, MA",1189,1699,Y,+0
03490371,"Gulfport, MS",1189,1699,Y,+0
03528732,"Ridgeland, MS",1189,1699,Y,+0
12686522,"Schaumburg, IL",1189,1699,Y,+0
20880006,"Springfield, IL",1189,1699,Y,+0
20880049,"Bloomington, IL",1189,1699,Y,+0
20880057,"Champaign, IL",1189,1699,Y,+0
23461039,"Toledo, OH",1189,1699,Y,+0
23461047,"Toledo, OH",1189,1699,Y,+0
28457536,"Fort Collins, CO",1189,1699,Y,+0
50824139,"Carle Place, NY",1189,1699,Y,+0
50824228,"Farmingdale, NY",1189,1699,Y,+0
50824244,"Lafayette, LA",1189,1699,Y,+0
50824414,"Pembroke Pines, FL",1189,1699,Y,+0
50841114,"Grand Rapids, MI",1189,1699,Y,+0
50841122,"Cincinnati, OH",1189,1699,Y,+0
50841149,"Lake Orion, MI",1189,1699,Y,+0
50852760,"Milford, CT",1189,1699,Y,+0
50853384,"Virginia Beach, VA",1189,1699,Y,+0
50853724,"Melbourne, FL",1189,1699,Y,+0
50853767,"Newport News, VA",1189,1699,Y,+0
50853872,"Richmond, VA",1189,1699,Y,+0
50853953,"Cocoa, FL",1189,1699,Y,+0
50854305,"Boca Raton, FL",1189,1699,Y,+0
50854402,"Rockville, MD",1189,1699,Y,+0
50854453,"Bradenton, FL",1189,1699,Y,+0
50854535,"San Bernardino, CA",1189,1699,Y,+0
50854658,"Annapolis, MD",1189,1699,Y,+0
50854666,"Alexandria, VA",1189,1699,Y,+0
50854739,"Sarasota, FL",1189,1699,Y,+0
50854798,"Centennial, CO",1189,1699,Y,+0
50854925,"Baton Rouge, LA",1189,1699,Y,+0
50855018,"Chattanooga, TN",1189,1699,Y,+0
50855387,"Montgomeryville, PA",1189,1699,Y,+0
50855395,"Newark, DE",1189,1699,Y,+0
50855418,"Portage, MI",1189,1699,Y,+0
50855484,"Saugus, MA",1189,1699,Y,+0
50855506,"Chesapeake, VA",1189,1699,Y,+0
50855662,"Cherry Hill, NJ",1189,1699,Y,+0
50855948,"Springfield, PA",1189,1699,Y,+0
50856066,"Ontario, CA",1189,1699,Y,+0
50856278,"Sterling, VA",1189,1699,Y,+0
50856286,"Orlando, FL",1189,1699,Y,+0
50856308,"Paramus, NJ",1189,1699,Y,+0
50856316,"Altamonte Sprgs, FL",1189,1699,Y,+0
50856367,"Westminster, CO",1189,1699,Y,+0
50856375,"Waldorf, MD",1189,1699,Y,+0
50856448,"Montgomery, AL",1189,1699,Y,+0
50856723,"Ocoee, FL",1189,1699,Y,+0
50856758,"Peoria, IL",1189,1699,Y,+0
50856812,"Gurnee, IL",1189,1699,Y,+0
50856944,"Overland Park, KS",1189,1699,Y,+0
50856987,"Langhorne, PA",1189,1699,Y,+0
50857088,"Setauket, NY",1189,1699,Y,+0
50857142,"Lafayette, IN",1189,1699,Y,+0
50857177,"Hoover, AL",1189,1699,Y,+0
50857363,"Glenview, IL",1189,1699,Y,+0
50857398,"Gainesville, VA",1189,1699,Y,+0
50857606,"Egg Harbor Twp, NJ",1189,1699,Y,+0
50857762,"Ofallon, MO",1189,1699,Y,+0
50857894,"Ofallon, IL",1189,1699,Y,+0
50857983,"Newington, CT",1189,1699,Y,+0
50858009,"Marlton, NJ",1189,1699,Y,+0
50858165,"Plymouth, MA",1189,1699,Y,+0
50858173,"Nashua, NH",1189,1699,Y,+0
50858238,"Jensen Beach, FL",1189,1699,Y,+0
50858297,"South Elgin, IL",1189,1699,Y,+0
50858467,"Warwick, RI",1189,1699,Y,+0
50858645,"Wichita, KS",1189,1699,Y,+0
50858777,"Algonquin, IL",1189,1699,Y,+0
50858786,"Barboursville, WV",1189,1699,Y,+0
50858939,"Spanish Fort, AL",1189,1699,Y,+0
50859188,"Latham, NY",1189,1699,Y,+0
50859293,"Clay, NY",1189,1699,Y,+0
50859315,"Victor, NY",1189,1699,Y,+0
50859404,"Costa Mesa, CA",1189,1699,Y,+0
50859412,"Cerritos, CA",1189,1699,Y,+0
50859439,"Torrance, CA",1189,1699,Y,+0
50859463,"Yorba Linda, CA",1189,1699,Y,+0
50859536,"Mission Viejo, CA",1189,1699,Y,+0
50859544,"Duarte, CA",1189,1699,Y,+0
50859579,"San Diego, CA",1189,1699,Y,+0
50859587,"San Marcos, CA",1189,1699,Y,+0
50859595,"Oxnard, CA",1189,1699,Y,+0
50859714,"Tacoma, WA",1189,1699,Y,+0
50859722,"Tukwila, WA",1189,1699,Y,+0
50859757,"Greenfield, WI",1189,1699,Y,+0
50859919,"Cranberry Twp, PA",1189,1699,Y,+0
50859927,"Monroeville, PA",1189,1699,Y,+0
50859935,"Pittsburgh, PA",1189,1699,Y,+0
50860046,"Beavercreek, OH",1189,1699,Y,+0
50860062,"Loveland, OH",1189,1699,Y,+0
50860089,"Cincinnati, OH",1189,1699,Y,+0
50860127,"Florence, KY",1189,1699,Y,+0
50860135,"West Carrollton, OH",1189,1699,Y,+0
50860143,"Columbus, OH",1189,1699,Y,+0
50860216,"Brookfield, CT",1189,1699,Y,+0
50860232,"Sterling Heights, MI",1189,1699,Y,+0
50860259,"Novi, MI",1189,1699,Y,+0
50860283,"Davenport, IA",1189,1699,Y,+0
50860364,"Troy, MI",1189,1699,Y,+0
50860399,"Canton, MI",1189,1699,Y,+0
50860402,"Amherst, NY",1189,1699,Y,+0
50860453,"Las Vegas, NV",1189,1699,Y,+0
50860488,"Henderson, NV",1189,1699,Y,+0
50860496,"Las Vegas, NV",1189,1699,Y,+0
50860534,"Kansas City, MO",1189,1699,Y,+0
50860585,"Boardman, OH",1189,1699,Y,+0
50860623,"Hartsdale, NY",1189,1699,Y,+0
50860658,"Fredericksburg, VA",1189,1699,Y,+0
50860712,"Maple Grove, MN",1189,1699,Y,+0
50860739,"Wauwatosa, WI",1189,1699,Y,+0
50860747,"Columbus, OH",1189,1699,Y,+0
50860755,"Edina, MN",1189,1699,Y,+0
50860836,"Mobile, AL",1189,1699,Y,+0
50860844,"Thornton, CO",1189,1699,Y,+0
50860887,"Mishawaka, IN",1189,1699,Y,+0
50860895,"Exton, PA",1189,1699,Y,+0
50860909,"Wayne, NJ",1189,1699,Y,+0
50860925,"North Plainfield, NJ",1189,1699,Y,+0
50860933,"Woodbury, MN",1189,1699,Y,+0
50860984,"Midlothian, VA",1189,1699,Y,+0
50860992,"Appleton, WI",1189,1699,Y,+0
50861018,"Green Bay, WI",1189,1699,Y,+0
50861026,"Wilmington, NC",1189,1699,Y,+0
50861042,"Myrtle Beach, SC",1189,1699,Y,+0
50861107,"Cuyahoga Falls, OH",1189,1699,Y,+0
50861115,"Mentor, OH",1189,1699,Y,+0
50861123,"North Olmsted, OH",1189,1699,Y,+0
50861158,"Strongsville, OH",1189,1699,Y,+0
50861204,"Canton, OH",1189,1699,Y,+0
50861247,"Owings Mills, MD",1189,1699,Y,+0
50861379,"Orlando, FL",1189,1699,Y,+0
50861409,"Taylor, MI",1189,1699,Y,+0
50861476,"Wilkes Barre, PA",1189,1699,Y,+0
50861484,"Dover, NJ",1189,1699,Y,+0
50861492,"Middletown, NY",1189,1699,Y,+0
50861506,"Harrisburg, PA",1189,1699,Y,+0
50861514,"Lancaster, PA",1189,1699,Y,+0
50861522,"Scranton, PA",1189,1699,Y,+0
50861549,"Whitehall, PA",1189,1699,Y,+0
50861557,"Wyomissing, PA",1189,1699,Y,+0
50861565,"York, PA",1189,1699,Y,+0
50861573,"Dublin, OH",1189,1699,Y,+0
50861654,"Cedar Rapids, IA",1189,1699,Y,+0
50861662,"Mechanicsburg, PA",1189,1699,Y,+0
50861689,"Merrillville, IN",1189,1699,Y,+0
50861697,"Rockford, IL",1189,1699,Y,+0
50861735,"Lansing, MI",1189,1699,Y,+0
50861778,"Issaquah, WA",1189,1699,Y,+0
50862758,"Orland Park, IL",1189,1699,Y,+0
50862855,"Fairfax, VA",1189,1699,Y,+0
50868616,"Hoover, AL",1189,1699,Y,+0
50869116,"Severn, MD",1189,1699,Y,+0
50870424,"Columbia, MD",1189,1699,Y,+0
50870459,"Natick, MA",1189,1699,Y,+0
50876074,"Manchester, MO",1189,1699,Y,+0
50876082,"Denver, CO",1189,1699,Y,+0
50876198,"Pensacola, FL",1189,1699,Y,+0
50876325,"Saint Louis, MO",1189,1699,Y,+0
50876458,"Temecula, CA",1189,1699,Y,+0
50856502,"Franklin, TN",1179,1609,Y,-1
50857886,"Hendersonville, TN",1179,1609,Y,-1
50861182,"Murfreesboro, TN",1179,1609,Y,-1
02392661,"Lutz, FL",1159,1649,Y,-3
50858394,"Tampa, FL",1159,1649,Y,-3
50858408,"Clearwater, FL",1159,1649,Y,-3
50858416,"New Port Richey, FL",1159,1649,Y,-3
50858688,"Tampa, FL",1159,1649,Y,-3
50859072,"Fort Myers, FL",1159,1649,Y,-3
50860828,"Naples, FL",1159,1649,Y,-3
50861336,"Springdale, AR",1129,,N,-5
50870263,"Lexington, KY",1069,1769,Y,-10
02228344,"Lake Charles, LA",1059,1849,Y,-11
02489926,"Fort Worth, TX",1059,1849,Y,-11
02593106,"Cedar Park, TX",1059,1849,Y,-11
02845471,"Webster, TX",1059,1849,Y,-11
02955019,"Tyler, TX",1059,1849,Y,-11
02955028,"Longview, TX",1059,1849,Y,-11
03313342,"Fort Worth, TX",1059,1849,Y,-11
03368844,"College Station, TX",1059,1849,Y,-11
03552966,"Tomball, TX",1059,1849,Y,-11
03552977,"Sugar Land, TX",1059,1849,Y,-11
50854496,"Arlington, TX",1059,1849,Y,-11
50855549,"Grapevine, TX",1059,1849,Y,-11
50856138,"Frisco, TX",1059,1849,Y,-11
50856405,"The Woodlands, TX",1059,1849,Y,-11
50857509,"Shreveport, LA",1059,1849,Y,-11
50859633,"Austin, TX",1059,1849,Y,-11
50860208,"Round Rock, TX",1059,1849,Y,-11
50860666,"Rockwall, TX",1059,1849,Y,-11
50860976,"Waco, TX",1059,1849,Y,-11
50861255,"Humble, TX",1059,1849,Y,-11
50861263,"Midland, TX",1059,1849,Y,-11
50861298,"Beaumont, TX",1059,1849,Y,-11
50861425,"El Paso, TX",1059,1849,Y,-11
50861786,"Allen, TX",1059,1849,Y,-11
50862952,"Houston, TX",1059,1849,Y,-11
50862987,"Farmers Branch, TX",1059,1849,Y,-11
50861174,"Louisville, KY",1019,1699,Y,-14
02828507,"New Braunfels, TX",999,,N,-16
50851489,"San Antonio, TX",999,,N,-16
50859617,"San Antonio, TX",999,,N,-16
50860682,"Corpus Christi, TX",999,,N,-16
50861239,"Mcallen, TX",999,,N,-16
50861794,"San Antonio, TX",999,,N,-16
50851055,"Boise, ID",989,1409,Y,-17
50860798,"Lubbock, TX",989,1239,Y,-17
50861638,"Amarillo, TX",989,1239,Y,-17
02853668,"Albuquerque, NM",979,1399,Y,-18
50855816,"Albuquerque, NM",979,1399,Y,-18
02542416,"Freehold, NJ",929,1339,Y,-22
85166023,"Monmouth Jct, NJ",929,1339,Y,-22
85166058,"Brick, NJ",929,1339,Y,-22
50856464,"Ocala, FL",829,1329,Y,-30
50859307,"Little Rock, AR",829,1369,Y,-30
50861816,"Memphis, TN",829,1369,Y,-30
50876392,"Manchester, NH",829,1479,Y,-30
48206016,"Fort Wayne, IN",789,1479,Y,-34
50854836,"Springfield, MO",769,1279,Y,-35
