retailer,brand,sku,product,variant,form,material,price,list_price,discount_pct,available,peer_n,price_pctile,role,tees_up_n,tees_up_brands,cheaper_competitors
steinhafels,La-Z-Boy,207PKG523,Ava 5-Pc. Power Headrest Reclining Modular With Wireless Remote,Left-Facing,Sectional,Unspecified,3302.99,5533.33,40.3,Y,843,43.9,Mid-ladder,86,Drew & Jonathan Home(16); [CHRS](12); [MOTO](9); [MNDC](7); Flexsteel(6); Jackson/Catnapper(6); [SILI](6); Jonathan Louis(5); Ashley(5); [KUKA](4); [LINV](3); [SYNG](3); [MWHM](2); [FUSN](1); [VIOL](1),370
steinhafels,La-Z-Boy,302PKG221,Ava 5-Pc. Power Headrest Reclining Modular With Wireless Remote,Right-Facing,Sectional,Unspecified,3302.99,5533.33,40.3,Y,843,43.9,Mid-ladder,86,Drew & Jonathan Home(16); [CHRS](12); [MOTO](9); [MNDC](7); Flexsteel(6); Jackson/Catnapper(6); [SILI](6); Jonathan Louis(5); Ashley(5); [KUKA](4); [LINV](3); [SYNG](3); [MWHM](2); [FUSN](1); [VIOL](1),370
steinhafels,La-Z-Boy,853PKG577,Ava 6-Pc. Power Headrest Reclining Modular With Wireless Remote,Default Title,Sectional,Unspecified,3488.39,5839.94,40.3,Y,843,49.8,Mid-ladder,75,Drew & Jonathan Home(15); [MOTO](9); Flexsteel(9); [CHRS](8); Jonathan Louis(5); Ashley(5); [MNDC](4); [SILI](4); [LINV](4); Jackson/Catnapper(3); [KUKA](2); [SYNG](2); [TURQ](1); [MWHM](1); [ELRN](1); [VIOL](1); [FUSN](1),420
steinhafels,La-Z-Boy,375PKG657,Ava 6-Pc. Power Headrest Reclining Chaise Modular With Wireless Remote,Right-Facing / 2 Reclining Seats,Sectional,Unspecified,3697.19,6193.32,40.3,Y,843,53.5,Mid-ladder,73,Drew & Jonathan Home(17); [MOTO](12); Flexsteel(7); Jackson/Catnapper(5); [CHRS](5); Jonathan Louis(4); Ashley(4); [LINV](4); [SILI](3); [KUKA](2); [TURQ](2); [MNDC](2); [ELRN](2); [SYNG](2); [VIOL](1); [HOMC](1),451
steinhafels,La-Z-Boy,639PKG980,Ava 6-Pc. Power Headrest Reclining Chaise Modular With Wireless Remote,Left-Facing / 2 Reclining Seats,Sectional,Unspecified,3704.39,6193.32,40.2,Y,843,54.1,Mid-ladder,72,Drew & Jonathan Home(17); [MOTO](12); Flexsteel(7); Jackson/Catnapper(5); [CHRS](5); Jonathan Louis(4); Ashley(4); [LINV](4); [KUKA](2); [TURQ](2); [MNDC](2); [ELRN](2); [SILI](2); [SYNG](2); [VIOL](1); [HOMC](1),456
steinhafels,La-Z-Boy,491ZPKG41,Ava 6-Pc. Power Headrest Reclining Chaise Modular With Wireless Remote,Right-Facing / 3 Reclining Seats,Sectional,Unspecified,3759.99,6333.32,40.6,Y,843,55.2,Mid-ladder,71,Drew & Jonathan Home(17); [MOTO](12); Flexsteel(7); Jackson/Catnapper(5); [CHRS](5); Jonathan Louis(4); Ashley(4); [LINV](4); [KUKA](2); [TURQ](2); [MNDC](2); [ELRN](2); [SYNG](2); [SILI](1); [VIOL](1); [HOMC](1),465
steinhafels,La-Z-Boy,481QPKG32,Ava 6-Pc. Power Headrest Reclining Chaise Modular With Wireless Remote,Left-Facing / 3 Reclining Seats,Sectional,Unspecified,3759.99,6333.32,40.6,Y,843,55.2,Mid-ladder,71,Drew & Jonathan Home(17); [MOTO](12); Flexsteel(7); Jackson/Catnapper(5); [CHRS](5); Jonathan Louis(4); Ashley(4); [LINV](4); [KUKA](2); [TURQ](2); [MNDC](2); [ELRN](2); [SYNG](2); [SILI](1); [VIOL](1); [HOMC](1),465
steinhafels,La-Z-Boy,869PKG031,Ava 3-Pc. Power Headrest Reclining Chaise Sofa,Right-Facing,Sectional,Unspecified,2229.29,3733.35,40.3,Y,843,21.9,Opening price point,68,[CHRS](14); [MOTO](12); Jackson/Catnapper(7); Drew & Jonathan Home(5); [TURQ](5); [KUKA](4); Ashley(4); [WASH](4); [MNDC](3); Jonathan Louis(3); [SILI](2); [FRKL](2); [LINV](1); [SYNG](1); Natuzzi(1),185
steinhafels,La-Z-Boy,867PKG192,Ava 3-Pc. Power Headrest Reclining Chaise Sofa,Left-Facing,Sectional,Unspecified,2229.29,3733.35,40.3,Y,843,21.9,Opening price point,68,[CHRS](14); [MOTO](12); Jackson/Catnapper(7); Drew & Jonathan Home(5); [TURQ](5); [KUKA](4); Ashley(4); [WASH](4); [MNDC](3); Jonathan Louis(3); [SILI](2); [FRKL](2); [LINV](1); [SYNG](1); Natuzzi(1),185
steinhafels,La-Z-Boy,831PKG201,Ava 3-Pc. Power Headrest Reclining Console Loveseat,Default Title,Sectional,Unspecified,2104.19,3519.97,40.2,Y,843,19.5,Opening price point,65,[CHRS](15); [MOTO](14); Drew & Jonathan Home(5); Jackson/Catnapper(5); [KUKA](4); [TURQ](4); [SYNG](3); Ashley(3); Jonathan Louis(3); [LINV](2); [MNDC](2); [WASH](2); [SILI](1); Natuzzi(1); [FRKL](1),164
steinhafels,La-Z-Boy,954PKG000,Ava 7-Pc. Power Headrest Reclining Modular With Wireless Remote,Left-Facing,Sectional,Unspecified,4262.39,7133.31,40.2,Y,843,65.6,Mid-ladder,62,Drew & Jonathan Home(13); [MOTO](11); [CHRS](7); [TURQ](5); Jackson/Catnapper(4); Flexsteel(4); [LINV](4); [ELRN](3); Jonathan Louis(3); [KUKA](2); [SILI](2); [MNDC](1); Ashley(1); [SYNG](1); [HOMC](1),553
steinhafels,La-Z-Boy,330PKG438,Ava 7-Pc. Power Headrest Reclining Modular With Wireless Remote,Right-Facing,Sectional,Unspecified,4259.69,7133.31,40.3,Y,843,65.6,Mid-ladder,62,Drew & Jonathan Home(13); [MOTO](11); [CHRS](7); [TURQ](5); Jackson/Catnapper(4); Flexsteel(4); [LINV](4); [ELRN](3); Jonathan Louis(3); [KUKA](2); [SILI](2); [MNDC](1); Ashley(1); [SYNG](1); [HOMC](1),553
steinhafels,La-Z-Boy,390PKG962,Ava 3-Pc. Power Headrest Reclining Sofa,Default Title,Sectional,Unspecified,2021.39,3379.97,40.2,Y,843,17.0,Opening price point,57,[CHRS](15); [MOTO](11); Jackson/Catnapper(5); Drew & Jonathan Home(4); [KUKA](4); Ashley(4); [TURQ](3); [SYNG](3); [LINV](2); Jonathan Louis(2); [MNDC](1); [WASH](1); Natuzzi(1); [FRKL](1),143
steinhafels,La-Z-Boy,734PKG678,Ava 2-Pc. Power Headrest Reclining Loveseat,Default Title,Sectional,Unspecified,1624.49,2719.98,40.3,Y,843,8.2,Opening price point,57,[CHRS](23); Ashley(6); [KUKA](5); [LINV](4); [WASH](3); [MOTO](3); [FRKL](2); [MWHM](2); Drew & Jonathan Home(2); Jackson/Catnapper(2); [SYNG](1); Jonathan Louis(1); [TURQ](1); [HOMC](1); [PEAK](1),69
steinhafels,La-Z-Boy,408Z89797,Jean Lift Chair,Default Title,Recliner,Fabric,929.99,1033.32,10.0,Y,319,20.4,Opening price point,45,HomeStretch(6); [FRKL](5); [CHRS](4); [VIOL](3); [MOTO](3); [CATN](3); Best Home Furnishings(3); [SYNG](3); [MEGA](2); Ashley(2); [KUKA](2); [TURQ](2); Southern Motion(2); [BARC](2); [SILI](1); Flexsteel(1); [LINV](1),65
steinhafels,La-Z-Boy,536Z43530,Lennon Leather Fully Loaded Recliner With Wireless Remote,Default Title,Recliner,Leather,1199.99,2055.54,41.6,Y,319,42.0,Mid-ladder,44,HomeStretch(5); [MOTO](5); [BARC](4); Southern Motion(4); [VIOL](4); [KUKA](4); Flexsteel(3); [SILI](3); Best Home Furnishings(2); [CATN](2); [SYNG](2); [CHRS](1); [MEGA](1); [FRKL](1); [USAP](1); [TURQ](1); Ashley(1),134
steinhafels,La-Z-Boy,851Z73615,James Leather Swivel Rocker Recliner,Default Title,Recliner,Leather,1249.99,1388.88,10.0,Y,319,46.4,Mid-ladder,43,HomeStretch(6); [SILI](5); [BARC](4); Flexsteel(3); Southern Motion(3); [VIOL](3); [KUKA](3); [MOTO](3); Best Home Furnishings(2); [CATN](2); [OMNA](2); [SYNG](2); [FRKL](1); [HOKR](1); [USAP](1); [TURQ](1); Ashley(1),148
steinhafels,La-Z-Boy,605616782,Pinnacle Leather Rocker Recliner,Opulence Stone,Recliner,Leather,1249.99,1388.88,10.0,Y,319,46.4,Mid-ladder,43,HomeStretch(6); [SILI](5); [BARC](4); Flexsteel(3); Southern Motion(3); [VIOL](3); [KUKA](3); [MOTO](3); Best Home Furnishings(2); [CATN](2); [OMNA](2); [SYNG](2); [FRKL](1); [HOKR](1); [USAP](1); [TURQ](1); Ashley(1),148
steinhafels,La-Z-Boy,236Z95485,Pinnacle Leather Rocker Recliner,Opulence Umber,Recliner,Leather,1249.99,1388.88,10.0,Y,319,46.4,Mid-ladder,43,HomeStretch(6); [SILI](5); [BARC](4); Flexsteel(3); Southern Motion(3); [VIOL](3); [KUKA](3); [MOTO](3); Best Home Furnishings(2); [CATN](2); [OMNA](2); [SYNG](2); [FRKL](1); [HOKR](1); [USAP](1); [TURQ](1); Ashley(1),148
steinhafels,La-Z-Boy,591787465,Astor Rocker Recliner,Mushroom,Recliner,Unspecified,1099.99,1222.21,10.0,Y,319,32.3,Mid-ladder,42,HomeStretch(6); [MOTO](5); Southern Motion(4); [BARC](3); [VIOL](3); [KUKA](3); [FRKL](3); [MEGA](2); Best Home Furnishings(2); [CATN](2); [SYNG](2); [SILI](2); [CHRS](1); Flexsteel(1); [USAP](1); [TURQ](1); [LINV](1),103
steinhafels,La-Z-Boy,773Z57754,Pinnacle Rocker Recliner,D209586 Midnight,Recliner,Fabric,999.99,999.99,,Y,319,25.4,Mid-ladder,41,[MOTO](5); HomeStretch(4); [VIOL](4); [FRKL](4); [CATN](3); [SYNG](3); [MEGA](2); Best Home Furnishings(2); [KUKA](2); [CHRS](2); Southern Motion(2); [TURQ](2); [BARC](2); Ashley(1); Flexsteel(1); [USAP](1); [LINV](1),81
steinhafels,La-Z-Boy,124Z19080,Olympic Power Headrest Zero Gravity Recliner,E191765 i-Adario Taupe,Recliner,Unspecified,1299.99,1444.43,10.0,Y,319,48.3,Mid-ladder,41,HomeStretch(5); [SILI](5); [BARC](4); Flexsteel(4); Southern Motion(3); [VIOL](3); [CATN](2); [MOTO](2); [OMNA](2); [KUKA](2); [FRKL](2); [SYNG](2); Ashley(2); [HOKR](1); [ELRN](1); Best Home Furnishings(1),154
steinhafels,La-Z-Boy,173309451,Wynne Rocker Recliner With Contour Seat Cushion,D209631 Bone,Recliner,Fabric,999.99,1111.1,10.0,Y,319,25.4,Mid-ladder,41,[MOTO](5); HomeStretch(4); [VIOL](4); [FRKL](4); [CATN](3); [SYNG](3); [MEGA](2); Best Home Furnishings(2); [KUKA](2); [CHRS](2); Southern Motion(2); [TURQ](2); [BARC](2); Ashley(1); Flexsteel(1); [USAP](1); [LINV](1),81
steinhafels,La-Z-Boy,905Z36334,Wynne Rocker Recliner With Contour Seat Cushion,D209669 Latte,Recliner,Fabric,1111.1,1111.1,,Y,319,34.2,Mid-ladder,41,HomeStretch(6); [MOTO](5); Southern Motion(4); [FRKL](4); [BARC](3); [VIOL](3); [KUKA](3); [MEGA](2); Best Home Furnishings(2); [SILI](2); [CHRS](1); [CATN](1); [SYNG](1); Flexsteel(1); [USAP](1); [TURQ](1); [LINV](1),109
steinhafels,La-Z-Boy,949Z72003,Astor Rocker Recliner,Granite,Recliner,Unspecified,1222.21,1222.21,,Y,319,45.5,Mid-ladder,40,HomeStretch(5); [MOTO](5); [BARC](4); [KUKA](4); Flexsteel(3); Southern Motion(3); [VIOL](3); [SILI](3); Best Home Furnishings(2); [CATN](2); [SYNG](2); [FRKL](1); [USAP](1); [TURQ](1); Ashley(1),145
steinhafels,La-Z-Boy,520010718,Pinnacle Power Headrest Rocker Recliner with Wireless Remote,Default Title,Recliner,Leather,1349.99,1499.99,10.0,Y,319,52.0,Mid-ladder,40,Flexsteel(5); HomeStretch(5); [SILI](5); [BARC](3); Southern Motion(3); [VIOL](3); Best Home Furnishings(2); [CATN](2); [OMNA](2); [FRKL](2); [SYNG](2); Ashley(2); [KUKA](1); [HOKR](1); [ELRN](1); Natuzzi(1),166
steinhafels,La-Z-Boy,273Z06786,Cade Fully Loaded Recliner With Wireless Remote,Default Title,Recliner,Unspecified,1349.99,1499.99,10.0,Y,319,52.0,Mid-ladder,40,Flexsteel(5); HomeStretch(5); [SILI](5); [BARC](3); Southern Motion(3); [VIOL](3); Best Home Furnishings(2); [CATN](2); [OMNA](2); [FRKL](2); [SYNG](2); Ashley(2); [KUKA](1); [HOKR](1); [ELRN](1); Natuzzi(1),166
steinhafels,La-Z-Boy,177426562,Pinnacle Rocker Recliner,D209562 Marble,Recliner,Fabric,899.99,999.99,10.0,Y,319,16.9,Opening price point,39,HomeStretch(5); [CHRS](4); [FRKL](4); [CATN](3); Best Home Furnishings(3); [SYNG](3); [MEGA](2); Ashley(2); [MOTO](2); [VIOL](2); Southern Motion(2); [SILI](1); [TURQ](1); [BARC](1); Flexsteel(1); [MWHM](1); [KUKA](1); [LINV](1),54
steinhafels,La-Z-Boy,147550223,Pinnacle Rocker Recliner,D209574 Hazel,Recliner,Fabric,899.99,999.99,10.0,Y,319,16.9,Opening price point,39,HomeStretch(5); [CHRS](4); [FRKL](4); [CATN](3); Best Home Furnishings(3); [SYNG](3); [MEGA](2); Ashley(2); [MOTO](2); [VIOL](2); Southern Motion(2); [SILI](1); [TURQ](1); [BARC](1); Flexsteel(1); [MWHM](1); [KUKA](1); [LINV](1),54
steinhafels,La-Z-Boy,908494189,Randall Rocker Recliner,Default Title,Recliner,Unspecified,1388.88,1388.88,,Y,319,53.3,Mid-ladder,38,HomeStretch(6); Flexsteel(5); [SILI](5); Southern Motion(3); [VIOL](3); [BARC](2); [OMNA](2); [FRKL](2); [SYNG](2); Ashley(2); Best Home Furnishings(1); [CATN](1); [KUKA](1); [HOKR](1); [ELRN](1); Natuzzi(1),170
steinhafels,La-Z-Boy,470Z51134,Rheeves High Leg Recliner,Default Title,Recliner,Leather,1149.99,1277.77,10.0,Y,319,36.1,Mid-ladder,36,HomeStretch(5); [MOTO](5); Southern Motion(4); [BARC](3); [VIOL](3); [KUKA](3); Best Home Furnishings(2); [FRKL](2); [SILI](2); [CHRS](1); [CATN](1); [MEGA](1); [SYNG](1); Flexsteel(1); [USAP](1); [TURQ](1),115
steinhafels,La-Z-Boy,918426741,Olympic Power Headrest Zero Gravity Reclining Sofa,E191765 i-Adario Taupe,Sofa,Unspecified,2332.99,2332.99,,Y,441,74.4,Mid-ladder,35,[SILI](4); Drew & Jonathan Home(4); King Hickory(3); Ashley(2); [USAP](2); Jonathan Louis(2); HomeStretch(2); [SYNG](2); [FUSN](1); Flexsteel(1); Southern Motion(1); [POLY](1); [KUKA](1); [MOTO](1); [LINV](1); [CATN](1); Bassett(1); [VIOL](1); Natuzzi(1); [HHER](1); [OMNA](1); [MNDC](1),328
steinhafels,La-Z-Boy,942Z09156,Olympic Power Headrest Zero Gravity Reclining Sofa,Default Title,Sofa,Unspecified,2332.99,2332.99,,Y,441,74.4,Mid-ladder,35,[SILI](4); Drew & Jonathan Home(4); King Hickory(3); Ashley(2); [USAP](2); Jonathan Louis(2); HomeStretch(2); [SYNG](2); [FUSN](1); Flexsteel(1); Southern Motion(1); [POLY](1); [KUKA](1); [MOTO](1); [LINV](1); [CATN](1); Bassett(1); [VIOL](1); Natuzzi(1); [HHER](1); [OMNA](1); [MNDC](1),328
steinhafels,La-Z-Boy,911Z61799,Cade Leather Rocker Recliner,LB206132 Oyster,Recliner,Leather,799.99,1033.32,22.6,Y,319,13.2,Opening price point,34,[CHRS](9); [CATN](4); HomeStretch(4); [FRKL](4); Southern Motion(3); Ashley(2); [KUKA](2); Best Home Furnishings(2); [SILI](1); [BARC](1); [MWHM](1); [SYNG](1),42
steinhafels,La-Z-Boy,433011872,Cade Leather Rocker Recliner,LB206175 Stone,Recliner,Leather,799.99,1033.32,22.6,Y,319,13.2,Opening price point,34,[CHRS](9); [CATN](4); HomeStretch(4); [FRKL](4); Southern Motion(3); Ashley(2); [KUKA](2); Best Home Furnishings(2); [SILI](1); [BARC](1); [MWHM](1); [SYNG](1),42
steinhafels,La-Z-Boy,183Z59781,Jay Fully Loaded Rocker Recliner With Wireless Remote,C180969 Granite,Recliner,Unspecified,1399.99,1555.54,10.0,Y,319,54.9,Mid-ladder,34,HomeStretch(6); Flexsteel(4); [SILI](4); [BARC](2); Southern Motion(2); [VIOL](2); [OMNA](2); [FRKL](2); [SYNG](2); Ashley(2); Best Home Furnishings(1); [CATN](1); [KUKA](1); [HOKR](1); [ELRN](1); Natuzzi(1),175
steinhafels,La-Z-Boy,203Z75908,Cade Fully Loaded Reclining Sofa With Wireless Remote,Default Title,Sofa,Unspecified,2399.99,2666.66,10.0,Y,441,75.1,Premium anchor,34,[SILI](4); Drew & Jonathan Home(4); King Hickory(3); Ashley(2); Flexsteel(2); [USAP](2); HomeStretch(2); [SYNG](2); [FUSN](1); Southern Motion(1); [POLY](1); [KUKA](1); [LINV](1); [CATN](1); Bassett(1); [VIOL](1); Natuzzi(1); [HHER](1); [OMNA](1); Jonathan Louis(1); [MNDC](1),331
steinhafels,La-Z-Boy,988Z14417,Morrison Fully Loaded Rocker Recliner With Wireless Remote,Default Title,Recliner,Fabric,1499.99,1499.99,,Y,319,58.0,Mid-ladder,33,HomeStretch(6); Flexsteel(4); [SILI](3); [BARC](2); [HOKR](2); [VIOL](2); [OMNA](2); Ashley(2); Best Home Furnishings(1); [CATN](1); [MOTO](1); [KUKA](1); [FRKL](1); Southern Motion(1); [ELRN](1); [SYNG](1); Bassett(1); Natuzzi(1),185
steinhafels,La-Z-Boy,850Z26255,Kodie Fully Loaded Rocker Recliner With Wireless Remote,Default Title,Recliner,Fabric,1499.99,1666.66,10.0,Y,319,58.0,Mid-ladder,33,HomeStretch(6); Flexsteel(4); [SILI](3); [BARC](2); [HOKR](2); [VIOL](2); [OMNA](2); Ashley(2); Best Home Furnishings(1); [CATN](1); [MOTO](1); [KUKA](1); [FRKL](1); Southern Motion(1); [ELRN](1); [SYNG](1); Bassett(1); Natuzzi(1),185
steinhafels,La-Z-Boy,875Z20763,Audrey High Leg Power Headrest Recliner with Wireless Remote,Default Title,Recliner,Unspecified,1499.99,1666.66,10.0,Y,319,58.0,Mid-ladder,33,HomeStretch(6); Flexsteel(4); [SILI](3); [BARC](2); [HOKR](2); [VIOL](2); [OMNA](2); Ashley(2); Best Home Furnishings(1); [CATN](1); [MOTO](1); [KUKA](1); [FRKL](1); Southern Motion(1); [ELRN](1); [SYNG](1); Bassett(1); Natuzzi(1),185
steinhafels,La-Z-Boy,992Z90454,Olympic Power Headrest Zero Gravity Recliner,Default Title,Recliner,Unspecified,1444.43,1444.43,,Y,319,58.0,Mid-ladder,32,HomeStretch(6); Flexsteel(5); [SILI](3); [BARC](2); [HOKR](2); [VIOL](2); [OMNA](2); Ashley(2); Best Home Furnishings(1); [CATN](1); [KUKA](1); [FRKL](1); Southern Motion(1); [ELRN](1); [SYNG](1); Natuzzi(1),185
steinhafels,La-Z-Boy,874Z81252,Jay Power Headrest Reclining Sofa With Dual Wireless Remotes,C180969 Granite,Sofa,Unspecified,2444.43,2444.43,,Y,441,76.0,Premium anchor,31,[SILI](4); Drew & Jonathan Home(4); King Hickory(3); Ashley(2); Flexsteel(2); [USAP](2); HomeStretch(2); [SYNG](2); Southern Motion(1); [POLY](1); [KUKA](1); [LINV](1); [VIOL](1); Natuzzi(1); [HHER](1); [OMNA](1); Jonathan Louis(1); [MNDC](1),335
steinhafels,La-Z-Boy,602968224,Jay Power Headrest Reclining Sofa With Dual Wireless Remotes,C180974 Mushroom,Sofa,Unspecified,2199.99,2444.43,10.0,Y,441,72.1,Mid-ladder,28,Ashley(5); Flexsteel(2); Drew & Jonathan Home(2); Jonathan Louis(2); HomeStretch(2); [FUSN](1); [SILI](1); [USAP](1); Southern Motion(1); [POLY](1); [KUKA](1); [MOTO](1); [CATN](1); Bassett(1); [TURQ](1); [VIOL](1); Natuzzi(1); [HHER](1); [OMNA](1); [MNDC](1),318
steinhafels,La-Z-Boy,976Z19202,Cade Fully Loaded Recl Cons Love With Wireless Remote,Default Title,Sofa,Unspecified,2777.77,2777.77,,Y,441,81.6,Premium anchor,28,King Hickory(9); Flexsteel(4); Drew & Jonathan Home(3); [SILI](3); Bassett(2); [SYNG](2); [LINV](1); Jonathan Louis(1); [USAP](1); [OMNA](1); HomeStretch(1),360
steinhafels,La-Z-Boy,647Z83715,Acadia Leather Power Headrest Zero Gravity Recliner,LB206379 Dean Shitake,Recliner,Leather,2277.77,2277.77,,Y,319,77.4,Premium anchor,27,Flexsteel(11); [IMGN](6); Bassett(2); [ELRN](2); [CORE](2); [MEGA](1); King Hickory(1); [USAP](1); [HOKR](1),247
steinhafels,La-Z-Boy,567751209,Jasper Rocker Recliner,D210062 Taupe,Recliner,Fabric,729.99,811.1,10.0,Y,319,10.7,Opening price point,26,[CHRS](7); HomeStretch(3); Ashley(2); [VIOL](2); [CATN](2); [FRKL](2); Southern Motion(2); Best Home Furnishings(1); [MOTO](1); [KUKA](1); Jackson/Catnapper(1); [MWHM](1); [SYNG](1),34
steinhafels,La-Z-Boy,395Z97977,Jasper Rocker Recliner,D210031 Sugarshow,Recliner,Fabric,729.99,811.1,10.0,Y,319,10.7,Opening price point,26,[CHRS](7); HomeStretch(3); Ashley(2); [VIOL](2); [CATN](2); [FRKL](2); Southern Motion(2); Best Home Furnishings(1); [MOTO](1); [KUKA](1); Jackson/Catnapper(1); [MWHM](1); [SYNG](1),34
steinhafels,La-Z-Boy,913Z61838,Jay Fully Loaded Rocker Recliner With Wireless Remote,C180974 Mushroom,Recliner,Unspecified,1555.54,1555.54,,Y,319,62.4,Mid-ladder,26,Flexsteel(5); HomeStretch(5); [HOKR](2); [SILI](2); [OMNA](2); Best Home Furnishings(1); [CATN](1); [MOTO](1); [VIOL](1); [FRKL](1); [ELRN](1); [SYNG](1); Bassett(1); Natuzzi(1); Ashley(1),199
steinhafels,La-Z-Boy,806Z27167,Patrick Pwr Headrest Rkr Recl w Wireless Remote,Default Title,Recliner,Leather,1555.54,1555.54,,Y,319,62.4,Mid-ladder,26,Flexsteel(5); HomeStretch(5); [HOKR](2); [SILI](2); [OMNA](2); Best Home Furnishings(1); [CATN](1); [MOTO](1); [VIOL](1); [FRKL](1); [ELRN](1); [SYNG](1); Bassett(1); Natuzzi(1); Ashley(1),199
steinhafels,La-Z-Boy,156556607,Olympic Power Headrest Zero Gravity Reclining Loveseat,E191765 i-Adario Taupe,Loveseat,Unspecified,2060.99,2289.99,10.0,Y,258,67.8,Mid-ladder,25,HomeStretch(4); Flexsteel(3); Southern Motion(2); [HOMC](2); [KUKA](2); [OMNA](2); [MOTO](1); Drew & Jonathan Home(1); [CATN](1); [SYNG](1); [USAP](1); [TURQ](1); [LINV](1); King Hickory(1); Natuzzi(1); [SILI](1),175
steinhafels,La-Z-Boy,148438918,Acadia Leather Power Headrest Zero Gravity Recliner,LB206376 Dean Chestnut,Recliner,Leather,2049.99,2277.77,10.0,Y,319,73.0,Mid-ladder,25,Flexsteel(9); [IMGN](3); [USAP](2); [HOKR](2); Bassett(2); [ELRN](2); [CORE](2); [MEGA](1); King Hickory(1); [SILI](1),233
steinhafels,La-Z-Boy,338567277,Jay Power Headrest Reclining Loveseat,C180974 Mushroom,Loveseat,Unspecified,2099.99,2333.32,10.0,Y,258,68.6,Mid-ladder,25,HomeStretch(4); Flexsteel(3); Southern Motion(2); [HOMC](2); [USAP](2); [OMNA](2); [SILI](1); [MOTO](1); Drew & Jonathan Home(1); [CATN](1); [SYNG](1); [TURQ](1); [LINV](1); King Hickory(1); Natuzzi(1); [KUKA](1),177
steinhafels,La-Z-Boy,948360912,Clybourn Leather Power Headrest Zero Gravity High Leg Recliner,LB206087 Navy,Recliner,Leather,2111.1,2111.1,,Y,319,74.3,Mid-ladder,24,Flexsteel(9); [IMGN](3); [USAP](2); [HOKR](2); Bassett(2); [CORE](2); [MEGA](1); King Hickory(1); [SILI](1); [ELRN](1),237
steinhafels,La-Z-Boy,832753564,Jay Power Headrest Reclining Loveseat,C180969 Granite,Loveseat,Unspecified,2333.32,2333.32,,Y,258,73.6,Mid-ladder,24,[SILI](4); King Hickory(3); [HOMC](3); Flexsteel(2); Southern Motion(2); [SYNG](2); [USAP](2); HomeStretch(2); [MOTO](1); [CATN](1); [KUKA](1); [OMNA](1),190
slumberland,La-Z-Boy,,Brooks Reclining Sofa and Recliner,Default Title,Sofa,Unspecified,1649.98,3599.98,54.2,Y,187,65.2,Mid-ladder,23,Stone & Leigh Upholstery(7); Dimensions by England(5); Southern Motion(4); Ashley(3); Franklin(3); Man-Wah Cheers(1),122
slumberland,La-Z-Boy,QK1081521,James Reclining Sofa,Silt,Sofa,Unspecified,1599.99,2399.99,33.3,Y,187,63.1,Mid-ladder,23,Stone & Leigh Upholstery(7); Dimensions by England(5); Southern Motion(4); Ashley(3); Franklin(3); Man-Wah Cheers(1),118
steinhafels,La-Z-Boy,377Z32456,Acadia Leather Power Headrest Zero Gravity Reclining Sofa,LB206376 Dean Chestnut,Sofa,Leather,3299.99,3666.66,10.0,Y,441,86.8,Premium anchor,23,King Hickory(7); [OMNA](7); Flexsteel(4); [HOMC](2); [MOTO](1); [HHER](1); Bassett(1),383
steinhafels,La-Z-Boy,149039691,Acadia Leather Power Headrest Zero Gravity Reclining Sofa,LB206379 Dean Shitake,Sofa,Leather,3299.99,3666.66,10.0,Y,441,86.8,Premium anchor,23,King Hickory(7); [OMNA](7); Flexsteel(4); [HOMC](2); [MOTO](1); [HHER](1); Bassett(1),383
steinhafels,La-Z-Boy,530663722,Olympic Power Headrest Zero Gravity Reclining Loveseat,Default Title,Loveseat,Unspecified,2289.99,2289.99,,Y,258,73.3,Mid-ladder,23,[SILI](4); King Hickory(3); Flexsteel(2); Southern Motion(2); [HOMC](2); [USAP](2); HomeStretch(2); [OMNA](2); [MOTO](1); [CATN](1); [SYNG](1); [KUKA](1),189
slumberland,La-Z-Boy,QK1090836,Joshua Rocker Recliner,Midnight,Recliner,Unspecified,699.99,1298.99,46.1,Y,172,29.7,Mid-ladder,22,Franklin(14); Ashley(4); Hughes Furniture(1); Benchmaster(1); Man-Wah Cheers(1); Best Home Furnishings(1),51
slumberland,La-Z-Boy,QK1090835,Joshua Rocker Recliner,Pebble,Recliner,Unspecified,699.99,1298.99,46.1,Y,172,29.7,Mid-ladder,22,Franklin(14); Ashley(4); Hughes Furniture(1); Benchmaster(1); Man-Wah Cheers(1); Best Home Furnishings(1),51
slumberland,La-Z-Boy,QK1040720,Jay Rocker Recliner,Granite,Recliner,Fabric,699.99,1449.99,51.7,Y,172,29.7,Mid-ladder,22,Franklin(14); Ashley(4); Hughes Furniture(1); Benchmaster(1); Man-Wah Cheers(1); Best Home Furnishings(1),51
slumberland,La-Z-Boy,QK1040712,Jay Rocker Recliner,Mushroom,Recliner,Fabric,699.99,1449.99,51.7,Y,172,29.7,Mid-ladder,22,Franklin(14); Ashley(4); Hughes Furniture(1); Benchmaster(1); Man-Wah Cheers(1); Best Home Furnishings(1),51
slumberland,La-Z-Boy,QK1082415,Reed Rocker Recliner,Walnut,Recliner,Unspecified,699.99,1399.99,50.0,Y,172,29.7,Mid-ladder,22,Franklin(14); Ashley(4); Hughes Furniture(1); Benchmaster(1); Man-Wah Cheers(1); Best Home Furnishings(1),51
slumberland,La-Z-Boy,QK1082416,Reed Rocker Recliner,Beige,Recliner,Unspecified,699.99,1399.99,50.0,Y,172,29.7,Mid-ladder,22,Franklin(14); Ashley(4); Hughes Furniture(1); Benchmaster(1); Man-Wah Cheers(1); Best Home Furnishings(1),51
steinhafels,La-Z-Boy,907Z28983,Ace Fully Loaded Wall Saver Rclnr w Wireless Remote,Default Title,Recliner,Leather,1849.99,2055.54,10.0,Y,319,70.5,Mid-ladder,22,Flexsteel(8); [USAP](2); [HOKR](2); Bassett(2); [ELRN](2); [MEGA](1); King Hickory(1); [MOTO](1); [SILI](1); Ashley(1); [CORE](1),225
slumberland,La-Z-Boy,QK1090832,Sparrow Rocker Recliner,Ash,Recliner,Unspecified,669.99,1499.0,55.3,Y,172,26.7,Mid-ladder,21,Franklin(15); Ashley(4); Hughes Furniture(1); Best Home Furnishings(1),46
slumberland,La-Z-Boy,QK1090833,Sparrow Rocker Recliner,Bluestone,Recliner,Unspecified,669.99,1499.0,55.3,Y,172,26.7,Mid-ladder,21,Franklin(15); Ashley(4); Hughes Furniture(1); Best Home Furnishings(1),46
slumberland,La-Z-Boy,QK1090834,Sparrow Rocker Recliner,Nutmeg,Recliner,Unspecified,669.99,1499.0,55.3,Y,172,26.7,Mid-ladder,21,Franklin(15); Ashley(4); Hughes Furniture(1); Best Home Furnishings(1),46
slumberland,La-Z-Boy,QK1090831,Sparrow Rocker Recliner,Moss,Recliner,Unspecified,669.99,1499.0,55.3,Y,172,26.7,Mid-ladder,21,Franklin(15); Ashley(4); Hughes Furniture(1); Best Home Furnishings(1),46
slumberland,La-Z-Boy,QK1082401,Rowan Rocker Recliner,Waterfall,Recliner,Unspecified,799.99,1199.99,33.3,Y,172,39.0,Mid-ladder,21,Franklin(12); Man-Wah Cheers(3); Ashley(2); Southern Motion(2); Benchmaster(1); Kuka Home(1),67
steinhafels,La-Z-Boy,933Z10968,Belmont Leather Fully Loaded Recliner With Wireless Remote,Default Title,Recliner,Leather,1799.99,1999.99,10.0,Y,319,70.5,Mid-ladder,21,Flexsteel(9); [USAP](2); [HOKR](2); Bassett(2); King Hickory(1); [MOTO](1); [SILI](1); [ELRN](1); Ashley(1); [CORE](1),225
slumberland,La-Z-Boy,QK1088082,Morrison Rocker Recliner,Graphite,Recliner,Unspecified,629.99,1079.99,41.7,Y,172,21.5,Opening price point,20,Franklin(13); Ashley(4); Hughes Furniture(1); Kuka Home(1); Best Home Furnishings(1),37
slumberland,La-Z-Boy,1076653,Morrison Rocker Recliner,Silver,Recliner,Unspecified,629.99,1079.99,41.7,Y,172,21.5,Opening price point,20,Franklin(13); Ashley(4); Hughes Furniture(1); Kuka Home(1); Best Home Furnishings(1),37
slumberland,La-Z-Boy,1076676,Morrison Rocker Recliner,Cappuccino,Recliner,Unspecified,629.99,1079.99,41.7,Y,172,21.5,Opening price point,20,Franklin(13); Ashley(4); Hughes Furniture(1); Kuka Home(1); Best Home Furnishings(1),37
slumberland,La-Z-Boy,QK1088081,Morrison Rocker Recliner,Marble,Recliner,Unspecified,629.99,1079.99,41.7,Y,172,21.5,Opening price point,20,Franklin(13); Ashley(4); Hughes Furniture(1); Kuka Home(1); Best Home Furnishings(1),37
slumberland,La-Z-Boy,QK1060418,Liam Rocker Recliner,Twilight,Recliner,Unspecified,629.99,1079.99,41.7,Y,172,21.5,Opening price point,20,Franklin(13); Ashley(4); Hughes Furniture(1); Kuka Home(1); Best Home Furnishings(1),37
slumberland,La-Z-Boy,QK1060417,Liam Rocker Recliner,Fawn,Recliner,Unspecified,629.99,1079.99,41.7,Y,172,21.5,Opening price point,20,Franklin(13); Ashley(4); Hughes Furniture(1); Kuka Home(1); Best Home Furnishings(1),37
steinhafels,La-Z-Boy,193Z77078,Trouper Leather Fully Loaded Rocker Recliner with Wireless Remote,Default Title,Recliner,Leather,1699.99,1888.88,10.0,Y,319,68.3,Mid-ladder,20,Flexsteel(9); HomeStretch(3); Best Home Furnishings(1); [HOKR](1); [MOTO](1); [USAP](1); [SILI](1); Bassett(1); [ELRN](1); Ashley(1),218
steinhafels,La-Z-Boy,422Z04048,Clybourn Leather Power Headrest Zero Gravity High Leg Recliner,LB206077 Cognac,Recliner,Leather,1899.99,2111.1,10.0,Y,319,71.8,Mid-ladder,20,Flexsteel(10); [USAP](2); [ELRN](2); [MEGA](1); King Hickory(1); Bassett(1); [SILI](1); [HOKR](1); [CORE](1),229
steinhafels,La-Z-Boy,381243245,Lennon Leather Fully Loaded Swivel Recliner With Wireless Remote,Default Title,Recliner,Leather,1899.99,2111.1,10.0,N,319,71.8,Mid-ladder,20,Flexsteel(10); [USAP](2); [ELRN](2); [MEGA](1); King Hickory(1); Bassett(1); [SILI](1); [HOKR](1); [CORE](1),229
slumberland,La-Z-Boy,QK1097958,Liam Wall Recliner,Twilight,Recliner,Unspecified,679.99,1199.0,43.3,Y,172,26.7,Mid-ladder,19,Franklin(14); Ashley(3); Hughes Furniture(1); Best Home Furnishings(1),46
slumberland,La-Z-Boy,QK1097959,Liam Wall Recliner,Fawn,Recliner,Unspecified,679.99,1199.0,43.3,Y,172,26.7,Mid-ladder,19,Franklin(14); Ashley(3); Hughes Furniture(1); Best Home Furnishings(1),46
slumberland,La-Z-Boy,QK1016034,Trouper Rocker Recliner,Stucco,Recliner,Unspecified,749.99,1349.99,44.4,Y,172,34.3,Mid-ladder,19,Franklin(12); Ashley(3); Benchmaster(1); Man-Wah Cheers(1); Kuka Home(1); Best Home Furnishings(1),59
slumberland,La-Z-Boy,1072465,Trouper Rocker Recliner,Sable,Recliner,Unspecified,749.99,1349.99,44.4,Y,172,34.3,Mid-ladder,19,Franklin(12); Ashley(3); Benchmaster(1); Man-Wah Cheers(1); Kuka Home(1); Best Home Furnishings(1),59
slumberland,La-Z-Boy,1072467,Trouper Rocker Recliner,Mink,Recliner,Unspecified,749.99,1349.99,44.4,Y,172,34.3,Mid-ladder,19,Franklin(12); Ashley(3); Benchmaster(1); Man-Wah Cheers(1); Kuka Home(1); Best Home Furnishings(1),59
slumberland,La-Z-Boy,QK1064451,Jay Reclining Sofa,Granite,Sofa,Unspecified,1399.99,2399.99,41.7,Y,187,57.8,Mid-ladder,19,Dimensions by England(6); Stone & Leigh Upholstery(5); Franklin(3); Southern Motion(2); Kuka Home(1); Man-Wah Cheers(1); Ashley(1),108
slumberland,La-Z-Boy,QK1064460,Jay Reclining Sofa,Mushroom,Sofa,Unspecified,1399.99,2399.99,41.7,Y,187,57.8,Mid-ladder,19,Dimensions by England(6); Stone & Leigh Upholstery(5); Franklin(3); Southern Motion(2); Kuka Home(1); Man-Wah Cheers(1); Ashley(1),108
slumberland,La-Z-Boy,QK1031489,Pinnacle Rocker Recliner,Graphite,Recliner,Fabric,749.99,1199.99,37.5,Y,172,34.3,Mid-ladder,19,Franklin(12); Ashley(3); Benchmaster(1); Man-Wah Cheers(1); Kuka Home(1); Best Home Furnishings(1),59
slumberland,La-Z-Boy,QK1031490,Pinnacle Rocker Recliner,Navy,Recliner,Fabric,749.99,1199.99,37.5,Y,172,34.3,Mid-ladder,19,Franklin(12); Ashley(3); Benchmaster(1); Man-Wah Cheers(1); Kuka Home(1); Best Home Furnishings(1),59
slumberland,La-Z-Boy,QK1081523,James Reclining Loveseat With Console,Silt,Loveseat,Unspecified,1699.99,2549.99,33.3,Y,174,63.8,Mid-ladder,18,Southern Motion(9); Stone & Leigh Upholstery(4); Flexsteel(1); Ashley(1); Dimensions by England(1); Leather Italia USA(1); Man-Wah Cheers(1),111
slumberland,La-Z-Boy,QK1087078,Jean Power Lift Recliner,Dove,Recliner,Unspecified,849.99,1349.0,37.0,Y,172,43.6,Mid-ladder,18,Franklin(9); Man-Wah Cheers(3); Ashley(2); Southern Motion(2); Benchmaster(1); Kuka Home(1),75
slumberland,La-Z-Boy,QK1031491,Pinnacle Wall Recliner,Marble,Recliner,Unspecified,849.99,1349.99,37.0,Y,172,43.6,Mid-ladder,18,Franklin(9); Man-Wah Cheers(3); Ashley(2); Southern Motion(2); Benchmaster(1); Kuka Home(1),75
slumberland,La-Z-Boy,QK1064461,Jay Reclining Loveseat,Mushroom,Loveseat,Unspecified,1379.99,2379.99,42.0,Y,174,54.6,Mid-ladder,18,Stone & Leigh Upholstery(5); Dimensions by England(4); Southern Motion(4); Man-Wah Cheers(2); Kuka Home(1); Ashley(1); Franklin(1),95
slumberland,La-Z-Boy,QK1064452,Jay Reclining Loveseat,Granite,Loveseat,Unspecified,1379.99,2379.99,42.0,Y,174,54.6,Mid-ladder,18,Stone & Leigh Upholstery(5); Dimensions by England(4); Southern Motion(4); Man-Wah Cheers(2); Kuka Home(1); Ashley(1); Franklin(1),95
steinhafels,La-Z-Boy,354050527,Jay Power Headrest Reclining Console Loveseat With Dual Wireless Remotes,C180974 Mushroom,Loveseat,Unspecified,2699.99,2999.99,10.0,Y,258,79.5,Premium anchor,18,Flexsteel(6); [SILI](3); [HOMC](2); King Hickory(2); [SYNG](2); [OMNA](1); [MOTO](1); [KUKA](1),205
steinhafels,La-Z-Boy,198Z58930,Norton Rocker Recliner,Default Title,Recliner,Fabric,659.99,733.32,10.0,Y,319,8.8,Opening price point,18,[CHRS](5); HomeStretch(3); [VIOL](2); Jackson/Catnapper(2); [MOTO](1); Best Home Furnishings(1); [FRKL](1); Ashley(1); [CATN](1); [PEAK](1),28
slumberland,La-Z-Boy,QK1064441,Morrison Reclining Console Loveseat,Marble,Loveseat,Unspecified,1399.99,2299.99,39.1,Y,174,55.2,Mid-ladder,17,Stone & Leigh Upholstery(5); Dimensions by England(4); Southern Motion(4); Kuka Home(1); Leather Italia USA(1); Ashley(1); Man-Wah Cheers(1),96
slumberland,La-Z-Boy,QK1064447,Morrison Reclining Console Loveseat,Graphite,Loveseat,Unspecified,1399.99,2299.99,39.1,Y,174,55.2,Mid-ladder,17,Stone & Leigh Upholstery(5); Dimensions by England(4); Southern Motion(4); Kuka Home(1); Leather Italia USA(1); Ashley(1); Man-Wah Cheers(1),96
slumberland,La-Z-Boy,QK1062105,Brooks Rocker Recliner,Muslin,Recliner,Unspecified,649.99,1199.99,45.8,Y,172,23.8,Opening price point,17,Franklin(11); Ashley(4); Hughes Furniture(1); Best Home Furnishings(1),41
slumberland,La-Z-Boy,QK1028986,Jasper Rocker Recliner,Mocha,Recliner,Fabric,649.99,1079.99,39.8,Y,172,23.8,Opening price point,17,Franklin(11); Ashley(4); Hughes Furniture(1); Best Home Furnishings(1),41
slumberland,La-Z-Boy,QK1028987,Jasper Rocker Recliner,Ice,Recliner,Fabric,649.99,1079.99,39.8,Y,172,23.8,Opening price point,17,Franklin(11); Ashley(4); Hughes Furniture(1); Best Home Furnishings(1),41
slumberland,La-Z-Boy,QK1032034,Astor Tri-Power Rocker Recliner,Mocha,Recliner,Unspecified,1579.99,2279.99,30.7,Y,172,73.3,Mid-ladder,17,Southern Motion(7); Flexsteel(5); Ultra Comfort(1); Man-Wah Cheers(1); Benchmaster(1); Franklin(1); Ashley(1),126
slumberland,La-Z-Boy,QK1064446,Morrison Reclining Loveseat,Graphite,Loveseat,Unspecified,1279.99,2179.99,41.3,Y,174,46.0,Mid-ladder,17,Ashley(5); Dimensions by England(4); Stone & Leigh Upholstery(4); Southern Motion(2); Man-Wah Cheers(1); Franklin(1),80
slumberland,La-Z-Boy,QK1064440,Morrison Reclining Loveseat,Marble,Loveseat,Unspecified,1279.99,2179.99,41.3,Y,174,46.0,Mid-ladder,17,Ashley(5); Dimensions by England(4); Stone & Leigh Upholstery(4); Southern Motion(2); Man-Wah Cheers(1); Franklin(1),80
slumberland,La-Z-Boy,QK1106081,Norton Rocker Recliner,Cocoa,Recliner,Unspecified,599.99,1199.99,50.0,Y,172,19.2,Opening price point,16,Franklin(11); Ashley(3); Kuka Home(1); Hughes Furniture(1),33
slumberland,La-Z-Boy,QK1106082,Norton Rocker Recliner,Charcoal,Recliner,Unspecified,599.99,1199.99,50.0,Y,172,19.2,Opening price point,16,Franklin(11); Ashley(3); Kuka Home(1); Hughes Furniture(1),33
slumberland,La-Z-Boy,QK1102327,La-Z-Boy Sherman Rocker Recliner,Onyx,Recliner,Unspecified,599.99,1199.99,50.0,Y,172,19.2,Opening price point,16,Franklin(11); Ashley(3); Kuka Home(1); Hughes Furniture(1),33
slumberland,La-Z-Boy,QK1102328,La-Z-Boy Sherman Rocker Recliner,Mocha,Recliner,Unspecified,599.99,1199.99,50.0,Y,172,19.2,Opening price point,16,Franklin(11); Ashley(3); Kuka Home(1); Hughes Furniture(1),33
slumberland,La-Z-Boy,5211865,James Rocker Recliner,Silt,Recliner,Leather,599.99,1349.99,55.6,Y,172,19.2,Opening price point,16,Franklin(11); Ashley(3); Kuka Home(1); Hughes Furniture(1),33
slumberland,La-Z-Boy,QK1064453,Jay Reclining Console Loveseat,Granite,Loveseat,Unspecified,1499.99,2499.99,40.0,Y,174,59.2,Mid-ladder,16,Stone & Leigh Upholstery(6); Southern Motion(3); Dimensions by England(3); Kuka Home(1); Leather Italia USA(1); Ashley(1); Man-Wah Cheers(1),103
slumberland,La-Z-Boy,QK1064462,Jay Reclining Console Loveseat,Mushroom,Loveseat,Unspecified,1499.99,2499.99,40.0,Y,174,59.2,Mid-ladder,16,Stone & Leigh Upholstery(6); Southern Motion(3); Dimensions by England(3); Kuka Home(1); Leather Italia USA(1); Ashley(1); Man-Wah Cheers(1),103
slumberland,La-Z-Boy,QK1064415,Trouper Power Plus Reclining Console Loveseat,Mink,Loveseat,Unspecified,2599.99,4399.99,40.9,Y,174,79.9,Premium anchor,15,Southern Motion(5); Stone & Leigh Upholstery(4); Flexsteel(3); Ashley(1); Man-Wah Cheers(1); Slumberland(1),139
slumberland,La-Z-Boy,QK1064406,Trouper Power Plus Reclining Console Loveseat,Sable,Loveseat,Unspecified,2599.99,4399.99,40.9,Y,174,79.9,Premium anchor,15,Southern Motion(5); Stone & Leigh Upholstery(4); Flexsteel(3); Ashley(1); Man-Wah Cheers(1); Slumberland(1),139
slumberland,La-Z-Boy,QK1101745,Pinnacle Tri-Power Recliner,Brownstone,Recliner,Unspecified,1499.99,2499.99,40.0,Y,172,73.3,Mid-ladder,15,Flexsteel(5); Southern Motion(5); Ultra Comfort(1); Man-Wah Cheers(1); Benchmaster(1); Franklin(1); Ashley(1),126
slumberland,La-Z-Boy,QK1101746,Pinnacle Tri-Power Recliner,Gray,Recliner,Unspecified,1499.99,2499.99,40.0,Y,172,73.3,Mid-ladder,15,Flexsteel(5); Southern Motion(5); Ultra Comfort(1); Man-Wah Cheers(1); Benchmaster(1); Franklin(1); Ashley(1),126
slumberland,La-Z-Boy,QK1064471,Astor Leather Rocker Recliner,Chestnut,Recliner,Leather,1499.99,2499.99,40.0,Y,172,73.3,Mid-ladder,15,Flexsteel(5); Southern Motion(5); Ultra Comfort(1); Man-Wah Cheers(1); Benchmaster(1); Franklin(1); Ashley(1),126
slumberland,La-Z-Boy,QK1081504,James Leather Reclining Loveseat,Walnut,Loveseat,Leather,2579.99,3779.99,31.7,Y,174,79.9,Premium anchor,15,Southern Motion(5); Stone & Leigh Upholstery(4); Flexsteel(3); Ashley(1); Man-Wah Cheers(1); Slumberland(1),139
slumberland,La-Z-Boy,QK1042207,Bennett DUO Reclining Loveseat,Pewter,Loveseat,Unspecified,2579.99,4909.99,47.5,Y,174,79.9,Premium anchor,15,Southern Motion(5); Stone & Leigh Upholstery(4); Flexsteel(3); Ashley(1); Man-Wah Cheers(1); Slumberland(1),139
slumberland,La-Z-Boy,QK1041689,Pinnacle Reclining Loveseat,Marble,Loveseat,Fabric,1779.99,3319.99,46.4,Y,174,66.1,Mid-ladder,15,Southern Motion(9); Stone & Leigh Upholstery(3); Flexsteel(1); Ashley(1); Leather Italia USA(1),115
slumberland,La-Z-Boy,QK1064414,Trouper Power Plus Reclining Loveseat,Mink,Loveseat,Unspecified,2479.99,4279.99,42.1,Y,174,78.7,Premium anchor,14,Southern Motion(5); Stone & Leigh Upholstery(3); Flexsteel(2); Man-Wah Cheers(2); Ashley(1); Slumberland(1),137
slumberland,La-Z-Boy,QK1064405,Trouper Power Plus Reclining Loveseat,Sable,Loveseat,Unspecified,2479.99,4279.99,42.1,Y,174,78.7,Premium anchor,14,Southern Motion(5); Stone & Leigh Upholstery(3); Flexsteel(2); Man-Wah Cheers(2); Ashley(1); Slumberland(1),137
slumberland,La-Z-Boy,QK1041685,Pinnacle Reclining Sofa,Marble,Sofa,Fabric,1799.99,3439.99,47.7,Y,187,75.4,Premium anchor,14,Southern Motion(5); Stone & Leigh Upholstery(3); Ashley(2); Dimensions by England(2); Franklin(1); Flexsteel(1),141
slumberland,La-Z-Boy,QK1064430,Trouper Leather Reclining Loveseat,Gray,Loveseat,Leather,2279.99,4479.99,49.1,Y,174,76.4,Premium anchor,14,Southern Motion(4); Stone & Leigh Upholstery(3); Flexsteel(3); Man-Wah Cheers(2); Ashley(1); Franklin(1),133
slumberland,La-Z-Boy,QK1064420,Trouper Leather Reclining Loveseat,Walnut,Loveseat,Leather,2279.99,4479.99,49.1,Y,174,76.4,Premium anchor,14,Southern Motion(4); Stone & Leigh Upholstery(3); Flexsteel(3); Man-Wah Cheers(2); Ashley(1); Franklin(1),133
slumberland,La-Z-Boy,QK1064459,Jay Tri-Power Reclining Console Loveseat,Granite,Loveseat,Unspecified,2299.99,4099.99,43.9,Y,174,76.4,Premium anchor,14,Southern Motion(4); Stone & Leigh Upholstery(3); Flexsteel(3); Man-Wah Cheers(2); Ashley(1); Franklin(1),133
slumberland,La-Z-Boy,QK1064468,Jay Tri-Power Reclining Console Loveseat,Mushroom,Loveseat,Unspecified,2299.99,4099.99,43.9,Y,174,76.4,Premium anchor,14,Southern Motion(4); Stone & Leigh Upholstery(3); Flexsteel(3); Man-Wah Cheers(2); Ashley(1); Franklin(1),133
slumberland,La-Z-Boy,QK1064417,Trouper Tri-Power Reclining Loveseat,Mink,Loveseat,Unspecified,2679.99,4779.99,43.9,Y,174,80.5,Premium anchor,13,Southern Motion(4); Stone & Leigh Upholstery(3); Flexsteel(3); Ashley(1); Man-Wah Cheers(1); Slumberland(1),140
slumberland,La-Z-Boy,QK1040728,Randell Leather Rocker Recliner,Harvest,Recliner,Leather,1599.99,2349.99,31.9,Y,172,73.3,Mid-ladder,13,Southern Motion(7); Flexsteel(4); Ultra Comfort(1); Ashley(1),126
slumberland,La-Z-Boy,QK1041690,Pinnacle Power Reclining Loveseat,Marble,Loveseat,Fabric,2679.99,4019.99,33.3,Y,174,80.5,Premium anchor,13,Southern Motion(4); Stone & Leigh Upholstery(3); Flexsteel(3); Ashley(1); Man-Wah Cheers(1); Slumberland(1),140
slumberland,La-Z-Boy,QK1062102,Brooks Reclining Sofa,Muslin,Sofa,Unspecified,999.99,2399.99,58.3,Y,187,34.8,Mid-ladder,13,Ashley(8); Franklin(3); Dovetail Furniture(1); Dimensions by England(1),65
slumberland,La-Z-Boy,QK1064401,Trouper Reclining Sofa,Sable,Sofa,Unspecified,1899.99,2999.99,36.7,Y,187,77.5,Premium anchor,13,Southern Motion(4); Ashley(2); Dimensions by England(2); Franklin(2); Slumberland(1); Stone & Leigh Upholstery(1); Flexsteel(1),145
slumberland,La-Z-Boy,QK1064410,Trouper Reclining Sofa,Mink,Sofa,Unspecified,1899.99,2999.99,36.7,Y,187,77.5,Premium anchor,13,Southern Motion(4); Ashley(2); Dimensions by England(2); Franklin(2); Slumberland(1); Stone & Leigh Upholstery(1); Flexsteel(1),145
slumberland,La-Z-Boy,QK1064411,Trouper Reclining Loveseat,Mink,Loveseat,Unspecified,1879.99,2979.99,36.9,Y,174,69.5,Mid-ladder,13,Southern Motion(8); Flexsteel(1); Ashley(1); Franklin(1); Stone & Leigh Upholstery(1); Man-Wah Cheers(1),121
slumberland,La-Z-Boy,QK1064402,Trouper Reclining Loveseat,Sable,Loveseat,Unspecified,1879.99,2979.99,36.9,Y,174,69.5,Mid-ladder,13,Southern Motion(8); Flexsteel(1); Ashley(1); Franklin(1); Stone & Leigh Upholstery(1); Man-Wah Cheers(1),121
slumberland,La-Z-Boy,QK1064443,Morrison Power Plus Reclining Loveseat,Marble,Loveseat,Unspecified,1879.99,3479.99,46.0,Y,174,69.5,Mid-ladder,13,Southern Motion(8); Flexsteel(1); Ashley(1); Franklin(1); Stone & Leigh Upholstery(1); Man-Wah Cheers(1),121
slumberland,La-Z-Boy,QK1064449,Morrison Power Plus Reclining Loveseat,Graphite,Loveseat,Unspecified,1879.99,3479.99,46.0,Y,174,69.5,Mid-ladder,13,Southern Motion(8); Flexsteel(1); Ashley(1); Franklin(1); Stone & Leigh Upholstery(1); Man-Wah Cheers(1),121
slumberland,La-Z-Boy,QK1064448,Morrison Power Plus Reclining Sofa,Graphite,Sofa,Unspecified,1899.99,3499.99,45.7,Y,187,77.5,Premium anchor,13,Southern Motion(4); Ashley(2); Dimensions by England(2); Franklin(2); Slumberland(1); Stone & Leigh Upholstery(1); Flexsteel(1),145
slumberland,La-Z-Boy,QK1064442,Morrison Power Plus Reclining Sofa,Marble,Sofa,Unspecified,1899.99,3499.99,45.7,Y,187,77.5,Premium anchor,13,Southern Motion(4); Ashley(2); Dimensions by England(2); Franklin(2); Slumberland(1); Stone & Leigh Upholstery(1); Flexsteel(1),145
slumberland,La-Z-Boy,QK1106089,Hawthorn Rocker Recliner,Storm,Recliner,Unspecified,499.99,999.99,50.0,Y,172,12.2,Opening price point,12,Franklin(6); Ashley(5); Man-Wah Cheers(1),21
slumberland,La-Z-Boy,QK1098743,Ava Rocker Recliner,Oyster,Recliner,Unspecified,899.99,1259.98,28.6,Y,172,51.2,Mid-ladder,12,Franklin(7); Southern Motion(2); Man-Wah Cheers(2); Kuka Home(1),88
slumberland,La-Z-Boy,QK1101743,Kodie Rocker Recliner,Dove Gray,Recliner,Unspecified,899.99,1499.0,40.0,Y,172,51.2,Mid-ladder,12,Franklin(7); Southern Motion(2); Man-Wah Cheers(2); Kuka Home(1),88
slumberland,La-Z-Boy,QK1101744,Kodie Rocker Recliner,Sable,Recliner,Unspecified,899.99,1499.0,40.0,Y,172,51.2,Mid-ladder,12,Franklin(7); Southern Motion(2); Man-Wah Cheers(2); Kuka Home(1),88
slumberland,La-Z-Boy,QK1096557,Fulton Rocker Recliner,Mushroom,Recliner,Unspecified,899.99,1399.0,35.7,Y,172,51.2,Mid-ladder,12,Franklin(7); Southern Motion(2); Man-Wah Cheers(2); Kuka Home(1),88
slumberland,La-Z-Boy,QK1087907,Vail Rocker Recliner,Desert,Recliner,Unspecified,499.99,1129.0,55.7,Y,172,12.2,Opening price point,12,Franklin(6); Ashley(5); Man-Wah Cheers(1),21
slumberland,La-Z-Boy,QK1087908,Vail Rocker Recliner,Graystone,Recliner,Unspecified,499.99,1129.0,55.7,Y,172,12.2,Opening price point,12,Franklin(6); Ashley(5); Man-Wah Cheers(1),21
slumberland,La-Z-Boy,QK1032028,Pinnacle Power Plus Rocker Recliner,Espresso,Recliner,Unspecified,1279.99,1949.99,34.4,Y,172,67.4,Mid-ladder,12,Southern Motion(5); Man-Wah Cheers(2); Flexsteel(2); Franklin(2); Benchmaster(1),116
slumberland,La-Z-Boy,QK1040724,Jay Power Plus Rocker Recliner,Granite,Recliner,Unspecified,1249.99,2149.99,41.9,Y,172,67.4,Mid-ladder,12,Southern Motion(5); Man-Wah Cheers(2); Flexsteel(2); Franklin(2); Benchmaster(1),116
slumberland,La-Z-Boy,QK1060420,Dorian Reclining Loveseat,Sand,Loveseat,Unspecified,1979.99,3049.99,35.1,Y,174,70.7,Mid-ladder,12,Southern Motion(6); Flexsteel(2); Man-Wah Cheers(2); Ashley(1); Franklin(1),123
slumberland,La-Z-Boy,QK1064419,Trouper Leather Reclining Sofa,Walnut,Sofa,Leather,2299.99,4499.99,48.9,Y,187,86.1,Premium anchor,12,Stone & Leigh Upholstery(3); Flexsteel(3); Southern Motion(2); Ashley(1); Slumberland(1); Franklin(1); Man-Wah Cheers(1),161
slumberland,La-Z-Boy,QK1064429,Trouper Leather Reclining Sofa,Gray,Sofa,Leather,2299.99,4499.99,48.9,Y,187,86.1,Premium anchor,12,Stone & Leigh Upholstery(3); Flexsteel(3); Southern Motion(2); Ashley(1); Slumberland(1); Franklin(1); Man-Wah Cheers(1),161
slumberland,La-Z-Boy,QK1064455,Jay Power Plus Reclining Loveseat,Granite,Loveseat,Unspecified,1979.99,3479.99,43.1,Y,174,70.7,Mid-ladder,12,Southern Motion(6); Flexsteel(2); Man-Wah Cheers(2); Ashley(1); Franklin(1),123
slumberland,La-Z-Boy,QK1064464,Jay Power Plus Reclining Loveseat,Mushroom,Loveseat,Unspecified,1979.99,3479.99,43.1,Y,174,70.7,Mid-ladder,12,Southern Motion(6); Flexsteel(2); Man-Wah Cheers(2); Ashley(1); Franklin(1),123
slumberland,La-Z-Boy,QK1064458,Jay Tri-Power Reclining Loveseat,Granite,Loveseat,Unspecified,2179.99,3979.99,45.2,Y,174,74.7,Mid-ladder,12,Southern Motion(5); Flexsteel(2); Man-Wah Cheers(2); Stone & Leigh Upholstery(1); Ashley(1); Franklin(1),130
slumberland,La-Z-Boy,QK1064467,Jay Tri-Power Reclining Loveseat,Mushroom,Loveseat,Unspecified,2179.99,3979.99,45.2,Y,174,74.7,Mid-ladder,12,Southern Motion(5); Flexsteel(2); Man-Wah Cheers(2); Stone & Leigh Upholstery(1); Ashley(1); Franklin(1),130
steinhafels,La-Z-Boy,815Z21045,Jay Power Headrest Reclining Console Loveseat With Dual Wireless Remotes,C180969 Granite,Loveseat,Unspecified,2999.99,2999.99,,Y,258,84.9,Premium anchor,12,Flexsteel(7); King Hickory(2); [HOMC](1); [OMNA](1); [MOTO](1),219
slumberland,La-Z-Boy,QK1096563,Redwood Tri-Power Rocker Recliner,Ash,Recliner,Unspecified,1769.99,3199.0,44.7,Y,172,82.6,Premium anchor,11,Southern Motion(5); Flexsteel(3); Ultra Comfort(3),142
slumberland,La-Z-Boy,QK1096564,Redwood Tri-Power Rocker Recliner,Mushroom,Recliner,Unspecified,1769.99,3199.0,44.7,Y,172,82.6,Premium anchor,11,Southern Motion(5); Flexsteel(3); Ultra Comfort(3),142
slumberland,La-Z-Boy,QK1082413,Redwood Rocker Recliner,Mushroom,Recliner,Unspecified,1169.99,1599.99,26.9,Y,172,64.5,Mid-ladder,11,Southern Motion(5); Franklin(2); Slumberland(1); Flexsteel(1); Kuka Home(1); Man-Wah Cheers(1),111
slumberland,La-Z-Boy,QK1082414,Redwood Rocker Recliner,Ash,Recliner,Unspecified,1169.99,1599.99,26.9,Y,172,64.5,Mid-ladder,11,Southern Motion(5); Franklin(2); Slumberland(1); Flexsteel(1); Kuka Home(1); Man-Wah Cheers(1),111
slumberland,La-Z-Boy,,Morrison Reclining Sofa and Power Recliner,Marble / Marble,Sofa,Unspecified,2499.98,4079.98,38.7,Y,187,87.2,Premium anchor,11,Stone & Leigh Upholstery(3); Flexsteel(3); Southern Motion(3); Ashley(1); Man-Wah Cheers(1),163
slumberland,La-Z-Boy,,Morrison Reclining Sofa and Power Recliner,Marble / Graphite,Sofa,Unspecified,2499.98,4079.98,38.7,Y,187,87.2,Premium anchor,11,Stone & Leigh Upholstery(3); Flexsteel(3); Southern Motion(3); Ashley(1); Man-Wah Cheers(1),163
slumberland,La-Z-Boy,,Morrison Reclining Sofa and Power Recliner,Graphite / Marble,Sofa,Unspecified,2499.98,4079.98,38.7,Y,187,87.2,Premium anchor,11,Stone & Leigh Upholstery(3); Flexsteel(3); Southern Motion(3); Ashley(1); Man-Wah Cheers(1),163
slumberland,La-Z-Boy,,Morrison Reclining Sofa and Power Recliner,Graphite / Graphite,Sofa,Unspecified,2499.98,4079.98,38.7,Y,187,87.2,Premium anchor,11,Stone & Leigh Upholstery(3); Flexsteel(3); Southern Motion(3); Ashley(1); Man-Wah Cheers(1),163
slumberland,La-Z-Boy,QK1042206,Bennett DUO Reclining Sofa,Pewter,Sofa,Unspecified,2599.99,5029.99,48.3,Y,187,88.2,Premium anchor,11,Stone & Leigh Upholstery(4); Flexsteel(3); Southern Motion(3); Ashley(1),165
slumberland,La-Z-Boy,QK1081503,James Leather Reclining Sofa,Walnut,Sofa,Leather,2599.99,3799.99,31.6,Y,187,88.2,Premium anchor,11,Stone & Leigh Upholstery(4); Flexsteel(3); Southern Motion(3); Ashley(1),165
slumberland,La-Z-Boy,QK1081514,James Leather Reclining Console Loveseat,Charcoal,Loveseat,Leather,2699.99,3949.99,31.6,Y,174,81.6,Premium anchor,11,Stone & Leigh Upholstery(3); Southern Motion(3); Flexsteel(3); Ashley(1); Slumberland(1),142
slumberland,La-Z-Boy,QK1081505,James Leather Reclining Console Loveseat,Walnut,Loveseat,Leather,2699.99,3949.99,31.6,Y,174,81.6,Premium anchor,11,Stone & Leigh Upholstery(3); Southern Motion(3); Flexsteel(3); Ashley(1); Slumberland(1),142
slumberland,La-Z-Boy,QK1064456,Jay Power Plus Reclining Console Loveseat,Granite,Loveseat,Unspecified,2099.99,3599.99,41.7,Y,174,73.6,Mid-ladder,11,Southern Motion(4); Flexsteel(2); Man-Wah Cheers(2); Stone & Leigh Upholstery(1); Ashley(1); Franklin(1),128
slumberland,La-Z-Boy,QK1064465,Jay Power Plus Reclining Console Loveseat,Mushroom,Loveseat,Unspecified,2099.99,3599.99,41.7,Y,174,73.6,Mid-ladder,11,Southern Motion(4); Flexsteel(2); Man-Wah Cheers(2); Stone & Leigh Upholstery(1); Ashley(1); Franklin(1),128
slumberland,La-Z-Boy,QK1064450,Morrison Power Plus Reclining Console Loveseat,Graphite,Loveseat,Unspecified,1999.99,3599.99,44.4,Y,174,71.8,Mid-ladder,10,Southern Motion(4); Flexsteel(2); Man-Wah Cheers(2); Ashley(1); Franklin(1),125
slumberland,La-Z-Boy,QK1064444,Morrison Power Plus Reclining Console Loveseat,Marble,Loveseat,Unspecified,1999.99,3599.99,44.4,Y,174,71.8,Mid-ladder,10,Southern Motion(4); Flexsteel(2); Man-Wah Cheers(2); Ashley(1); Franklin(1),125
slumberland,La-Z-Boy,QK1100590,Liam Power Lift Recliner,Mushroom,Recliner,Unspecified,1099.99,2249.99,51.1,Y,172,63.4,Mid-ladder,10,Southern Motion(5); Franklin(1); Slumberland(1); Flexsteel(1); Kuka Home(1); Man-Wah Cheers(1),109
slumberland,La-Z-Boy,QK1096561,Pinnacle Leather Rocker Recliner,Stone,Recliner,Leather,1099.99,1699.0,35.3,Y,172,63.4,Mid-ladder,10,Southern Motion(5); Franklin(1); Slumberland(1); Flexsteel(1); Kuka Home(1); Man-Wah Cheers(1),109
slumberland,La-Z-Boy,QK1096562,Pinnacle Leather Rocker Recliner,Umber,Recliner,Leather,1099.99,1699.0,35.3,Y,172,63.4,Mid-ladder,10,Southern Motion(5); Franklin(1); Slumberland(1); Flexsteel(1); Kuka Home(1); Man-Wah Cheers(1),109
slumberland,La-Z-Boy,QK1064403,Trouper Reclining Console Loveseat,Sable,Loveseat,Unspecified,1999.99,3099.99,35.5,Y,174,71.8,Mid-ladder,10,Southern Motion(4); Flexsteel(2); Man-Wah Cheers(2); Ashley(1); Franklin(1),125
slumberland,La-Z-Boy,QK1064412,Trouper Reclining Console Loveseat,Mink,Loveseat,Unspecified,1999.99,3099.99,35.5,Y,174,71.8,Mid-ladder,10,Southern Motion(4); Flexsteel(2); Man-Wah Cheers(2); Ashley(1); Franklin(1),125
slumberland,La-Z-Boy,QK1015065,Randell Rocker Recliner,Mocha,Recliner,Unspecified,1099.99,1599.99,31.3,Y,172,63.4,Mid-ladder,10,Southern Motion(5); Franklin(1); Slumberland(1); Flexsteel(1); Kuka Home(1); Man-Wah Cheers(1),109
slumberland,La-Z-Boy,QK1015066,Randell Rocker Recliner,Storm,Recliner,Unspecified,1099.99,1599.99,31.3,Y,172,63.4,Mid-ladder,10,Southern Motion(5); Franklin(1); Slumberland(1); Flexsteel(1); Kuka Home(1); Man-Wah Cheers(1),109
slumberland,La-Z-Boy,QK1034223,James Leather Rocker Recliner,Charcoal,Recliner,Leather,1099.99,1879.99,41.5,Y,172,63.4,Mid-ladder,10,Southern Motion(5); Franklin(1); Slumberland(1); Flexsteel(1); Kuka Home(1); Man-Wah Cheers(1),109
slumberland,La-Z-Boy,4452162,James Leather Rocker Recliner,Walnut,Recliner,Leather,1099.99,1879.99,41.5,Y,172,63.4,Mid-ladder,10,Southern Motion(5); Franklin(1); Slumberland(1); Flexsteel(1); Kuka Home(1); Man-Wah Cheers(1),109
slumberland,La-Z-Boy,QK1064439,Morrison Reclining Sofa,Marble,Sofa,Unspecified,1299.99,2199.99,40.9,Y,187,52.4,Mid-ladder,10,Dimensions by England(4); Ashley(2); Franklin(1); Southern Motion(1); Kuka Home(1); Stone & Leigh Upholstery(1),98
slumberland,La-Z-Boy,QK1064445,Morrison Reclining Sofa,Graphite,Sofa,Unspecified,1299.99,2199.99,40.9,Y,187,52.4,Mid-ladder,10,Dimensions by England(4); Ashley(2); Franklin(1); Southern Motion(1); Kuka Home(1); Stone & Leigh Upholstery(1),98
slumberland,La-Z-Boy,QK1098746,Ava 3 Piece Sectional,Oyster,Sectional,Unspecified,3399.99,4949.98,31.3,Y,182,84.1,Premium anchor,9,Man-Wah Cheers(3); Dimensions by England(3); Leather Italia USA(2); Stone & Leigh Upholstery(1),153
slumberland,La-Z-Boy,QK1096559,Pinnacle Tri-Power Leather Rocker Recliner,Stone,Recliner,Leather,1749.99,2899.0,39.6,Y,172,82.6,Premium anchor,9,Southern Motion(5); Flexsteel(2); Ultra Comfort(2),142
slumberland,La-Z-Boy,QK1096560,Pinnacle Tri-Power Leather Rocker Recliner,Umber,Recliner,Leather,1749.99,2899.0,39.6,Y,172,82.6,Premium anchor,9,Southern Motion(5); Flexsteel(2); Ultra Comfort(2),142
slumberland,La-Z-Boy,QK1032014,James Leather TriPower Recliner,Charcoal,Recliner,Leather,1699.99,2949.99,42.4,Y,172,77.9,Premium anchor,9,Southern Motion(5); Flexsteel(2); Ultra Comfort(2),134
slumberland,La-Z-Boy,QK1032015,James Leather TriPower Recliner,Walnut,Recliner,Leather,1699.99,2949.99,42.4,Y,172,77.9,Premium anchor,9,Southern Motion(5); Flexsteel(2); Ultra Comfort(2),134
slumberland,La-Z-Boy,QK1041686,Pinnacle Power Reclining Sofa,Marble,Sofa,Fabric,2699.99,4049.99,33.3,Y,187,88.2,Premium anchor,9,Stone & Leigh Upholstery(3); Flexsteel(3); Southern Motion(2); Ashley(1),165
slumberland,La-Z-Boy,QK1064407,Trouper Tri-Power Reclining Sofa,Sable,Sofa,Unspecified,2699.99,4799.99,43.8,Y,187,88.2,Premium anchor,9,Stone & Leigh Upholstery(3); Flexsteel(3); Southern Motion(2); Ashley(1),165
slumberland,La-Z-Boy,QK1064416,Trouper Tri-Power Reclining Sofa,Mink,Sofa,Unspecified,2699.99,4799.99,43.8,Y,187,88.2,Premium anchor,9,Stone & Leigh Upholstery(3); Flexsteel(3); Southern Motion(2); Ashley(1),165
slumberland,La-Z-Boy,QK1064413,Trouper Power Plus Reclining Sofa,Mink,Sofa,Unspecified,2499.99,4299.99,41.9,Y,187,87.2,Premium anchor,9,Stone & Leigh Upholstery(3); Southern Motion(3); Flexsteel(2); Ashley(1),163
slumberland,La-Z-Boy,QK1064404,Trouper Power Plus Reclining Sofa,Sable,Sofa,Unspecified,2499.99,4299.99,41.9,Y,187,87.2,Premium anchor,9,Stone & Leigh Upholstery(3); Southern Motion(3); Flexsteel(2); Ashley(1),163
slumberland,La-Z-Boy,QK1064438,Trouper Leather Tri-Power Rocker Recliner,Gray,Recliner,Leather,1699.99,2899.99,41.4,Y,172,77.9,Premium anchor,9,Southern Motion(5); Flexsteel(2); Ultra Comfort(2),134
slumberland,La-Z-Boy,QK1064428,Trouper Leather Tri-Power Rocker Recliner,Walnut,Recliner,Leather,1699.99,2899.99,41.4,Y,172,77.9,Premium anchor,9,Southern Motion(5); Flexsteel(2); Ultra Comfort(2),134
slumberland,La-Z-Boy,QK1064466,Jay Tri-Power Reclining Sofa,Mushroom,Sofa,Unspecified,2199.99,3999.99,45.0,Y,187,84.5,Premium anchor,9,Southern Motion(2); Flexsteel(2); Ashley(1); Stone & Leigh Upholstery(1); Slumberland(1); Franklin(1); Man-Wah Cheers(1),158
slumberland,La-Z-Boy,QK1064457,Jay Tri-Power Reclining Sofa,Granite,Sofa,Unspecified,2199.99,3999.99,45.0,Y,187,84.5,Premium anchor,9,Southern Motion(2); Flexsteel(2); Ashley(1); Stone & Leigh Upholstery(1); Slumberland(1); Franklin(1); Man-Wah Cheers(1),158
slumberland,La-Z-Boy,QK1082407,Roman Leather Reclining Sofa,Chocolate,Sofa,Leather,2199.99,3199.99,31.3,Y,187,84.5,Premium anchor,9,Southern Motion(2); Flexsteel(2); Ashley(1); Stone & Leigh Upholstery(1); Slumberland(1); Franklin(1); Man-Wah Cheers(1),158
steinhafels,La-Z-Boy,213141384,Acadia Leather Power Headrest Zero Gravity Reclining Loveseat,LB206379 Dean Shitake,Loveseat,Leather,3249.99,3611.1,10.0,Y,258,86.4,Premium anchor,9,Flexsteel(6); King Hickory(2); [HOMC](1),223
steinhafels,La-Z-Boy,210747941,Acadia Leather Power Headrest Zero Gravity Reclining Loveseat,LB206376 Dean Chestnut,Loveseat,Leather,3249.99,3611.1,10.0,Y,258,86.4,Premium anchor,9,Flexsteel(6); King Hickory(2); [HOMC](1),223
slumberland,La-Z-Boy,QK1108334,Dutton Leather Rocker Recliner,Mocha,Recliner,Leather,1199.99,1899.0,36.8,Y,172,64.5,Mid-ladder,8,Southern Motion(5); Flexsteel(1); Man-Wah Cheers(1); Franklin(1),111
slumberland,La-Z-Boy,QK1108335,Dutton Leather Rocker Recliner,Charcoal,Recliner,Leather,1199.99,1899.0,36.8,Y,172,64.5,Mid-ladder,8,Southern Motion(5); Flexsteel(1); Man-Wah Cheers(1); Franklin(1),111
slumberland,La-Z-Boy,QK1101741,Belmont Rocker Recliner,Camel,Recliner,Leather,1199.99,1999.0,40.0,Y,172,64.5,Mid-ladder,8,Southern Motion(5); Flexsteel(1); Man-Wah Cheers(1); Franklin(1),111
slumberland,La-Z-Boy,QK1101742,Belmont Rocker Recliner,Mineral,Recliner,Leather,1199.99,1999.0,40.0,Y,172,64.5,Mid-ladder,8,Southern Motion(5); Flexsteel(1); Man-Wah Cheers(1); Franklin(1),111
slumberland,La-Z-Boy,QK1090807,Trouper 3 Piece Reclining Sectional,Sable,Sectional,Fabric,3699.99,5719.99,35.3,Y,182,87.9,Premium anchor,8,Flexsteel(2); Man-Wah Cheers(2); Dimensions by England(2); Stone & Leigh Upholstery(1); Leather Italia USA(1),160
slumberland,La-Z-Boy,QK1082405,Morrison Tri-Power Rocker Recliner,Marble,Recliner,Unspecified,1199.99,1879.99,36.2,Y,172,64.5,Mid-ladder,8,Southern Motion(5); Flexsteel(1); Man-Wah Cheers(1); Franklin(1),111
slumberland,La-Z-Boy,QK1082406,Morrison Tri-Power Rocker Recliner,Graphite,Recliner,Unspecified,1199.99,1879.99,36.2,Y,172,64.5,Mid-ladder,8,Southern Motion(5); Flexsteel(1); Man-Wah Cheers(1); Franklin(1),111
slumberland,La-Z-Boy,QK1040716,Jay Power Plus Rocker Recliner,Mushroom,Recliner,Unspecified,1229.99,2149.99,42.8,Y,172,67.4,Mid-ladder,8,Southern Motion(5); Flexsteel(1); Man-Wah Cheers(1); Franklin(1),116
slumberland,La-Z-Boy,QK1060419,Dorian Reclining Sofa,Sand,Sofa,Unspecified,1999.99,3079.99,35.1,Y,187,79.1,Premium anchor,8,Franklin(2); Flexsteel(2); Southern Motion(2); Slumberland(1); Man-Wah Cheers(1),148
slumberland,La-Z-Boy,QK1064463,Jay Power Plus Reclining Sofa,Mushroom,Sofa,Unspecified,1999.99,3499.99,42.9,Y,187,79.1,Premium anchor,8,Franklin(2); Flexsteel(2); Southern Motion(2); Slumberland(1); Man-Wah Cheers(1),148
slumberland,La-Z-Boy,QK1064454,Jay Power Plus Reclining Sofa,Granite,Sofa,Unspecified,1999.99,3499.99,42.9,Y,187,79.1,Premium anchor,8,Franklin(2); Flexsteel(2); Southern Motion(2); Slumberland(1); Man-Wah Cheers(1),148
slumberland,La-Z-Boy,QK1082409,Roman Leather Power Plus Reclining Sofa,Chocolate,Sofa,Leather,2799.99,3899.99,28.2,Y,187,89.3,Premium anchor,8,Flexsteel(4); Stone & Leigh Upholstery(3); Southern Motion(1),167
slumberland,La-Z-Boy,QK1098745,Ava 5 Piece Sectional,Oyster,Sectional,Unspecified,4399.99,6449.98,31.8,Y,182,92.9,Premium anchor,7,Flexsteel(5); Dimensions by England(1); Stone & Leigh Upholstery(1),169
slumberland,La-Z-Boy,QK1100816,Armitage Dual Power Oversized Recliner,Marble,Recliner,Unspecified,1799.99,2629.99,31.6,Y,172,82.6,Premium anchor,7,Flexsteel(3); Southern Motion(2); Ultra Comfort(2),142
slumberland,La-Z-Boy,QK1062104,Brooks Reclining Loveseat,Muslin,Loveseat,Unspecified,979.99,2379.99,58.8,Y,174,36.8,Mid-ladder,7,Franklin(3); Ashley(3); Dimensions by England(1),64
slumberland,La-Z-Boy,QK1095671,Collage Rocker Recliner,Fudge,Recliner,Unspecified,399.99,999.0,60.0,Y,172,5.2,Opening price point,7,Ashley(6); Franklin(1),9
slumberland,La-Z-Boy,QK1095672,Collage Rocker Recliner,Navy,Recliner,Unspecified,399.99,999.0,60.0,Y,172,5.2,Opening price point,7,Ashley(6); Franklin(1),9
slumberland,La-Z-Boy,QK1087077,Neo Tri-Power Rocker Recliner,Ash,Recliner,Unspecified,1969.99,3099.0,36.4,Y,172,88.4,Premium anchor,6,Ultra Comfort(3); Southern Motion(2); Flexsteel(1),152
slumberland,La-Z-Boy,QK1064433,Trouper Leather Power Plus Reclining Loveseat,Gray,Loveseat,Leather,2979.99,5879.99,49.3,Y,174,87.4,Premium anchor,6,Flexsteel(3); Southern Motion(1); Stone & Leigh Upholstery(1); Slumberland(1),152
slumberland,La-Z-Boy,QK1081520,James Leather Tri-Power Reclining Console Loveseat,Charcoal,Loveseat,Leather,3499.99,5549.99,36.9,Y,174,93.1,Premium anchor,6,Flexsteel(4); Slumberland(2),162
slumberland,La-Z-Boy,QK1081507,James Leather Power Plus Reclining Loveseat,Walnut,Loveseat,Leather,3179.99,4579.99,30.6,Y,174,87.4,Premium anchor,6,Flexsteel(4); Stone & Leigh Upholstery(1); Slumberland(1),152
slumberland,La-Z-Boy,QK1064436,Trouper Leather Tri-Power Reclining Loveseat,Gray,Loveseat,Leather,3279.99,6379.99,48.6,Y,174,92.5,Premium anchor,6,Flexsteel(4); Slumberland(2),161
slumberland,La-Z-Boy,QK1098744,Ava 5 Piece Sectional with 1 Tri-Power End,Oyster,Sectional,Unspecified,4899.99,7049.98,30.5,Y,182,94.5,Premium anchor,5,Flexsteel(3); Stone & Leigh Upholstery(1); Man-Wah Cheers(1),172
slumberland,La-Z-Boy,QK1064422,Trouper Leather Power Plus Reclining Sofa,Walnut,Sofa,Leather,2999.99,5899.99,49.2,Y,187,93.6,Premium anchor,5,Flexsteel(3); Stone & Leigh Upholstery(1); Southern Motion(1),175
slumberland,La-Z-Boy,QK1081510,James Leather Tri-Power Reclining Loveseat,Walnut,Loveseat,Leather,3379.99,5379.99,37.2,Y,174,93.1,Premium anchor,5,Flexsteel(3); Slumberland(2),162
slumberland,La-Z-Boy,QK1081517,James Leather Power Plus Reclining Console Loveseat,Charcoal,Loveseat,Leather,3299.99,4749.99,30.5,Y,174,92.5,Premium anchor,5,Flexsteel(3); Slumberland(2),161
slumberland,La-Z-Boy,QK1081508,James Leather Power Plus Reclining Console Loveseat,Walnut,Loveseat,Leather,3299.99,4749.99,30.5,Y,174,92.5,Premium anchor,5,Flexsteel(3); Slumberland(2),161
slumberland,La-Z-Boy,QK1081506,James Leather Power Plus Reclining Sofa,Walnut,Sofa,Leather,3199.99,4599.99,30.4,Y,187,93.6,Premium anchor,5,Flexsteel(4); Stone & Leigh Upholstery(1),175
slumberland,La-Z-Boy,QK1059651,Clayton Gold Lux-Lift Heat and Massage Recliner,Charcoal,Recliner,Unspecified,2199.99,5162.06,57.4,Y,172,89.5,Premium anchor,5,Flexsteel(3); Ultra Comfort(2),154
slumberland,La-Z-Boy,QK1082411,Roman Leather Tri-Power Reclining Sofa,Chocolate,Sofa,Leather,2999.99,4599.99,34.8,Y,187,93.6,Premium anchor,5,Flexsteel(3); Stone & Leigh Upholstery(1); Southern Motion(1),175
slumberland,La-Z-Boy,QK1108338,Greyson Leather Tri-Power Rocker Recliner,Ice,Recliner,Leather,1999.99,3699.0,45.9,Y,172,88.4,Premium anchor,4,Ultra Comfort(3); Flexsteel(1),152
slumberland,La-Z-Boy,QK1108339,Greyson Leather Tri-Power Rocker Recliner,Chocolate,Recliner,Leather,1999.99,3699.0,45.9,Y,172,88.4,Premium anchor,4,Ultra Comfort(3); Flexsteel(1),152
slumberland,La-Z-Boy,QK1040725,Astor Rocker Recliner,Mushroom,Recliner,Unspecified,999.99,1399.99,28.6,Y,172,58.1,Mid-ladder,4,Franklin(2); Kuka Home(1); Slumberland(1),100
slumberland,La-Z-Boy,QK1040726,Astor Rocker Recliner,Ash,Recliner,Unspecified,999.99,1399.99,28.6,Y,172,58.1,Mid-ladder,4,Franklin(2); Kuka Home(1); Slumberland(1),100
slumberland,La-Z-Boy,QK1031467,Trouper Leather Rocker Recliner,Gray,Recliner,Leather,999.99,1879.99,46.8,Y,172,58.1,Mid-ladder,4,Franklin(2); Kuka Home(1); Slumberland(1),100
slumberland,La-Z-Boy,QK1031494,Trouper Leather Rocker Recliner,Walnut,Recliner,Leather,999.99,1879.99,46.8,Y,172,58.1,Mid-ladder,4,Franklin(2); Kuka Home(1); Slumberland(1),100
slumberland,La-Z-Boy,QK1060421,Dorian Rocker Recliner,Sand,Recliner,Fabric,999.99,1579.99,36.7,Y,172,58.1,Mid-ladder,4,Franklin(2); Kuka Home(1); Slumberland(1),100
slumberland,La-Z-Boy,QK1081509,James Leather Tri-Power Reclining Sofa,Walnut,Sofa,Leather,3399.99,5399.99,37.0,Y,187,95.2,Premium anchor,3,Flexsteel(3),178
slumberland,La-Z-Boy,QK1064435,Trouper Leather Tri-Power Reclining Sofa,Gray,Sofa,Leather,3299.99,6399.99,48.4,Y,187,94.1,Premium anchor,3,Flexsteel(3),176
slumberland,La-Z-Boy,QK1064425,Trouper Leather Tri-Power Reclining Sofa,Walnut,Sofa,Leather,3299.99,6399.99,48.4,Y,187,94.1,Premium anchor,3,Flexsteel(3),176
slumberland,La-Z-Boy,QK1098747,Ava 5 Piece Sectional with 2 Tri-Power Ends and 1 Tri-Power Armless,Oyster,Sectional,Unspecified,5699.99,8399.99,32.1,Y,182,98.4,Premium anchor,1,Man-Wah Cheers(1),179
slumberland,La-Z-Boy,QK1100817,Armitage 6 Piece Dual Power Reclining Sectional,Marble,Sectional,Unspecified,6399.99,10999.99,41.8,Y,182,98.9,Premium anchor,1,Stone & Leigh Upholstery(1),180
slumberland,La-Z-Boy,,Trouper Leather Tri Power Reclining Sofa and Loveseat,Default Title,Loveseat,Leather,6579.98,12779.98,48.5,Y,174,99.4,Premium anchor,1,Flexsteel(1),173
slumberland,La-Z-Boy,QK1084748,James 5 Piece Tri-Power Right Chaise Reclining Sectional,Fawn,Sectional,Fabric,6299.99,8999.99,30.0,Y,182,98.9,Premium anchor,1,Stone & Leigh Upholstery(1),180
