date,series,value,unit,source,status,n_active,dispnums
1900-01-01,war_risk,4,hostlev(0-5),cow_mid,ok,1,237
1900-01-01,war_risk_pprob,0.500,pseudo-prob,cow_mid,ok,1,237
1900-01-08,war_risk,4,hostlev(0-5),cow_mid,ok,1,237
1900-01-08,war_risk_pprob,0.500,pseudo-prob,cow_mid,ok,1,237
1900-01-15,war_risk,4,hostlev(0-5),cow_mid,ok,1,237
1900-01-15,war_risk_pprob,0.500,pseudo-prob,cow_mid,ok,1,237
1900-01-22,war_risk,0,hostlev(0-5),cow_mid,ok,0,
1900-01-22,war_risk_pprob,0.000,pseudo-prob,cow_mid,ok,0,
1900-01-29,war_risk,0,hostlev(0-5),cow_mid,ok,0,
1900-01-29,war_risk_pprob,0.000,pseudo-prob,cow_mid,ok,0,
1900-02-05,war_risk,0,hostlev(0-5),cow_mid,ok,0,
1900-02-05,war_risk_pprob,0.000,pseudo-prob,cow_mid,ok,0,
1900-02-12,war_risk,0,hostlev(0-5),cow_mid,ok,0,
1900-02-12,war_risk_pprob,0.000,pseudo-prob,cow_mid,ok,0,
1900-02-19,war_risk,0,hostlev(0-5),cow_mid,ok,0,
1900-02-19,war_risk_pprob,0.000,pseudo-prob,cow_mid,ok,0,
1900-02-26,war_risk,0,hostlev(0-5),cow_mid,ok,0,
1900-02-26,war_risk_pprob,0.000,pseudo-prob,cow_mid,ok,0,
1900-03-05,war_risk,0,hostlev(0-5),cow_mid,ok,0,
1900-03-05,war_risk_pprob,0.000,pseudo-prob,cow_mid,ok,0,
1900-03-12,war_risk,0,hostlev(0-5),cow_mid,ok,0,
1900-03-12,war_risk_pprob,0.000,pseudo-prob,cow_mid,ok,0,
1900-03-19,war_risk,0,hostlev(0-5),cow_mid,ok,0,
1900-03-19,war_risk_pprob,0.000,pseudo-prob,cow_mid,ok,0,
1900-03-26,war_risk,0,hostlev(0-5),cow_mid,ok,0,
1900-03-26,war_risk_pprob,0.000,pseudo-prob,cow_mid,ok,0,
1900-04-02,war_risk,0,hostlev(0-5),cow_mid,ok,0,
1900-04-02,war_risk_pprob,0.000,pseudo-prob,cow_mid,ok,0,
1900-04-09,war_risk,0,hostlev(0-5),cow_mid,ok,0,
1900-04-09,war_risk_pprob,0.000,pseudo-prob,cow_mid,ok,0,
1900-04-16,war_risk,0,hostlev(0-5),cow_mid,ok,0,
1900-04-16,war_risk_pprob,0.000,pseudo-prob,cow_mid,ok,0,
1900-04-23,war_risk,0,hostlev(0-5),cow_mid,ok,0,
1900-04-23,war_risk_pprob,0.000,pseudo-prob,cow_mid,ok,0,
1900-04-30,war_risk,0,hostlev(0-5),cow_mid,ok,0,
1900-04-30,war_risk_pprob,0.000,pseudo-prob,cow_mid,ok,0,
1900-05-07,war_risk,0,hostlev(0-5),cow_mid,ok,0,
1900-05-07,war_risk_pprob,0.000,pseudo-prob,cow_mid,ok,0,
1900-05-14,war_risk,0,hostlev(0-5),cow_mid,ok,0,
1900-05-14,war_risk_pprob,0.000,pseudo-prob,cow_mid,ok,0,
1900-05-21,war_risk,0,hostlev(0-5),cow_mid,ok,0,
1900-05-21,war_risk_pprob,0.000,pseudo-prob,cow_mid,ok,0,
1900-05-28,war_risk,0,hostlev(0-5),cow_mid,ok,0,
1900-05-28,war_risk_pprob,0.000,pseudo-prob,cow_mid,ok,0,
1900-06-04,war_risk,0,hostlev(0-5),cow_mid,ok,0,
1900-06-04,war_risk_pprob,0.000,pseudo-prob,cow_mid,ok,0,
1900-06-11,war_risk,0,hostlev(0-5),cow_mid,ok,0,
1900-06-11,war_risk_pprob,0.000,pseudo-prob,cow_mid,ok,0,
1900-06-18,war_risk,0,hostlev(0-5),cow_mid,ok,0,
1900-06-18,war_risk_pprob,0.000,pseudo-prob,cow_mid,ok,0,
1900-06-25,war_risk,0,hostlev(0-5),cow_mid,ok,0,
1900-06-25,war_risk_pprob,0.000,pseudo-prob,cow_mid,ok,0,
1900-07-02,war_risk,0,hostlev(0-5),cow_mid,ok,0,
1900-07-02,war_risk_pprob,0.000,pseudo-prob,cow_mid,ok,0,
1900-07-09,war_risk,0,hostlev(0-5),cow_mid,ok,0,
1900-07-09,war_risk_pprob,0.000,pseudo-prob,cow_mid,ok,0,
1900-07-16,war_risk,0,hostlev(0-5),cow_mid,ok,0,
1900-07-16,war_risk_pprob,0.000,pseudo-prob,cow_mid,ok,0,
1900-07-23,war_risk,0,hostlev(0-5),cow_mid,ok,0,
1900-07-23,war_risk_pprob,0.000,pseudo-prob,cow_mid,ok,0,
1900-07-30,war_risk,0,hostlev(0-5),cow_mid,ok,0,
1900-07-30,war_risk_pprob,0.000,pseudo-prob,cow_mid,ok,0,
1900-08-06,war_risk,0,hostlev(0-5),cow_mid,ok,0,
1900-08-06,war_risk_pprob,0.000,pseudo-prob,cow_mid,ok,0,
1900-08-13,war_risk,0,hostlev(0-5),cow_mid,ok,0,
1900-08-13,war_risk_pprob,0.000,pseudo-prob,cow_mid,ok,0,
1900-08-20,war_risk,0,hostlev(0-5),cow_mid,ok,0,
1900-08-20,war_risk_pprob,0.000,pseudo-prob,cow_mid,ok,0,
1900-08-27,war_risk,0,hostlev(0-5),cow_mid,ok,0,
1900-08-27,war_risk_pprob,0.000,pseudo-prob,cow_mid,ok,0,
1900-09-03,war_risk,0,hostlev(0-5),cow_mid,ok,0,
1900-09-03,war_risk_pprob,0.000,pseudo-prob,cow_mid,ok,0,
1900-09-10,war_risk,0,hostlev(0-5),cow_mid,ok,0,
1900-09-10,war_risk_pprob,0.000,pseudo-prob,cow_mid,ok,0,
1900-09-17,war_risk,0,hostlev(0-5),cow_mid,ok,0,
1900-09-17,war_risk_pprob,0.000,pseudo-prob,cow_mid,ok,0,
1900-09-24,war_risk,0,hostlev(0-5),cow_mid,ok,0,
1900-09-24,war_risk_pprob,0.000,pseudo-prob,cow_mid,ok,0,
1900-10-01,war_risk,0,hostlev(0-5),cow_mid,ok,0,
1900-10-01,war_risk_pprob,0.000,pseudo-prob,cow_mid,ok,0,
1900-10-08,war_risk,0,hostlev(0-5),cow_mid,ok,0,
1900-10-08,war_risk_pprob,0.000,pseudo-prob,cow_mid,ok,0,
1900-10-15,war_risk,0,hostlev(0-5),cow_mid,ok,0,
1900-10-15,war_risk_pprob,0.000,pseudo-prob,cow_mid,ok,0,
1900-10-22,war_risk,0,hostlev(0-5),cow_mid,ok,0,
1900-10-22,war_risk_pprob,0.000,pseudo-prob,cow_mid,ok,0,
1900-10-29,war_risk,0,hostlev(0-5),cow_mid,ok,0,
1900-10-29,war_risk_pprob,0.000,pseudo-prob,cow_mid,ok,0,
1900-11-05,war_risk,0,hostlev(0-5),cow_mid,ok,0,
1900-11-05,war_risk_pprob,0.000,pseudo-prob,cow_mid,ok,0,
1900-11-12,war_risk,0,hostlev(0-5),cow_mid,ok,0,
1900-11-12,war_risk_pprob,0.000,pseudo-prob,cow_mid,ok,0,
1900-11-19,war_risk,0,hostlev(0-5),cow_mid,ok,0,
1900-11-19,war_risk_pprob,0.000,pseudo-prob,cow_mid,ok,0,
1900-11-26,war_risk,0,hostlev(0-5),cow_mid,ok,0,
1900-11-26,war_risk_pprob,0.000,pseudo-prob,cow_mid,ok,0,
1900-12-03,war_risk,0,hostlev(0-5),cow_mid,ok,0,
1900-12-03,war_risk_pprob,0.000,pseudo-prob,cow_mid,ok,0,
1900-12-10,war_risk,0,hostlev(0-5),cow_mid,ok,0,
1900-12-10,war_risk_pprob,0.000,pseudo-prob,cow_mid,ok,0,
1900-12-17,war_risk,0,hostlev(0-5),cow_mid,ok,0,
1900-12-17,war_risk_pprob,0.000,pseudo-prob,cow_mid,ok,0,
1900-12-24,war_risk,0,hostlev(0-5),cow_mid,ok,0,
1900-12-24,war_risk_pprob,0.000,pseudo-prob,cow_mid,ok,0,
1900-12-31,war_risk,0,hostlev(0-5),cow_mid,ok,0,
1900-12-31,war_risk_pprob,0.000,pseudo-prob,cow_mid,ok,0,
1901-01-07,war_risk,0,hostlev(0-5),cow_mid,ok,0,
1901-01-07,war_risk_pprob,0.000,pseudo-prob,cow_mid,ok,0,
1901-01-14,war_risk,0,hostlev(0-5),cow_mid,ok,0,
1901-01-14,war_risk_pprob,0.000,pseudo-prob,cow_mid,ok,0,
1901-01-21,war_risk,0,hostlev(0-5),cow_mid,ok,0,
1901-01-21,war_risk_pprob,0.000,pseudo-prob,cow_mid,ok,0,
1901-01-28,war_risk,0,hostlev(0-5),cow_mid,ok,0,
1901-01-28,war_risk_pprob,0.000,pseudo-prob,cow_mid,ok,0,
1901-02-04,war_risk,0,hostlev(0-5),cow_mid,ok,0,
1901-02-04,war_risk_pprob,0.000,pseudo-prob,cow_mid,ok,0,
1901-02-11,war_risk,0,hostlev(0-5),cow_mid,ok,0,
1901-02-11,war_risk_pprob,0.000,pseudo-prob,cow_mid,ok,0,
1901-02-18,war_risk,0,hostlev(0-5),cow_mid,ok,0,
1901-02-18,war_risk_pprob,0.000,pseudo-prob,cow_mid,ok,0,
1901-02-25,war_risk,0,hostlev(0-5),cow_mid,ok,0,
1901-02-25,war_risk_pprob,0.000,pseudo-prob,cow_mid,ok,0,
1901-03-04,war_risk,0,hostlev(0-5),cow_mid,ok,0,
1901-03-04,war_risk_pprob,0.000,pseudo-prob,cow_mid,ok,0,
1901-03-11,war_risk,0,hostlev(0-5),cow_mid,ok,0,
1901-03-11,war_risk_pprob,0.000,pseudo-prob,cow_mid,ok,0,
1901-03-18,war_risk,0,hostlev(0-5),cow_mid,ok,0,
1901-03-18,war_risk_pprob,0.000,pseudo-prob,cow_mid,ok,0,
1901-03-25,war_risk,0,hostlev(0-5),cow_mid,ok,0,
1901-03-25,war_risk_pprob,0.000,pseudo-prob,cow_mid,ok,0,
1901-04-01,war_risk,0,hostlev(0-5),cow_mid,ok,0,
1901-04-01,war_risk_pprob,0.000,pseudo-prob,cow_mid,ok,0,
1901-04-08,war_risk,0,hostlev(0-5),cow_mid,ok,0,
1901-04-08,war_risk_pprob,0.000,pseudo-prob,cow_mid,ok,0,
1901-04-15,war_risk,0,hostlev(0-5),cow_mid,ok,0,
1901-04-15,war_risk_pprob,0.000,pseudo-prob,cow_mid,ok,0,
1901-04-22,war_risk,0,hostlev(0-5),cow_mid,ok,0,
1901-04-22,war_risk_pprob,0.000,pseudo-prob,cow_mid,ok,0,
1901-04-29,war_risk,0,hostlev(0-5),cow_mid,ok,0,
1901-04-29,war_risk_pprob,0.000,pseudo-prob,cow_mid,ok,0,
1901-05-06,war_risk,0,hostlev(0-5),cow_mid,ok,0,
1901-05-06,war_risk_pprob,0.000,pseudo-prob,cow_mid,ok,0,
1901-05-13,war_risk,0,hostlev(0-5),cow_mid,ok,0,
1901-05-13,war_risk_pprob,0.000,pseudo-prob,cow_mid,ok,0,
1901-05-20,war_risk,0,hostlev(0-5),cow_mid,ok,0,
1901-05-20,war_risk_pprob,0.000,pseudo-prob,cow_mid,ok,0,
1901-05-27,war_risk,0,hostlev(0-5),cow_mid,ok,0,
1901-05-27,war_risk_pprob,0.000,pseudo-prob,cow_mid,ok,0,
1901-06-03,war_risk,0,hostlev(0-5),cow_mid,ok,0,
1901-06-03,war_risk_pprob,0.000,pseudo-prob,cow_mid,ok,0,
1901-06-10,war_risk,0,hostlev(0-5),cow_mid,ok,0,
1901-06-10,war_risk_pprob,0.000,pseudo-prob,cow_mid,ok,0,
1901-06-17,war_risk,0,hostlev(0-5),cow_mid,ok,0,
1901-06-17,war_risk_pprob,0.000,pseudo-prob,cow_mid,ok,0,
1901-06-24,war_risk,0,hostlev(0-5),cow_mid,ok,0,
1901-06-24,war_risk_pprob,0.000,pseudo-prob,cow_mid,ok,0,
1901-07-01,war_risk,0,hostlev(0-5),cow_mid,ok,0,
1901-07-01,war_risk_pprob,0.000,pseudo-prob,cow_mid,ok,0,
1901-07-08,war_risk,0,hostlev(0-5),cow_mid,ok,0,
1901-07-08,war_risk_pprob,0.000,pseudo-prob,cow_mid,ok,0,
1901-07-15,war_risk,0,hostlev(0-5),cow_mid,ok,0,
1901-07-15,war_risk_pprob,0.000,pseudo-prob,cow_mid,ok,0,
1901-07-22,war_risk,0,hostlev(0-5),cow_mid,ok,0,
1901-07-22,war_risk_pprob,0.000,pseudo-prob,cow_mid,ok,0,
1901-07-29,war_risk,0,hostlev(0-5),cow_mid,ok,0,
1901-07-29,war_risk_pprob,0.000,pseudo-prob,cow_mid,ok,0,
1901-08-05,war_risk,0,hostlev(0-5),cow_mid,ok,0,
1901-08-05,war_risk_pprob,0.000,pseudo-prob,cow_mid,ok,0,
1901-08-12,war_risk,0,hostlev(0-5),cow_mid,ok,0,
1901-08-12,war_risk_pprob,0.000,pseudo-prob,cow_mid,ok,0,
1901-08-19,war_risk,0,hostlev(0-5),cow_mid,ok,0,
1901-08-19,war_risk_pprob,0.000,pseudo-prob,cow_mid,ok,0,
1901-08-26,war_risk,0,hostlev(0-5),cow_mid,ok,0,
1901-08-26,war_risk_pprob,0.000,pseudo-prob,cow_mid,ok,0,
1901-09-02,war_risk,0,hostlev(0-5),cow_mid,ok,0,
1901-09-02,war_risk_pprob,0.000,pseudo-prob,cow_mid,ok,0,
1901-09-09,war_risk,0,hostlev(0-5),cow_mid,ok,0,
1901-09-09,war_risk_pprob,0.000,pseudo-prob,cow_mid,ok,0,
1901-09-16,war_risk,0,hostlev(0-5),cow_mid,ok,0,
1901-09-16,war_risk_pprob,0.000,pseudo-prob,cow_mid,ok,0,
1901-09-23,war_risk,0,hostlev(0-5),cow_mid,ok,0,
1901-09-23,war_risk_pprob,0.000,pseudo-prob,cow_mid,ok,0,
1901-09-30,war_risk,0,hostlev(0-5),cow_mid,ok,0,
1901-09-30,war_risk_pprob,0.000,pseudo-prob,cow_mid,ok,0,
1901-10-07,war_risk,0,hostlev(0-5),cow_mid,ok,0,
1901-10-07,war_risk_pprob,0.000,pseudo-prob,cow_mid,ok,0,
1901-10-14,war_risk,0,hostlev(0-5),cow_mid,ok,0,
1901-10-14,war_risk_pprob,0.000,pseudo-prob,cow_mid,ok,0,
1901-10-21,war_risk,0,hostlev(0-5),cow_mid,ok,0,
1901-10-21,war_risk_pprob,0.000,pseudo-prob,cow_mid,ok,0,
1901-10-28,war_risk,0,hostlev(0-5),cow_mid,ok,0,
1901-10-28,war_risk_pprob,0.000,pseudo-prob,cow_mid,ok,0,
1901-11-04,war_risk,0,hostlev(0-5),cow_mid,ok,0,
1901-11-04,war_risk_pprob,0.000,pseudo-prob,cow_mid,ok,0,
1901-11-11,war_risk,0,hostlev(0-5),cow_mid,ok,0,
1901-11-11,war_risk_pprob,0.000,pseudo-prob,cow_mid,ok,0,
1901-11-18,war_risk,0,hostlev(0-5),cow_mid,ok,0,
1901-11-18,war_risk_pprob,0.000,pseudo-prob,cow_mid,ok,0,
1901-11-25,war_risk,0,hostlev(0-5),cow_mid,ok,0,
1901-11-25,war_risk_pprob,0.000,pseudo-prob,cow_mid,ok,0,
1901-12-02,war_risk,0,hostlev(0-5),cow_mid,ok,0,
1901-12-02,war_risk_pprob,0.000,pseudo-prob,cow_mid,ok,0,
1901-12-09,war_risk,0,hostlev(0-5),cow_mid,ok,0,
1901-12-09,war_risk_pprob,0.000,pseudo-prob,cow_mid,ok,0,
1901-12-16,war_risk,0,hostlev(0-5),cow_mid,ok,0,
1901-12-16,war_risk_pprob,0.000,pseudo-prob,cow_mid,ok,0,
1901-12-23,war_risk,0,hostlev(0-5),cow_mid,ok,0,
1901-12-23,war_risk_pprob,0.000,pseudo-prob,cow_mid,ok,0,
1901-12-30,war_risk,0,hostlev(0-5),cow_mid,ok,0,
1901-12-30,war_risk_pprob,0.000,pseudo-prob,cow_mid,ok,0,
1902-01-06,war_risk,0,hostlev(0-5),cow_mid,ok,0,
1902-01-06,war_risk_pprob,0.000,pseudo-prob,cow_mid,ok,0,
1902-01-13,war_risk,0,hostlev(0-5),cow_mid,ok,0,
1902-01-13,war_risk_pprob,0.000,pseudo-prob,cow_mid,ok,0,
1902-01-20,war_risk,0,hostlev(0-5),cow_mid,ok,0,
1902-01-20,war_risk_pprob,0.000,pseudo-prob,cow_mid,ok,0,
1902-01-27,war_risk,0,hostlev(0-5),cow_mid,ok,0,
1902-01-27,war_risk_pprob,0.000,pseudo-prob,cow_mid,ok,0,
1902-02-03,war_risk,0,hostlev(0-5),cow_mid,ok,0,
1902-02-03,war_risk_pprob,0.000,pseudo-prob,cow_mid,ok,0,
1902-02-10,war_risk,0,hostlev(0-5),cow_mid,ok,0,
1902-02-10,war_risk_pprob,0.000,pseudo-prob,cow_mid,ok,0,
1902-02-17,war_risk,0,hostlev(0-5),cow_mid,ok,0,
1902-02-17,war_risk_pprob,0.000,pseudo-prob,cow_mid,ok,0,
1902-02-24,war_risk,0,hostlev(0-5),cow_mid,ok,0,
1902-02-24,war_risk_pprob,0.000,pseudo-prob,cow_mid,ok,0,
1902-03-03,war_risk,0,hostlev(0-5),cow_mid,ok,0,
1902-03-03,war_risk_pprob,0.000,pseudo-prob,cow_mid,ok,0,
1902-03-10,war_risk,0,hostlev(0-5),cow_mid,ok,0,
1902-03-10,war_risk_pprob,0.000,pseudo-prob,cow_mid,ok,0,
1902-03-17,war_risk,0,hostlev(0-5),cow_mid,ok,0,
1902-03-17,war_risk_pprob,0.000,pseudo-prob,cow_mid,ok,0,
1902-03-24,war_risk,0,hostlev(0-5),cow_mid,ok,0,
1902-03-24,war_risk_pprob,0.000,pseudo-prob,cow_mid,ok,0,
1902-03-31,war_risk,0,hostlev(0-5),cow_mid,ok,0,
1902-03-31,war_risk_pprob,0.000,pseudo-prob,cow_mid,ok,0,
1902-04-07,war_risk,0,hostlev(0-5),cow_mid,ok,0,
1902-04-07,war_risk_pprob,0.000,pseudo-prob,cow_mid,ok,0,
1902-04-14,war_risk,0,hostlev(0-5),cow_mid,ok,0,
1902-04-14,war_risk_pprob,0.000,pseudo-prob,cow_mid,ok,0,
1902-04-21,war_risk,0,hostlev(0-5),cow_mid,ok,0,
1902-04-21,war_risk_pprob,0.000,pseudo-prob,cow_mid,ok,0,
1902-04-28,war_risk,0,hostlev(0-5),cow_mid,ok,0,
1902-04-28,war_risk_pprob,0.000,pseudo-prob,cow_mid,ok,0,
1902-05-05,war_risk,0,hostlev(0-5),cow_mid,ok,0,
1902-05-05,war_risk_pprob,0.000,pseudo-prob,cow_mid,ok,0,
1902-05-12,war_risk,0,hostlev(0-5),cow_mid,ok,0,
1902-05-12,war_risk_pprob,0.000,pseudo-prob,cow_mid,ok,0,
1902-05-19,war_risk,0,hostlev(0-5),cow_mid,ok,0,
1902-05-19,war_risk_pprob,0.000,pseudo-prob,cow_mid,ok,0,
1902-05-26,war_risk,0,hostlev(0-5),cow_mid,ok,0,
1902-05-26,war_risk_pprob,0.000,pseudo-prob,cow_mid,ok,0,
1902-06-02,war_risk,0,hostlev(0-5),cow_mid,ok,0,
1902-06-02,war_risk_pprob,0.000,pseudo-prob,cow_mid,ok,0,
1902-06-09,war_risk,0,hostlev(0-5),cow_mid,ok,0,
1902-06-09,war_risk_pprob,0.000,pseudo-prob,cow_mid,ok,0,
1902-06-16,war_risk,0,hostlev(0-5),cow_mid,ok,0,
1902-06-16,war_risk_pprob,0.000,pseudo-prob,cow_mid,ok,0,
1902-06-23,war_risk,0,hostlev(0-5),cow_mid,ok,0,
1902-06-23,war_risk_pprob,0.000,pseudo-prob,cow_mid,ok,0,
1902-06-30,war_risk,0,hostlev(0-5),cow_mid,ok,0,
1902-06-30,war_risk_pprob,0.000,pseudo-prob,cow_mid,ok,0,
1902-07-07,war_risk,0,hostlev(0-5),cow_mid,ok,0,
1902-07-07,war_risk_pprob,0.000,pseudo-prob,cow_mid,ok,0,
1902-07-14,war_risk,0,hostlev(0-5),cow_mid,ok,0,
1902-07-14,war_risk_pprob,0.000,pseudo-prob,cow_mid,ok,0,
1902-07-21,war_risk,0,hostlev(0-5),cow_mid,ok,0,
1902-07-21,war_risk_pprob,0.000,pseudo-prob,cow_mid,ok,0,
1902-07-28,war_risk,0,hostlev(0-5),cow_mid,ok,0,
1902-07-28,war_risk_pprob,0.000,pseudo-prob,cow_mid,ok,0,
1902-08-04,war_risk,0,hostlev(0-5),cow_mid,ok,0,
1902-08-04,war_risk_pprob,0.000,pseudo-prob,cow_mid,ok,0,
1902-08-11,war_risk,0,hostlev(0-5),cow_mid,ok,0,
1902-08-11,war_risk_pprob,0.000,pseudo-prob,cow_mid,ok,0,
1902-08-18,war_risk,0,hostlev(0-5),cow_mid,ok,0,
1902-08-18,war_risk_pprob,0.000,pseudo-prob,cow_mid,ok,0,
1902-08-25,war_risk,0,hostlev(0-5),cow_mid,ok,0,
1902-08-25,war_risk_pprob,0.000,pseudo-prob,cow_mid,ok,0,
1902-09-01,war_risk,0,hostlev(0-5),cow_mid,ok,0,
1902-09-01,war_risk_pprob,0.000,pseudo-prob,cow_mid,ok,0,
1902-09-08,war_risk,0,hostlev(0-5),cow_mid,ok,0,
1902-09-08,war_risk_pprob,0.000,pseudo-prob,cow_mid,ok,0,
1902-09-15,war_risk,0,hostlev(0-5),cow_mid,ok,0,
1902-09-15,war_risk_pprob,0.000,pseudo-prob,cow_mid,ok,0,
1902-09-22,war_risk,0,hostlev(0-5),cow_mid,ok,0,
1902-09-22,war_risk_pprob,0.000,pseudo-prob,cow_mid,ok,0,
1902-09-29,war_risk,0,hostlev(0-5),cow_mid,ok,0,
1902-09-29,war_risk_pprob,0.000,pseudo-prob,cow_mid,ok,0,
1902-10-06,war_risk,0,hostlev(0-5),cow_mid,ok,0,
1902-10-06,war_risk_pprob,0.000,pseudo-prob,cow_mid,ok,0,
1902-10-13,war_risk,0,hostlev(0-5),cow_mid,ok,0,
1902-10-13,war_risk_pprob,0.000,pseudo-prob,cow_mid,ok,0,
1902-10-20,war_risk,0,hostlev(0-5),cow_mid,ok,0,
1902-10-20,war_risk_pprob,0.000,pseudo-prob,cow_mid,ok,0,
1902-10-27,war_risk,0,hostlev(0-5),cow_mid,ok,0,
1902-10-27,war_risk_pprob,0.000,pseudo-prob,cow_mid,ok,0,
1902-11-03,war_risk,0,hostlev(0-5),cow_mid,ok,0,
1902-11-03,war_risk_pprob,0.000,pseudo-prob,cow_mid,ok,0,
1902-11-10,war_risk,0,hostlev(0-5),cow_mid,ok,0,
1902-11-10,war_risk_pprob,0.000,pseudo-prob,cow_mid,ok,0,
1902-11-17,war_risk,0,hostlev(0-5),cow_mid,ok,0,
1902-11-17,war_risk_pprob,0.000,pseudo-prob,cow_mid,ok,0,
1902-11-24,war_risk,0,hostlev(0-5),cow_mid,ok,0,
1902-11-24,war_risk_pprob,0.000,pseudo-prob,cow_mid,ok,0,
1902-12-01,war_risk,0,hostlev(0-5),cow_mid,ok,0,
1902-12-01,war_risk_pprob,0.000,pseudo-prob,cow_mid,ok,0,
1902-12-08,war_risk,0,hostlev(0-5),cow_mid,ok,0,
1902-12-08,war_risk_pprob,0.000,pseudo-prob,cow_mid,ok,0,
1902-12-15,war_risk,0,hostlev(0-5),cow_mid,ok,0,
1902-12-15,war_risk_pprob,0.000,pseudo-prob,cow_mid,ok,0,
1902-12-22,war_risk,0,hostlev(0-5),cow_mid,ok,0,
1902-12-22,war_risk_pprob,0.000,pseudo-prob,cow_mid,ok,0,
1902-12-29,war_risk,0,hostlev(0-5),cow_mid,ok,0,
1902-12-29,war_risk_pprob,0.000,pseudo-prob,cow_mid,ok,0,
1903-01-05,war_risk,0,hostlev(0-5),cow_mid,ok,0,
1903-01-05,war_risk_pprob,0.000,pseudo-prob,cow_mid,ok,0,
1903-01-12,war_risk,0,hostlev(0-5),cow_mid,ok,0,
1903-01-12,war_risk_pprob,0.000,pseudo-prob,cow_mid,ok,0,
1903-01-19,war_risk,0,hostlev(0-5),cow_mid,ok,0,
1903-01-19,war_risk_pprob,0.000,pseudo-prob,cow_mid,ok,0,
1903-01-26,war_risk,0,hostlev(0-5),cow_mid,ok,0,
1903-01-26,war_risk_pprob,0.000,pseudo-prob,cow_mid,ok,0,
1903-02-02,war_risk,0,hostlev(0-5),cow_mid,ok,0,
1903-02-02,war_risk_pprob,0.000,pseudo-prob,cow_mid,ok,0,
1903-02-09,war_risk,0,hostlev(0-5),cow_mid,ok,0,
1903-02-09,war_risk_pprob,0.000,pseudo-prob,cow_mid,ok,0,
1903-02-16,war_risk,0,hostlev(0-5),cow_mid,ok,0,
1903-02-16,war_risk_pprob,0.000,pseudo-prob,cow_mid,ok,0,
1903-02-23,war_risk,0,hostlev(0-5),cow_mid,ok,0,
1903-02-23,war_risk_pprob,0.000,pseudo-prob,cow_mid,ok,0,
1903-03-02,war_risk,0,hostlev(0-5),cow_mid,ok,0,
1903-03-02,war_risk_pprob,0.000,pseudo-prob,cow_mid,ok,0,
1903-03-09,war_risk,0,hostlev(0-5),cow_mid,ok,0,
1903-03-09,war_risk_pprob,0.000,pseudo-prob,cow_mid,ok,0,
1903-03-16,war_risk,0,hostlev(0-5),cow_mid,ok,0,
1903-03-16,war_risk_pprob,0.000,pseudo-prob,cow_mid,ok,0,
1903-03-23,war_risk,0,hostlev(0-5),cow_mid,ok,0,
1903-03-23,war_risk_pprob,0.000,pseudo-prob,cow_mid,ok,0,
1903-03-30,war_risk,0,hostlev(0-5),cow_mid,ok,0,
1903-03-30,war_risk_pprob,0.000,pseudo-prob,cow_mid,ok,0,
1903-04-06,war_risk,0,hostlev(0-5),cow_mid,ok,0,
1903-04-06,war_risk_pprob,0.000,pseudo-prob,cow_mid,ok,0,
1903-04-13,war_risk,0,hostlev(0-5),cow_mid,ok,0,
1903-04-13,war_risk_pprob,0.000,pseudo-prob,cow_mid,ok,0,
1903-04-20,war_risk,0,hostlev(0-5),cow_mid,ok,0,
1903-04-20,war_risk_pprob,0.000,pseudo-prob,cow_mid,ok,0,
1903-04-27,war_risk,0,hostlev(0-5),cow_mid,ok,0,
1903-04-27,war_risk_pprob,0.000,pseudo-prob,cow_mid,ok,0,
1903-05-04,war_risk,0,hostlev(0-5),cow_mid,ok,0,
1903-05-04,war_risk_pprob,0.000,pseudo-prob,cow_mid,ok,0,
1903-05-11,war_risk,0,hostlev(0-5),cow_mid,ok,0,
1903-05-11,war_risk_pprob,0.000,pseudo-prob,cow_mid,ok,0,
1903-05-18,war_risk,0,hostlev(0-5),cow_mid,ok,0,
1903-05-18,war_risk_pprob,0.000,pseudo-prob,cow_mid,ok,0,
1903-05-25,war_risk,0,hostlev(0-5),cow_mid,ok,0,
1903-05-25,war_risk_pprob,0.000,pseudo-prob,cow_mid,ok,0,
1903-06-01,war_risk,0,hostlev(0-5),cow_mid,ok,0,
1903-06-01,war_risk_pprob,0.000,pseudo-prob,cow_mid,ok,0,
1903-06-08,war_risk,0,hostlev(0-5),cow_mid,ok,0,
1903-06-08,war_risk_pprob,0.000,pseudo-prob,cow_mid,ok,0,
1903-06-15,war_risk,0,hostlev(0-5),cow_mid,ok,0,
1903-06-15,war_risk_pprob,0.000,pseudo-prob,cow_mid,ok,0,
1903-06-22,war_risk,0,hostlev(0-5),cow_mid,ok,0,
1903-06-22,war_risk_pprob,0.000,pseudo-prob,cow_mid,ok,0,
1903-06-29,war_risk,0,hostlev(0-5),cow_mid,ok,0,
1903-06-29,war_risk_pprob,0.000,pseudo-prob,cow_mid,ok,0,
1903-07-06,war_risk,0,hostlev(0-5),cow_mid,ok,0,
1903-07-06,war_risk_pprob,0.000,pseudo-prob,cow_mid,ok,0,
1903-07-13,war_risk,0,hostlev(0-5),cow_mid,ok,0,
1903-07-13,war_risk_pprob,0.000,pseudo-prob,cow_mid,ok,0,
1903-07-20,war_risk,0,hostlev(0-5),cow_mid,ok,0,
1903-07-20,war_risk_pprob,0.000,pseudo-prob,cow_mid,ok,0,
1903-07-27,war_risk,0,hostlev(0-5),cow_mid,ok,0,
1903-07-27,war_risk_pprob,0.000,pseudo-prob,cow_mid,ok,0,
1903-08-03,war_risk,0,hostlev(0-5),cow_mid,ok,0,
1903-08-03,war_risk_pprob,0.000,pseudo-prob,cow_mid,ok,0,
1903-08-10,war_risk,0,hostlev(0-5),cow_mid,ok,0,
1903-08-10,war_risk_pprob,0.000,pseudo-prob,cow_mid,ok,0,
1903-08-17,war_risk,0,hostlev(0-5),cow_mid,ok,0,
1903-08-17,war_risk_pprob,0.000,pseudo-prob,cow_mid,ok,0,
1903-08-24,war_risk,0,hostlev(0-5),cow_mid,ok,0,
1903-08-24,war_risk_pprob,0.000,pseudo-prob,cow_mid,ok,0,
1903-08-31,war_risk,0,hostlev(0-5),cow_mid,ok,0,
1903-08-31,war_risk_pprob,0.000,pseudo-prob,cow_mid,ok,0,
1903-09-07,war_risk,0,hostlev(0-5),cow_mid,ok,0,
1903-09-07,war_risk_pprob,0.000,pseudo-prob,cow_mid,ok,0,
1903-09-14,war_risk,0,hostlev(0-5),cow_mid,ok,0,
1903-09-14,war_risk_pprob,0.000,pseudo-prob,cow_mid,ok,0,
1903-09-21,war_risk,0,hostlev(0-5),cow_mid,ok,0,
1903-09-21,war_risk_pprob,0.000,pseudo-prob,cow_mid,ok,0,
1903-09-28,war_risk,0,hostlev(0-5),cow_mid,ok,0,
1903-09-28,war_risk_pprob,0.000,pseudo-prob,cow_mid,ok,0,
1903-10-05,war_risk,0,hostlev(0-5),cow_mid,ok,0,
1903-10-05,war_risk_pprob,0.000,pseudo-prob,cow_mid,ok,0,
1903-10-12,war_risk,0,hostlev(0-5),cow_mid,ok,0,
1903-10-12,war_risk_pprob,0.000,pseudo-prob,cow_mid,ok,0,
1903-10-19,war_risk,0,hostlev(0-5),cow_mid,ok,0,
1903-10-19,war_risk_pprob,0.000,pseudo-prob,cow_mid,ok,0,
1903-10-26,war_risk,0,hostlev(0-5),cow_mid,ok,0,
1903-10-26,war_risk_pprob,0.000,pseudo-prob,cow_mid,ok,0,
1903-11-02,war_risk,0,hostlev(0-5),cow_mid,ok,0,
1903-11-02,war_risk_pprob,0.000,pseudo-prob,cow_mid,ok,0,
1903-11-09,war_risk,0,hostlev(0-5),cow_mid,ok,0,
1903-11-09,war_risk_pprob,0.000,pseudo-prob,cow_mid,ok,0,
1903-11-16,war_risk,0,hostlev(0-5),cow_mid,ok,0,
1903-11-16,war_risk_pprob,0.000,pseudo-prob,cow_mid,ok,0,
1903-11-23,war_risk,0,hostlev(0-5),cow_mid,ok,0,
1903-11-23,war_risk_pprob,0.000,pseudo-prob,cow_mid,ok,0,
1903-11-30,war_risk,0,hostlev(0-5),cow_mid,ok,0,
1903-11-30,war_risk_pprob,0.000,pseudo-prob,cow_mid,ok,0,
1903-12-07,war_risk,0,hostlev(0-5),cow_mid,ok,0,
1903-12-07,war_risk_pprob,0.000,pseudo-prob,cow_mid,ok,0,
1903-12-14,war_risk,0,hostlev(0-5),cow_mid,ok,0,
1903-12-14,war_risk_pprob,0.000,pseudo-prob,cow_mid,ok,0,
1903-12-21,war_risk,0,hostlev(0-5),cow_mid,ok,0,
1903-12-21,war_risk_pprob,0.000,pseudo-prob,cow_mid,ok,0,
1903-12-28,war_risk,0,hostlev(0-5),cow_mid,ok,0,
1903-12-28,war_risk_pprob,0.000,pseudo-prob,cow_mid,ok,0,
1904-01-04,war_risk,0,hostlev(0-5),cow_mid,ok,0,
1904-01-04,war_risk_pprob,0.000,pseudo-prob,cow_mid,ok,0,
1904-01-11,war_risk,0,hostlev(0-5),cow_mid,ok,0,
1904-01-11,war_risk_pprob,0.000,pseudo-prob,cow_mid,ok,0,
1904-01-18,war_risk,0,hostlev(0-5),cow_mid,ok,0,
1904-01-18,war_risk_pprob,0.000,pseudo-prob,cow_mid,ok,0,
1904-01-25,war_risk,0,hostlev(0-5),cow_mid,ok,0,
1904-01-25,war_risk_pprob,0.000,pseudo-prob,cow_mid,ok,0,
1904-02-01,war_risk,0,hostlev(0-5),cow_mid,ok,0,
1904-02-01,war_risk_pprob,0.000,pseudo-prob,cow_mid,ok,0,
1904-02-08,war_risk,0,hostlev(0-5),cow_mid,ok,0,
1904-02-08,war_risk_pprob,0.000,pseudo-prob,cow_mid,ok,0,
1904-02-15,war_risk,0,hostlev(0-5),cow_mid,ok,0,
1904-02-15,war_risk_pprob,0.000,pseudo-prob,cow_mid,ok,0,
1904-02-22,war_risk,0,hostlev(0-5),cow_mid,ok,0,
1904-02-22,war_risk_pprob,0.000,pseudo-prob,cow_mid,ok,0,
1904-02-29,war_risk,0,hostlev(0-5),cow_mid,ok,0,
1904-02-29,war_risk_pprob,0.000,pseudo-prob,cow_mid,ok,0,
1904-03-07,war_risk,0,hostlev(0-5),cow_mid,ok,0,
1904-03-07,war_risk_pprob,0.000,pseudo-prob,cow_mid,ok,0,
1904-03-14,war_risk,0,hostlev(0-5),cow_mid,ok,0,
1904-03-14,war_risk_pprob,0.000,pseudo-prob,cow_mid,ok,0,
1904-03-21,war_risk,0,hostlev(0-5),cow_mid,ok,0,
1904-03-21,war_risk_pprob,0.000,pseudo-prob,cow_mid,ok,0,
1904-03-28,war_risk,0,hostlev(0-5),cow_mid,ok,0,
1904-03-28,war_risk_pprob,0.000,pseudo-prob,cow_mid,ok,0,
1904-04-04,war_risk,0,hostlev(0-5),cow_mid,ok,0,
1904-04-04,war_risk_pprob,0.000,pseudo-prob,cow_mid,ok,0,
1904-04-11,war_risk,0,hostlev(0-5),cow_mid,ok,0,
1904-04-11,war_risk_pprob,0.000,pseudo-prob,cow_mid,ok,0,
1904-04-18,war_risk,0,hostlev(0-5),cow_mid,ok,0,
1904-04-18,war_risk_pprob,0.000,pseudo-prob,cow_mid,ok,0,
1904-04-25,war_risk,0,hostlev(0-5),cow_mid,ok,0,
1904-04-25,war_risk_pprob,0.000,pseudo-prob,cow_mid,ok,0,
1904-05-02,war_risk,0,hostlev(0-5),cow_mid,ok,0,
1904-05-02,war_risk_pprob,0.000,pseudo-prob,cow_mid,ok,0,
1904-05-09,war_risk,0,hostlev(0-5),cow_mid,ok,0,
1904-05-09,war_risk_pprob,0.000,pseudo-prob,cow_mid,ok,0,
1904-05-16,war_risk,0,hostlev(0-5),cow_mid,ok,0,
1904-05-16,war_risk_pprob,0.000,pseudo-prob,cow_mid,ok,0,
1904-05-23,war_risk,0,hostlev(0-5),cow_mid,ok,0,
1904-05-23,war_risk_pprob,0.000,pseudo-prob,cow_mid,ok,0,
1904-05-30,war_risk,0,hostlev(0-5),cow_mid,ok,0,
1904-05-30,war_risk_pprob,0.000,pseudo-prob,cow_mid,ok,0,
1904-06-06,war_risk,0,hostlev(0-5),cow_mid,ok,0,
1904-06-06,war_risk_pprob,0.000,pseudo-prob,cow_mid,ok,0,
1904-06-13,war_risk,0,hostlev(0-5),cow_mid,ok,0,
1904-06-13,war_risk_pprob,0.000,pseudo-prob,cow_mid,ok,0,
1904-06-20,war_risk,0,hostlev(0-5),cow_mid,ok,0,
1904-06-20,war_risk_pprob,0.000,pseudo-prob,cow_mid,ok,0,
1904-06-27,war_risk,0,hostlev(0-5),cow_mid,ok,0,
1904-06-27,war_risk_pprob,0.000,pseudo-prob,cow_mid,ok,0,
1904-07-04,war_risk,0,hostlev(0-5),cow_mid,ok,0,
1904-07-04,war_risk_pprob,0.000,pseudo-prob,cow_mid,ok,0,
1904-07-11,war_risk,0,hostlev(0-5),cow_mid,ok,0,
1904-07-11,war_risk_pprob,0.000,pseudo-prob,cow_mid,ok,0,
1904-07-18,war_risk,0,hostlev(0-5),cow_mid,ok,0,
1904-07-18,war_risk_pprob,0.000,pseudo-prob,cow_mid,ok,0,
1904-07-25,war_risk,0,hostlev(0-5),cow_mid,ok,0,
1904-07-25,war_risk_pprob,0.000,pseudo-prob,cow_mid,ok,0,
1904-08-01,war_risk,0,hostlev(0-5),cow_mid,ok,0,
1904-08-01,war_risk_pprob,0.000,pseudo-prob,cow_mid,ok,0,
1904-08-08,war_risk,0,hostlev(0-5),cow_mid,ok,0,
1904-08-08,war_risk_pprob,0.000,pseudo-prob,cow_mid,ok,0,
1904-08-15,war_risk,0,hostlev(0-5),cow_mid,ok,0,
1904-08-15,war_risk_pprob,0.000,pseudo-prob,cow_mid,ok,0,
1904-08-22,war_risk,0,hostlev(0-5),cow_mid,ok,0,
1904-08-22,war_risk_pprob,0.000,pseudo-prob,cow_mid,ok,0,
1904-08-29,war_risk,0,hostlev(0-5),cow_mid,ok,0,
1904-08-29,war_risk_pprob,0.000,pseudo-prob,cow_mid,ok,0,
1904-09-05,war_risk,3,hostlev(0-5),cow_mid,ok,1,109
1904-09-05,war_risk_pprob,0.250,pseudo-prob,cow_mid,ok,1,109
1904-09-12,war_risk,3,hostlev(0-5),cow_mid,ok,1,109
1904-09-12,war_risk_pprob,0.250,pseudo-prob,cow_mid,ok,1,109
1904-09-19,war_risk,3,hostlev(0-5),cow_mid,ok,1,109
1904-09-19,war_risk_pprob,0.250,pseudo-prob,cow_mid,ok,1,109
1904-09-26,war_risk,3,hostlev(0-5),cow_mid,ok,1,109
1904-09-26,war_risk_pprob,0.250,pseudo-prob,cow_mid,ok,1,109
1904-10-03,war_risk,0,hostlev(0-5),cow_mid,ok,0,
1904-10-03,war_risk_pprob,0.000,pseudo-prob,cow_mid,ok,0,
1904-10-10,war_risk,0,hostlev(0-5),cow_mid,ok,0,
1904-10-10,war_risk_pprob,0.000,pseudo-prob,cow_mid,ok,0,
1904-10-17,war_risk,0,hostlev(0-5),cow_mid,ok,0,
1904-10-17,war_risk_pprob,0.000,pseudo-prob,cow_mid,ok,0,
1904-10-24,war_risk,4,hostlev(0-5),cow_mid,ok,1,242
1904-10-24,war_risk_pprob,0.500,pseudo-prob,cow_mid,ok,1,242
1904-10-31,war_risk,4,hostlev(0-5),cow_mid,ok,1,242
1904-10-31,war_risk_pprob,0.500,pseudo-prob,cow_mid,ok,1,242
1904-11-07,war_risk,0,hostlev(0-5),cow_mid,ok,0,
1904-11-07,war_risk_pprob,0.000,pseudo-prob,cow_mid,ok,0,
1904-11-14,war_risk,0,hostlev(0-5),cow_mid,ok,0,
1904-11-14,war_risk_pprob,0.000,pseudo-prob,cow_mid,ok,0,
1904-11-21,war_risk,0,hostlev(0-5),cow_mid,ok,0,
1904-11-21,war_risk_pprob,0.000,pseudo-prob,cow_mid,ok,0,
1904-11-28,war_risk,0,hostlev(0-5),cow_mid,ok,0,
1904-11-28,war_risk_pprob,0.000,pseudo-prob,cow_mid,ok,0,
1904-12-05,war_risk,0,hostlev(0-5),cow_mid,ok,0,
1904-12-05,war_risk_pprob,0.000,pseudo-prob,cow_mid,ok,0,
1904-12-12,war_risk,0,hostlev(0-5),cow_mid,ok,0,
1904-12-12,war_risk_pprob,0.000,pseudo-prob,cow_mid,ok,0,
1904-12-19,war_risk,0,hostlev(0-5),cow_mid,ok,0,
1904-12-19,war_risk_pprob,0.000,pseudo-prob,cow_mid,ok,0,
1904-12-26,war_risk,0,hostlev(0-5),cow_mid,ok,0,
1904-12-26,war_risk_pprob,0.000,pseudo-prob,cow_mid,ok,0,
1905-01-02,war_risk,0,hostlev(0-5),cow_mid,ok,0,
1905-01-02,war_risk_pprob,0.000,pseudo-prob,cow_mid,ok,0,
1905-01-09,war_risk,0,hostlev(0-5),cow_mid,ok,0,
1905-01-09,war_risk_pprob,0.000,pseudo-prob,cow_mid,ok,0,
1905-01-16,war_risk,0,hostlev(0-5),cow_mid,ok,0,
1905-01-16,war_risk_pprob,0.000,pseudo-prob,cow_mid,ok,0,
1905-01-23,war_risk,0,hostlev(0-5),cow_mid,ok,0,
1905-01-23,war_risk_pprob,0.000,pseudo-prob,cow_mid,ok,0,
1905-01-30,war_risk,0,hostlev(0-5),cow_mid,ok,0,
1905-01-30,war_risk_pprob,0.000,pseudo-prob,cow_mid,ok,0,
1905-02-06,war_risk,0,hostlev(0-5),cow_mid,ok,0,
1905-02-06,war_risk_pprob,0.000,pseudo-prob,cow_mid,ok,0,
1905-02-13,war_risk,0,hostlev(0-5),cow_mid,ok,0,
1905-02-13,war_risk_pprob,0.000,pseudo-prob,cow_mid,ok,0,
1905-02-20,war_risk,0,hostlev(0-5),cow_mid,ok,0,
1905-02-20,war_risk_pprob,0.000,pseudo-prob,cow_mid,ok,0,
1905-02-27,war_risk,0,hostlev(0-5),cow_mid,ok,0,
1905-02-27,war_risk_pprob,0.000,pseudo-prob,cow_mid,ok,0,
1905-03-06,war_risk,0,hostlev(0-5),cow_mid,ok,0,
1905-03-06,war_risk_pprob,0.000,pseudo-prob,cow_mid,ok,0,
1905-03-13,war_risk,0,hostlev(0-5),cow_mid,ok,0,
1905-03-13,war_risk_pprob,0.000,pseudo-prob,cow_mid,ok,0,
1905-03-20,war_risk,0,hostlev(0-5),cow_mid,ok,0,
1905-03-20,war_risk_pprob,0.000,pseudo-prob,cow_mid,ok,0,
1905-03-27,war_risk,0,hostlev(0-5),cow_mid,ok,0,
1905-03-27,war_risk_pprob,0.000,pseudo-prob,cow_mid,ok,0,
1905-04-03,war_risk,0,hostlev(0-5),cow_mid,ok,0,
1905-04-03,war_risk_pprob,0.000,pseudo-prob,cow_mid,ok,0,
1905-04-10,war_risk,0,hostlev(0-5),cow_mid,ok,0,
1905-04-10,war_risk_pprob,0.000,pseudo-prob,cow_mid,ok,0,
1905-04-17,war_risk,0,hostlev(0-5),cow_mid,ok,0,
1905-04-17,war_risk_pprob,0.000,pseudo-prob,cow_mid,ok,0,
1905-04-24,war_risk,0,hostlev(0-5),cow_mid,ok,0,
1905-04-24,war_risk_pprob,0.000,pseudo-prob,cow_mid,ok,0,
1905-05-01,war_risk,0,hostlev(0-5),cow_mid,ok,0,
1905-05-01,war_risk_pprob,0.000,pseudo-prob,cow_mid,ok,0,
1905-05-08,war_risk,0,hostlev(0-5),cow_mid,ok,0,
1905-05-08,war_risk_pprob,0.000,pseudo-prob,cow_mid,ok,0,
1905-05-15,war_risk,0,hostlev(0-5),cow_mid,ok,0,
1905-05-15,war_risk_pprob,0.000,pseudo-prob,cow_mid,ok,0,
1905-05-22,war_risk,0,hostlev(0-5),cow_mid,ok,0,
1905-05-22,war_risk_pprob,0.000,pseudo-prob,cow_mid,ok,0,
1905-05-29,war_risk,0,hostlev(0-5),cow_mid,ok,0,
1905-05-29,war_risk_pprob,0.000,pseudo-prob,cow_mid,ok,0,
1905-06-05,war_risk,0,hostlev(0-5),cow_mid,ok,0,
1905-06-05,war_risk_pprob,0.000,pseudo-prob,cow_mid,ok,0,
1905-06-12,war_risk,0,hostlev(0-5),cow_mid,ok,0,
1905-06-12,war_risk_pprob,0.000,pseudo-prob,cow_mid,ok,0,
1905-06-19,war_risk,0,hostlev(0-5),cow_mid,ok,0,
1905-06-19,war_risk_pprob,0.000,pseudo-prob,cow_mid,ok,0,
1905-06-26,war_risk,0,hostlev(0-5),cow_mid,ok,0,
1905-06-26,war_risk_pprob,0.000,pseudo-prob,cow_mid,ok,0,
1905-07-03,war_risk,0,hostlev(0-5),cow_mid,ok,0,
1905-07-03,war_risk_pprob,0.000,pseudo-prob,cow_mid,ok,0,
1905-07-10,war_risk,0,hostlev(0-5),cow_mid,ok,0,
1905-07-10,war_risk_pprob,0.000,pseudo-prob,cow_mid,ok,0,
1905-07-17,war_risk,0,hostlev(0-5),cow_mid,ok,0,
1905-07-17,war_risk_pprob,0.000,pseudo-prob,cow_mid,ok,0,
1905-07-24,war_risk,0,hostlev(0-5),cow_mid,ok,0,
1905-07-24,war_risk_pprob,0.000,pseudo-prob,cow_mid,ok,0,
1905-07-31,war_risk,0,hostlev(0-5),cow_mid,ok,0,
1905-07-31,war_risk_pprob,0.000,pseudo-prob,cow_mid,ok,0,
1905-08-07,war_risk,0,hostlev(0-5),cow_mid,ok,0,
1905-08-07,war_risk_pprob,0.000,pseudo-prob,cow_mid,ok,0,
1905-08-14,war_risk,0,hostlev(0-5),cow_mid,ok,0,
1905-08-14,war_risk_pprob,0.000,pseudo-prob,cow_mid,ok,0,
1905-08-21,war_risk,0,hostlev(0-5),cow_mid,ok,0,
1905-08-21,war_risk_pprob,0.000,pseudo-prob,cow_mid,ok,0,
1905-08-28,war_risk,0,hostlev(0-5),cow_mid,ok,0,
1905-08-28,war_risk_pprob,0.000,pseudo-prob,cow_mid,ok,0,
1905-09-04,war_risk,0,hostlev(0-5),cow_mid,ok,0,
1905-09-04,war_risk_pprob,0.000,pseudo-prob,cow_mid,ok,0,
1905-09-11,war_risk,0,hostlev(0-5),cow_mid,ok,0,
1905-09-11,war_risk_pprob,0.000,pseudo-prob,cow_mid,ok,0,
1905-09-18,war_risk,0,hostlev(0-5),cow_mid,ok,0,
1905-09-18,war_risk_pprob,0.000,pseudo-prob,cow_mid,ok,0,
1905-09-25,war_risk,0,hostlev(0-5),cow_mid,ok,0,
1905-09-25,war_risk_pprob,0.000,pseudo-prob,cow_mid,ok,0,
1905-10-02,war_risk,0,hostlev(0-5),cow_mid,ok,0,
1905-10-02,war_risk_pprob,0.000,pseudo-prob,cow_mid,ok,0,
1905-10-09,war_risk,0,hostlev(0-5),cow_mid,ok,0,
1905-10-09,war_risk_pprob,0.000,pseudo-prob,cow_mid,ok,0,
1905-10-16,war_risk,0,hostlev(0-5),cow_mid,ok,0,
1905-10-16,war_risk_pprob,0.000,pseudo-prob,cow_mid,ok,0,
1905-10-23,war_risk,0,hostlev(0-5),cow_mid,ok,0,
1905-10-23,war_risk_pprob,0.000,pseudo-prob,cow_mid,ok,0,
1905-10-30,war_risk,0,hostlev(0-5),cow_mid,ok,0,
1905-10-30,war_risk_pprob,0.000,pseudo-prob,cow_mid,ok,0,
1905-11-06,war_risk,0,hostlev(0-5),cow_mid,ok,0,
1905-11-06,war_risk_pprob,0.000,pseudo-prob,cow_mid,ok,0,
1905-11-13,war_risk,0,hostlev(0-5),cow_mid,ok,0,
1905-11-13,war_risk_pprob,0.000,pseudo-prob,cow_mid,ok,0,
1905-11-20,war_risk,0,hostlev(0-5),cow_mid,ok,0,
1905-11-20,war_risk_pprob,0.000,pseudo-prob,cow_mid,ok,0,
1905-11-27,war_risk,0,hostlev(0-5),cow_mid,ok,0,
1905-11-27,war_risk_pprob,0.000,pseudo-prob,cow_mid,ok,0,
1905-12-04,war_risk,0,hostlev(0-5),cow_mid,ok,0,
1905-12-04,war_risk_pprob,0.000,pseudo-prob,cow_mid,ok,0,
1905-12-11,war_risk,0,hostlev(0-5),cow_mid,ok,0,
1905-12-11,war_risk_pprob,0.000,pseudo-prob,cow_mid,ok,0,
1905-12-18,war_risk,0,hostlev(0-5),cow_mid,ok,0,
1905-12-18,war_risk_pprob,0.000,pseudo-prob,cow_mid,ok,0,
1905-12-25,war_risk,0,hostlev(0-5),cow_mid,ok,0,
1905-12-25,war_risk_pprob,0.000,pseudo-prob,cow_mid,ok,0,
1906-01-01,war_risk,0,hostlev(0-5),cow_mid,ok,0,
1906-01-01,war_risk_pprob,0.000,pseudo-prob,cow_mid,ok,0,
1906-01-08,war_risk,0,hostlev(0-5),cow_mid,ok,0,
1906-01-08,war_risk_pprob,0.000,pseudo-prob,cow_mid,ok,0,
1906-01-15,war_risk,0,hostlev(0-5),cow_mid,ok,0,
1906-01-15,war_risk_pprob,0.000,pseudo-prob,cow_mid,ok,0,
1906-01-22,war_risk,0,hostlev(0-5),cow_mid,ok,0,
1906-01-22,war_risk_pprob,0.000,pseudo-prob,cow_mid,ok,0,
1906-01-29,war_risk,0,hostlev(0-5),cow_mid,ok,0,
1906-01-29,war_risk_pprob,0.000,pseudo-prob,cow_mid,ok,0,
1906-02-05,war_risk,0,hostlev(0-5),cow_mid,ok,0,
1906-02-05,war_risk_pprob,0.000,pseudo-prob,cow_mid,ok,0,
1906-02-12,war_risk,0,hostlev(0-5),cow_mid,ok,0,
1906-02-12,war_risk_pprob,0.000,pseudo-prob,cow_mid,ok,0,
1906-02-19,war_risk,0,hostlev(0-5),cow_mid,ok,0,
1906-02-19,war_risk_pprob,0.000,pseudo-prob,cow_mid,ok,0,
1906-02-26,war_risk,0,hostlev(0-5),cow_mid,ok,0,
1906-02-26,war_risk_pprob,0.000,pseudo-prob,cow_mid,ok,0,
1906-03-05,war_risk,0,hostlev(0-5),cow_mid,ok,0,
1906-03-05,war_risk_pprob,0.000,pseudo-prob,cow_mid,ok,0,
1906-03-12,war_risk,0,hostlev(0-5),cow_mid,ok,0,
1906-03-12,war_risk_pprob,0.000,pseudo-prob,cow_mid,ok,0,
1906-03-19,war_risk,0,hostlev(0-5),cow_mid,ok,0,
1906-03-19,war_risk_pprob,0.000,pseudo-prob,cow_mid,ok,0,
1906-03-26,war_risk,0,hostlev(0-5),cow_mid,ok,0,
1906-03-26,war_risk_pprob,0.000,pseudo-prob,cow_mid,ok,0,
1906-04-02,war_risk,0,hostlev(0-5),cow_mid,ok,0,
1906-04-02,war_risk_pprob,0.000,pseudo-prob,cow_mid,ok,0,
1906-04-09,war_risk,0,hostlev(0-5),cow_mid,ok,0,
1906-04-09,war_risk_pprob,0.000,pseudo-prob,cow_mid,ok,0,
1906-04-16,war_risk,0,hostlev(0-5),cow_mid,ok,0,
1906-04-16,war_risk_pprob,0.000,pseudo-prob,cow_mid,ok,0,
1906-04-23,war_risk,0,hostlev(0-5),cow_mid,ok,0,
1906-04-23,war_risk_pprob,0.000,pseudo-prob,cow_mid,ok,0,
1906-04-30,war_risk,0,hostlev(0-5),cow_mid,ok,0,
1906-04-30,war_risk_pprob,0.000,pseudo-prob,cow_mid,ok,0,
1906-05-07,war_risk,0,hostlev(0-5),cow_mid,ok,0,
1906-05-07,war_risk_pprob,0.000,pseudo-prob,cow_mid,ok,0,
1906-05-14,war_risk,0,hostlev(0-5),cow_mid,ok,0,
1906-05-14,war_risk_pprob,0.000,pseudo-prob,cow_mid,ok,0,
1906-05-21,war_risk,0,hostlev(0-5),cow_mid,ok,0,
1906-05-21,war_risk_pprob,0.000,pseudo-prob,cow_mid,ok,0,
1906-05-28,war_risk,0,hostlev(0-5),cow_mid,ok,0,
1906-05-28,war_risk_pprob,0.000,pseudo-prob,cow_mid,ok,0,
1906-06-04,war_risk,0,hostlev(0-5),cow_mid,ok,0,
1906-06-04,war_risk_pprob,0.000,pseudo-prob,cow_mid,ok,0,
1906-06-11,war_risk,0,hostlev(0-5),cow_mid,ok,0,
1906-06-11,war_risk_pprob,0.000,pseudo-prob,cow_mid,ok,0,
1906-06-18,war_risk,0,hostlev(0-5),cow_mid,ok,0,
1906-06-18,war_risk_pprob,0.000,pseudo-prob,cow_mid,ok,0,
1906-06-25,war_risk,0,hostlev(0-5),cow_mid,ok,0,
1906-06-25,war_risk_pprob,0.000,pseudo-prob,cow_mid,ok,0,
1906-07-02,war_risk,0,hostlev(0-5),cow_mid,ok,0,
1906-07-02,war_risk_pprob,0.000,pseudo-prob,cow_mid,ok,0,
1906-07-09,war_risk,0,hostlev(0-5),cow_mid,ok,0,
1906-07-09,war_risk_pprob,0.000,pseudo-prob,cow_mid,ok,0,
1906-07-16,war_risk,0,hostlev(0-5),cow_mid,ok,0,
1906-07-16,war_risk_pprob,0.000,pseudo-prob,cow_mid,ok,0,
1906-07-23,war_risk,0,hostlev(0-5),cow_mid,ok,0,
1906-07-23,war_risk_pprob,0.000,pseudo-prob,cow_mid,ok,0,
1906-07-30,war_risk,0,hostlev(0-5),cow_mid,ok,0,
1906-07-30,war_risk_pprob,0.000,pseudo-prob,cow_mid,ok,0,
1906-08-06,war_risk,0,hostlev(0-5),cow_mid,ok,0,
1906-08-06,war_risk_pprob,0.000,pseudo-prob,cow_mid,ok,0,
1906-08-13,war_risk,0,hostlev(0-5),cow_mid,ok,0,
1906-08-13,war_risk_pprob,0.000,pseudo-prob,cow_mid,ok,0,
1906-08-20,war_risk,0,hostlev(0-5),cow_mid,ok,0,
1906-08-20,war_risk_pprob,0.000,pseudo-prob,cow_mid,ok,0,
1906-08-27,war_risk,0,hostlev(0-5),cow_mid,ok,0,
1906-08-27,war_risk_pprob,0.000,pseudo-prob,cow_mid,ok,0,
1906-09-03,war_risk,0,hostlev(0-5),cow_mid,ok,0,
1906-09-03,war_risk_pprob,0.000,pseudo-prob,cow_mid,ok,0,
1906-09-10,war_risk,0,hostlev(0-5),cow_mid,ok,0,
1906-09-10,war_risk_pprob,0.000,pseudo-prob,cow_mid,ok,0,
1906-09-17,war_risk,0,hostlev(0-5),cow_mid,ok,0,
1906-09-17,war_risk_pprob,0.000,pseudo-prob,cow_mid,ok,0,
1906-09-24,war_risk,0,hostlev(0-5),cow_mid,ok,0,
1906-09-24,war_risk_pprob,0.000,pseudo-prob,cow_mid,ok,0,
1906-10-01,war_risk,0,hostlev(0-5),cow_mid,ok,0,
1906-10-01,war_risk_pprob,0.000,pseudo-prob,cow_mid,ok,0,
1906-10-08,war_risk,0,hostlev(0-5),cow_mid,ok,0,
1906-10-08,war_risk_pprob,0.000,pseudo-prob,cow_mid,ok,0,
1906-10-15,war_risk,0,hostlev(0-5),cow_mid,ok,0,
1906-10-15,war_risk_pprob,0.000,pseudo-prob,cow_mid,ok,0,
1906-10-22,war_risk,0,hostlev(0-5),cow_mid,ok,0,
1906-10-22,war_risk_pprob,0.000,pseudo-prob,cow_mid,ok,0,
1906-10-29,war_risk,0,hostlev(0-5),cow_mid,ok,0,
1906-10-29,war_risk_pprob,0.000,pseudo-prob,cow_mid,ok,0,
1906-11-05,war_risk,0,hostlev(0-5),cow_mid,ok,0,
1906-11-05,war_risk_pprob,0.000,pseudo-prob,cow_mid,ok,0,
1906-11-12,war_risk,0,hostlev(0-5),cow_mid,ok,0,
1906-11-12,war_risk_pprob,0.000,pseudo-prob,cow_mid,ok,0,
1906-11-19,war_risk,0,hostlev(0-5),cow_mid,ok,0,
1906-11-19,war_risk_pprob,0.000,pseudo-prob,cow_mid,ok,0,
1906-11-26,war_risk,0,hostlev(0-5),cow_mid,ok,0,
1906-11-26,war_risk_pprob,0.000,pseudo-prob,cow_mid,ok,0,
1906-12-03,war_risk,0,hostlev(0-5),cow_mid,ok,0,
1906-12-03,war_risk_pprob,0.000,pseudo-prob,cow_mid,ok,0,
1906-12-10,war_risk,0,hostlev(0-5),cow_mid,ok,0,
1906-12-10,war_risk_pprob,0.000,pseudo-prob,cow_mid,ok,0,
1906-12-17,war_risk,0,hostlev(0-5),cow_mid,ok,0,
1906-12-17,war_risk_pprob,0.000,pseudo-prob,cow_mid,ok,0,
1906-12-24,war_risk,0,hostlev(0-5),cow_mid,ok,0,
1906-12-24,war_risk_pprob,0.000,pseudo-prob,cow_mid,ok,0,
1906-12-31,war_risk,0,hostlev(0-5),cow_mid,ok,0,
1906-12-31,war_risk_pprob,0.000,pseudo-prob,cow_mid,ok,0,
1907-01-07,war_risk,0,hostlev(0-5),cow_mid,ok,0,
1907-01-07,war_risk_pprob,0.000,pseudo-prob,cow_mid,ok,0,
1907-01-14,war_risk,0,hostlev(0-5),cow_mid,ok,0,
1907-01-14,war_risk_pprob,0.000,pseudo-prob,cow_mid,ok,0,
1907-01-21,war_risk,0,hostlev(0-5),cow_mid,ok,0,
1907-01-21,war_risk_pprob,0.000,pseudo-prob,cow_mid,ok,0,
1907-01-28,war_risk,0,hostlev(0-5),cow_mid,ok,0,
1907-01-28,war_risk_pprob,0.000,pseudo-prob,cow_mid,ok,0,
1907-02-04,war_risk,0,hostlev(0-5),cow_mid,ok,0,
1907-02-04,war_risk_pprob,0.000,pseudo-prob,cow_mid,ok,0,
1907-02-11,war_risk,0,hostlev(0-5),cow_mid,ok,0,
1907-02-11,war_risk_pprob,0.000,pseudo-prob,cow_mid,ok,0,
1907-02-18,war_risk,0,hostlev(0-5),cow_mid,ok,0,
1907-02-18,war_risk_pprob,0.000,pseudo-prob,cow_mid,ok,0,
1907-02-25,war_risk,0,hostlev(0-5),cow_mid,ok,0,
1907-02-25,war_risk_pprob,0.000,pseudo-prob,cow_mid,ok,0,
1907-03-04,war_risk,0,hostlev(0-5),cow_mid,ok,0,
1907-03-04,war_risk_pprob,0.000,pseudo-prob,cow_mid,ok,0,
1907-03-11,war_risk,0,hostlev(0-5),cow_mid,ok,0,
1907-03-11,war_risk_pprob,0.000,pseudo-prob,cow_mid,ok,0,
1907-03-18,war_risk,0,hostlev(0-5),cow_mid,ok,0,
1907-03-18,war_risk_pprob,0.000,pseudo-prob,cow_mid,ok,0,
1907-03-25,war_risk,0,hostlev(0-5),cow_mid,ok,0,
1907-03-25,war_risk_pprob,0.000,pseudo-prob,cow_mid,ok,0,
1907-04-01,war_risk,0,hostlev(0-5),cow_mid,ok,0,
1907-04-01,war_risk_pprob,0.000,pseudo-prob,cow_mid,ok,0,
1907-04-08,war_risk,0,hostlev(0-5),cow_mid,ok,0,
1907-04-08,war_risk_pprob,0.000,pseudo-prob,cow_mid,ok,0,
1907-04-15,war_risk,0,hostlev(0-5),cow_mid,ok,0,
1907-04-15,war_risk_pprob,0.000,pseudo-prob,cow_mid,ok,0,
1907-04-22,war_risk,0,hostlev(0-5),cow_mid,ok,0,
1907-04-22,war_risk_pprob,0.000,pseudo-prob,cow_mid,ok,0,
1907-04-29,war_risk,0,hostlev(0-5),cow_mid,ok,0,
1907-04-29,war_risk_pprob,0.000,pseudo-prob,cow_mid,ok,0,
1907-05-06,war_risk,0,hostlev(0-5),cow_mid,ok,0,
1907-05-06,war_risk_pprob,0.000,pseudo-prob,cow_mid,ok,0,
1907-05-13,war_risk,0,hostlev(0-5),cow_mid,ok,0,
1907-05-13,war_risk_pprob,0.000,pseudo-prob,cow_mid,ok,0,
1907-05-20,war_risk,0,hostlev(0-5),cow_mid,ok,0,
1907-05-20,war_risk_pprob,0.000,pseudo-prob,cow_mid,ok,0,
1907-05-27,war_risk,0,hostlev(0-5),cow_mid,ok,0,
1907-05-27,war_risk_pprob,0.000,pseudo-prob,cow_mid,ok,0,
1907-06-03,war_risk,0,hostlev(0-5),cow_mid,ok,0,
1907-06-03,war_risk_pprob,0.000,pseudo-prob,cow_mid,ok,0,
1907-06-10,war_risk,0,hostlev(0-5),cow_mid,ok,0,
1907-06-10,war_risk_pprob,0.000,pseudo-prob,cow_mid,ok,0,
1907-06-17,war_risk,0,hostlev(0-5),cow_mid,ok,0,
1907-06-17,war_risk_pprob,0.000,pseudo-prob,cow_mid,ok,0,
1907-06-24,war_risk,0,hostlev(0-5),cow_mid,ok,0,
1907-06-24,war_risk_pprob,0.000,pseudo-prob,cow_mid,ok,0,
1907-07-01,war_risk,0,hostlev(0-5),cow_mid,ok,0,
1907-07-01,war_risk_pprob,0.000,pseudo-prob,cow_mid,ok,0,
1907-07-08,war_risk,0,hostlev(0-5),cow_mid,ok,0,
1907-07-08,war_risk_pprob,0.000,pseudo-prob,cow_mid,ok,0,
1907-07-15,war_risk,0,hostlev(0-5),cow_mid,ok,0,
1907-07-15,war_risk_pprob,0.000,pseudo-prob,cow_mid,ok,0,
1907-07-22,war_risk,0,hostlev(0-5),cow_mid,ok,0,
1907-07-22,war_risk_pprob,0.000,pseudo-prob,cow_mid,ok,0,
1907-07-29,war_risk,0,hostlev(0-5),cow_mid,ok,0,
1907-07-29,war_risk_pprob,0.000,pseudo-prob,cow_mid,ok,0,
1907-08-05,war_risk,0,hostlev(0-5),cow_mid,ok,0,
1907-08-05,war_risk_pprob,0.000,pseudo-prob,cow_mid,ok,0,
1907-08-12,war_risk,0,hostlev(0-5),cow_mid,ok,0,
1907-08-12,war_risk_pprob,0.000,pseudo-prob,cow_mid,ok,0,
1907-08-19,war_risk,0,hostlev(0-5),cow_mid,ok,0,
1907-08-19,war_risk_pprob,0.000,pseudo-prob,cow_mid,ok,0,
1907-08-26,war_risk,0,hostlev(0-5),cow_mid,ok,0,
1907-08-26,war_risk_pprob,0.000,pseudo-prob,cow_mid,ok,0,
1907-09-02,war_risk,0,hostlev(0-5),cow_mid,ok,0,
1907-09-02,war_risk_pprob,0.000,pseudo-prob,cow_mid,ok,0,
1907-09-09,war_risk,0,hostlev(0-5),cow_mid,ok,0,
1907-09-09,war_risk_pprob,0.000,pseudo-prob,cow_mid,ok,0,
1907-09-16,war_risk,0,hostlev(0-5),cow_mid,ok,0,
1907-09-16,war_risk_pprob,0.000,pseudo-prob,cow_mid,ok,0,
1907-09-23,war_risk,0,hostlev(0-5),cow_mid,ok,0,
1907-09-23,war_risk_pprob,0.000,pseudo-prob,cow_mid,ok,0,
1907-09-30,war_risk,0,hostlev(0-5),cow_mid,ok,0,
1907-09-30,war_risk_pprob,0.000,pseudo-prob,cow_mid,ok,0,
1907-10-07,war_risk,0,hostlev(0-5),cow_mid,ok,0,
1907-10-07,war_risk_pprob,0.000,pseudo-prob,cow_mid,ok,0,
1907-10-14,war_risk,0,hostlev(0-5),cow_mid,ok,0,
1907-10-14,war_risk_pprob,0.000,pseudo-prob,cow_mid,ok,0,
1907-10-21,war_risk,0,hostlev(0-5),cow_mid,ok,0,
1907-10-21,war_risk_pprob,0.000,pseudo-prob,cow_mid,ok,0,
1907-10-28,war_risk,0,hostlev(0-5),cow_mid,ok,0,
1907-10-28,war_risk_pprob,0.000,pseudo-prob,cow_mid,ok,0,
1907-11-04,war_risk,0,hostlev(0-5),cow_mid,ok,0,
1907-11-04,war_risk_pprob,0.000,pseudo-prob,cow_mid,ok,0,
1907-11-11,war_risk,0,hostlev(0-5),cow_mid,ok,0,
1907-11-11,war_risk_pprob,0.000,pseudo-prob,cow_mid,ok,0,
1907-11-18,war_risk,0,hostlev(0-5),cow_mid,ok,0,
1907-11-18,war_risk_pprob,0.000,pseudo-prob,cow_mid,ok,0,
1907-11-25,war_risk,0,hostlev(0-5),cow_mid,ok,0,
1907-11-25,war_risk_pprob,0.000,pseudo-prob,cow_mid,ok,0,
1907-12-02,war_risk,0,hostlev(0-5),cow_mid,ok,0,
1907-12-02,war_risk_pprob,0.000,pseudo-prob,cow_mid,ok,0,
1907-12-09,war_risk,0,hostlev(0-5),cow_mid,ok,0,
1907-12-09,war_risk_pprob,0.000,pseudo-prob,cow_mid,ok,0,
1907-12-16,war_risk,0,hostlev(0-5),cow_mid,ok,0,
1907-12-16,war_risk_pprob,0.000,pseudo-prob,cow_mid,ok,0,
1907-12-23,war_risk,0,hostlev(0-5),cow_mid,ok,0,
1907-12-23,war_risk_pprob,0.000,pseudo-prob,cow_mid,ok,0,
1907-12-30,war_risk,0,hostlev(0-5),cow_mid,ok,0,
1907-12-30,war_risk_pprob,0.000,pseudo-prob,cow_mid,ok,0,
1908-01-06,war_risk,0,hostlev(0-5),cow_mid,ok,0,
1908-01-06,war_risk_pprob,0.000,pseudo-prob,cow_mid,ok,0,
1908-01-13,war_risk,0,hostlev(0-5),cow_mid,ok,0,
1908-01-13,war_risk_pprob,0.000,pseudo-prob,cow_mid,ok,0,
1908-01-20,war_risk,0,hostlev(0-5),cow_mid,ok,0,
1908-01-20,war_risk_pprob,0.000,pseudo-prob,cow_mid,ok,0,
1908-01-27,war_risk,0,hostlev(0-5),cow_mid,ok,0,
1908-01-27,war_risk_pprob,0.000,pseudo-prob,cow_mid,ok,0,
1908-02-03,war_risk,0,hostlev(0-5),cow_mid,ok,0,
1908-02-03,war_risk_pprob,0.000,pseudo-prob,cow_mid,ok,0,
1908-02-10,war_risk,0,hostlev(0-5),cow_mid,ok,0,
1908-02-10,war_risk_pprob,0.000,pseudo-prob,cow_mid,ok,0,
1908-02-17,war_risk,0,hostlev(0-5),cow_mid,ok,0,
1908-02-17,war_risk_pprob,0.000,pseudo-prob,cow_mid,ok,0,
1908-02-24,war_risk,0,hostlev(0-5),cow_mid,ok,0,
1908-02-24,war_risk_pprob,0.000,pseudo-prob,cow_mid,ok,0,
1908-03-02,war_risk,0,hostlev(0-5),cow_mid,ok,0,
1908-03-02,war_risk_pprob,0.000,pseudo-prob,cow_mid,ok,0,
1908-03-09,war_risk,0,hostlev(0-5),cow_mid,ok,0,
1908-03-09,war_risk_pprob,0.000,pseudo-prob,cow_mid,ok,0,
1908-03-16,war_risk,0,hostlev(0-5),cow_mid,ok,0,
1908-03-16,war_risk_pprob,0.000,pseudo-prob,cow_mid,ok,0,
1908-03-23,war_risk,0,hostlev(0-5),cow_mid,ok,0,
1908-03-23,war_risk_pprob,0.000,pseudo-prob,cow_mid,ok,0,
1908-03-30,war_risk,0,hostlev(0-5),cow_mid,ok,0,
1908-03-30,war_risk_pprob,0.000,pseudo-prob,cow_mid,ok,0,
1908-04-06,war_risk,0,hostlev(0-5),cow_mid,ok,0,
1908-04-06,war_risk_pprob,0.000,pseudo-prob,cow_mid,ok,0,
1908-04-13,war_risk,0,hostlev(0-5),cow_mid,ok,0,
1908-04-13,war_risk_pprob,0.000,pseudo-prob,cow_mid,ok,0,
1908-04-20,war_risk,0,hostlev(0-5),cow_mid,ok,0,
1908-04-20,war_risk_pprob,0.000,pseudo-prob,cow_mid,ok,0,
1908-04-27,war_risk,0,hostlev(0-5),cow_mid,ok,0,
1908-04-27,war_risk_pprob,0.000,pseudo-prob,cow_mid,ok,0,
1908-05-04,war_risk,0,hostlev(0-5),cow_mid,ok,0,
1908-05-04,war_risk_pprob,0.000,pseudo-prob,cow_mid,ok,0,
1908-05-11,war_risk,0,hostlev(0-5),cow_mid,ok,0,
1908-05-11,war_risk_pprob,0.000,pseudo-prob,cow_mid,ok,0,
1908-05-18,war_risk,0,hostlev(0-5),cow_mid,ok,0,
1908-05-18,war_risk_pprob,0.000,pseudo-prob,cow_mid,ok,0,
1908-05-25,war_risk,0,hostlev(0-5),cow_mid,ok,0,
1908-05-25,war_risk_pprob,0.000,pseudo-prob,cow_mid,ok,0,
1908-06-01,war_risk,0,hostlev(0-5),cow_mid,ok,0,
1908-06-01,war_risk_pprob,0.000,pseudo-prob,cow_mid,ok,0,
1908-06-08,war_risk,0,hostlev(0-5),cow_mid,ok,0,
1908-06-08,war_risk_pprob,0.000,pseudo-prob,cow_mid,ok,0,
1908-06-15,war_risk,0,hostlev(0-5),cow_mid,ok,0,
1908-06-15,war_risk_pprob,0.000,pseudo-prob,cow_mid,ok,0,
1908-06-22,war_risk,0,hostlev(0-5),cow_mid,ok,0,
1908-06-22,war_risk_pprob,0.000,pseudo-prob,cow_mid,ok,0,
1908-06-29,war_risk,0,hostlev(0-5),cow_mid,ok,0,
1908-06-29,war_risk_pprob,0.000,pseudo-prob,cow_mid,ok,0,
1908-07-06,war_risk,0,hostlev(0-5),cow_mid,ok,0,
1908-07-06,war_risk_pprob,0.000,pseudo-prob,cow_mid,ok,0,
1908-07-13,war_risk,0,hostlev(0-5),cow_mid,ok,0,
1908-07-13,war_risk_pprob,0.000,pseudo-prob,cow_mid,ok,0,
1908-07-20,war_risk,0,hostlev(0-5),cow_mid,ok,0,
1908-07-20,war_risk_pprob,0.000,pseudo-prob,cow_mid,ok,0,
1908-07-27,war_risk,0,hostlev(0-5),cow_mid,ok,0,
1908-07-27,war_risk_pprob,0.000,pseudo-prob,cow_mid,ok,0,
1908-08-03,war_risk,0,hostlev(0-5),cow_mid,ok,0,
1908-08-03,war_risk_pprob,0.000,pseudo-prob,cow_mid,ok,0,
1908-08-10,war_risk,0,hostlev(0-5),cow_mid,ok,0,
1908-08-10,war_risk_pprob,0.000,pseudo-prob,cow_mid,ok,0,
1908-08-17,war_risk,0,hostlev(0-5),cow_mid,ok,0,
1908-08-17,war_risk_pprob,0.000,pseudo-prob,cow_mid,ok,0,
1908-08-24,war_risk,0,hostlev(0-5),cow_mid,ok,0,
1908-08-24,war_risk_pprob,0.000,pseudo-prob,cow_mid,ok,0,
1908-08-31,war_risk,0,hostlev(0-5),cow_mid,ok,0,
1908-08-31,war_risk_pprob,0.000,pseudo-prob,cow_mid,ok,0,
1908-09-07,war_risk,0,hostlev(0-5),cow_mid,ok,0,
1908-09-07,war_risk_pprob,0.000,pseudo-prob,cow_mid,ok,0,
1908-09-14,war_risk,0,hostlev(0-5),cow_mid,ok,0,
1908-09-14,war_risk_pprob,0.000,pseudo-prob,cow_mid,ok,0,
1908-09-21,war_risk,0,hostlev(0-5),cow_mid,ok,0,
1908-09-21,war_risk_pprob,0.000,pseudo-prob,cow_mid,ok,0,
1908-09-28,war_risk,0,hostlev(0-5),cow_mid,ok,0,
1908-09-28,war_risk_pprob,0.000,pseudo-prob,cow_mid,ok,0,
1908-10-05,war_risk,0,hostlev(0-5),cow_mid,ok,0,
1908-10-05,war_risk_pprob,0.000,pseudo-prob,cow_mid,ok,0,
1908-10-12,war_risk,0,hostlev(0-5),cow_mid,ok,0,
1908-10-12,war_risk_pprob,0.000,pseudo-prob,cow_mid,ok,0,
1908-10-19,war_risk,0,hostlev(0-5),cow_mid,ok,0,
1908-10-19,war_risk_pprob,0.000,pseudo-prob,cow_mid,ok,0,
1908-10-26,war_risk,0,hostlev(0-5),cow_mid,ok,0,
1908-10-26,war_risk_pprob,0.000,pseudo-prob,cow_mid,ok,0,
1908-11-02,war_risk,0,hostlev(0-5),cow_mid,ok,0,
1908-11-02,war_risk_pprob,0.000,pseudo-prob,cow_mid,ok,0,
1908-11-09,war_risk,0,hostlev(0-5),cow_mid,ok,0,
1908-11-09,war_risk_pprob,0.000,pseudo-prob,cow_mid,ok,0,
1908-11-16,war_risk,0,hostlev(0-5),cow_mid,ok,0,
1908-11-16,war_risk_pprob,0.000,pseudo-prob,cow_mid,ok,0,
1908-11-23,war_risk,0,hostlev(0-5),cow_mid,ok,0,
1908-11-23,war_risk_pprob,0.000,pseudo-prob,cow_mid,ok,0,
1908-11-30,war_risk,0,hostlev(0-5),cow_mid,ok,0,
1908-11-30,war_risk_pprob,0.000,pseudo-prob,cow_mid,ok,0,
1908-12-07,war_risk,0,hostlev(0-5),cow_mid,ok,0,
1908-12-07,war_risk_pprob,0.000,pseudo-prob,cow_mid,ok,0,
1908-12-14,war_risk,0,hostlev(0-5),cow_mid,ok,0,
1908-12-14,war_risk_pprob,0.000,pseudo-prob,cow_mid,ok,0,
1908-12-21,war_risk,0,hostlev(0-5),cow_mid,ok,0,
1908-12-21,war_risk_pprob,0.000,pseudo-prob,cow_mid,ok,0,
1908-12-28,war_risk,0,hostlev(0-5),cow_mid,ok,0,
1908-12-28,war_risk_pprob,0.000,pseudo-prob,cow_mid,ok,0,
1909-01-04,war_risk,0,hostlev(0-5),cow_mid,ok,0,
1909-01-04,war_risk_pprob,0.000,pseudo-prob,cow_mid,ok,0,
1909-01-11,war_risk,0,hostlev(0-5),cow_mid,ok,0,
1909-01-11,war_risk_pprob,0.000,pseudo-prob,cow_mid,ok,0,
1909-01-18,war_risk,0,hostlev(0-5),cow_mid,ok,0,
1909-01-18,war_risk_pprob,0.000,pseudo-prob,cow_mid,ok,0,
1909-01-25,war_risk,0,hostlev(0-5),cow_mid,ok,0,
1909-01-25,war_risk_pprob,0.000,pseudo-prob,cow_mid,ok,0,
1909-02-01,war_risk,0,hostlev(0-5),cow_mid,ok,0,
1909-02-01,war_risk_pprob,0.000,pseudo-prob,cow_mid,ok,0,
1909-02-08,war_risk,0,hostlev(0-5),cow_mid,ok,0,
1909-02-08,war_risk_pprob,0.000,pseudo-prob,cow_mid,ok,0,
1909-02-15,war_risk,0,hostlev(0-5),cow_mid,ok,0,
1909-02-15,war_risk_pprob,0.000,pseudo-prob,cow_mid,ok,0,
1909-02-22,war_risk,0,hostlev(0-5),cow_mid,ok,0,
1909-02-22,war_risk_pprob,0.000,pseudo-prob,cow_mid,ok,0,
1909-03-01,war_risk,0,hostlev(0-5),cow_mid,ok,0,
1909-03-01,war_risk_pprob,0.000,pseudo-prob,cow_mid,ok,0,
1909-03-08,war_risk,0,hostlev(0-5),cow_mid,ok,0,
1909-03-08,war_risk_pprob,0.000,pseudo-prob,cow_mid,ok,0,
1909-03-15,war_risk,0,hostlev(0-5),cow_mid,ok,0,
1909-03-15,war_risk_pprob,0.000,pseudo-prob,cow_mid,ok,0,
1909-03-22,war_risk,0,hostlev(0-5),cow_mid,ok,0,
1909-03-22,war_risk_pprob,0.000,pseudo-prob,cow_mid,ok,0,
1909-03-29,war_risk,0,hostlev(0-5),cow_mid,ok,0,
1909-03-29,war_risk_pprob,0.000,pseudo-prob,cow_mid,ok,0,
1909-04-05,war_risk,0,hostlev(0-5),cow_mid,ok,0,
1909-04-05,war_risk_pprob,0.000,pseudo-prob,cow_mid,ok,0,
1909-04-12,war_risk,0,hostlev(0-5),cow_mid,ok,0,
1909-04-12,war_risk_pprob,0.000,pseudo-prob,cow_mid,ok,0,
1909-04-19,war_risk,0,hostlev(0-5),cow_mid,ok,0,
1909-04-19,war_risk_pprob,0.000,pseudo-prob,cow_mid,ok,0,
1909-04-26,war_risk,0,hostlev(0-5),cow_mid,ok,0,
1909-04-26,war_risk_pprob,0.000,pseudo-prob,cow_mid,ok,0,
1909-05-03,war_risk,0,hostlev(0-5),cow_mid,ok,0,
1909-05-03,war_risk_pprob,0.000,pseudo-prob,cow_mid,ok,0,
1909-05-10,war_risk,0,hostlev(0-5),cow_mid,ok,0,
1909-05-10,war_risk_pprob,0.000,pseudo-prob,cow_mid,ok,0,
1909-05-17,war_risk,0,hostlev(0-5),cow_mid,ok,0,
1909-05-17,war_risk_pprob,0.000,pseudo-prob,cow_mid,ok,0,
1909-05-24,war_risk,0,hostlev(0-5),cow_mid,ok,0,
1909-05-24,war_risk_pprob,0.000,pseudo-prob,cow_mid,ok,0,
1909-05-31,war_risk,0,hostlev(0-5),cow_mid,ok,0,
1909-05-31,war_risk_pprob,0.000,pseudo-prob,cow_mid,ok,0,
1909-06-07,war_risk,0,hostlev(0-5),cow_mid,ok,0,
1909-06-07,war_risk_pprob,0.000,pseudo-prob,cow_mid,ok,0,
1909-06-14,war_risk,0,hostlev(0-5),cow_mid,ok,0,
1909-06-14,war_risk_pprob,0.000,pseudo-prob,cow_mid,ok,0,
1909-06-21,war_risk,0,hostlev(0-5),cow_mid,ok,0,
1909-06-21,war_risk_pprob,0.000,pseudo-prob,cow_mid,ok,0,
1909-06-28,war_risk,0,hostlev(0-5),cow_mid,ok,0,
1909-06-28,war_risk_pprob,0.000,pseudo-prob,cow_mid,ok,0,
1909-07-05,war_risk,0,hostlev(0-5),cow_mid,ok,0,
1909-07-05,war_risk_pprob,0.000,pseudo-prob,cow_mid,ok,0,
1909-07-12,war_risk,0,hostlev(0-5),cow_mid,ok,0,
1909-07-12,war_risk_pprob,0.000,pseudo-prob,cow_mid,ok,0,
1909-07-19,war_risk,0,hostlev(0-5),cow_mid,ok,0,
1909-07-19,war_risk_pprob,0.000,pseudo-prob,cow_mid,ok,0,
1909-07-26,war_risk,0,hostlev(0-5),cow_mid,ok,0,
1909-07-26,war_risk_pprob,0.000,pseudo-prob,cow_mid,ok,0,
1909-08-02,war_risk,0,hostlev(0-5),cow_mid,ok,0,
1909-08-02,war_risk_pprob,0.000,pseudo-prob,cow_mid,ok,0,
1909-08-09,war_risk,0,hostlev(0-5),cow_mid,ok,0,
1909-08-09,war_risk_pprob,0.000,pseudo-prob,cow_mid,ok,0,
1909-08-16,war_risk,0,hostlev(0-5),cow_mid,ok,0,
1909-08-16,war_risk_pprob,0.000,pseudo-prob,cow_mid,ok,0,
1909-08-23,war_risk,0,hostlev(0-5),cow_mid,ok,0,
1909-08-23,war_risk_pprob,0.000,pseudo-prob,cow_mid,ok,0,
1909-08-30,war_risk,0,hostlev(0-5),cow_mid,ok,0,
1909-08-30,war_risk_pprob,0.000,pseudo-prob,cow_mid,ok,0,
1909-09-06,war_risk,0,hostlev(0-5),cow_mid,ok,0,
1909-09-06,war_risk_pprob,0.000,pseudo-prob,cow_mid,ok,0,
1909-09-13,war_risk,0,hostlev(0-5),cow_mid,ok,0,
1909-09-13,war_risk_pprob,0.000,pseudo-prob,cow_mid,ok,0,
1909-09-20,war_risk,0,hostlev(0-5),cow_mid,ok,0,
1909-09-20,war_risk_pprob,0.000,pseudo-prob,cow_mid,ok,0,
1909-09-27,war_risk,0,hostlev(0-5),cow_mid,ok,0,
1909-09-27,war_risk_pprob,0.000,pseudo-prob,cow_mid,ok,0,
1909-10-04,war_risk,0,hostlev(0-5),cow_mid,ok,0,
1909-10-04,war_risk_pprob,0.000,pseudo-prob,cow_mid,ok,0,
1909-10-11,war_risk,0,hostlev(0-5),cow_mid,ok,0,
1909-10-11,war_risk_pprob,0.000,pseudo-prob,cow_mid,ok,0,
1909-10-18,war_risk,0,hostlev(0-5),cow_mid,ok,0,
1909-10-18,war_risk_pprob,0.000,pseudo-prob,cow_mid,ok,0,
1909-10-25,war_risk,0,hostlev(0-5),cow_mid,ok,0,
1909-10-25,war_risk_pprob,0.000,pseudo-prob,cow_mid,ok,0,
1909-11-01,war_risk,0,hostlev(0-5),cow_mid,ok,0,
1909-11-01,war_risk_pprob,0.000,pseudo-prob,cow_mid,ok,0,
1909-11-08,war_risk,0,hostlev(0-5),cow_mid,ok,0,
1909-11-08,war_risk_pprob,0.000,pseudo-prob,cow_mid,ok,0,
1909-11-15,war_risk,0,hostlev(0-5),cow_mid,ok,0,
1909-11-15,war_risk_pprob,0.000,pseudo-prob,cow_mid,ok,0,
1909-11-22,war_risk,0,hostlev(0-5),cow_mid,ok,0,
1909-11-22,war_risk_pprob,0.000,pseudo-prob,cow_mid,ok,0,
1909-11-29,war_risk,0,hostlev(0-5),cow_mid,ok,0,
1909-11-29,war_risk_pprob,0.000,pseudo-prob,cow_mid,ok,0,
1909-12-06,war_risk,0,hostlev(0-5),cow_mid,ok,0,
1909-12-06,war_risk_pprob,0.000,pseudo-prob,cow_mid,ok,0,
1909-12-13,war_risk,0,hostlev(0-5),cow_mid,ok,0,
1909-12-13,war_risk_pprob,0.000,pseudo-prob,cow_mid,ok,0,
1909-12-20,war_risk,0,hostlev(0-5),cow_mid,ok,0,
1909-12-20,war_risk_pprob,0.000,pseudo-prob,cow_mid,ok,0,
1909-12-27,war_risk,0,hostlev(0-5),cow_mid,ok,0,
1909-12-27,war_risk_pprob,0.000,pseudo-prob,cow_mid,ok,0,
1910-01-03,war_risk,0,hostlev(0-5),cow_mid,ok,0,
1910-01-03,war_risk_pprob,0.000,pseudo-prob,cow_mid,ok,0,
1910-01-10,war_risk,0,hostlev(0-5),cow_mid,ok,0,
1910-01-10,war_risk_pprob,0.000,pseudo-prob,cow_mid,ok,0,
1910-01-17,war_risk,0,hostlev(0-5),cow_mid,ok,0,
1910-01-17,war_risk_pprob,0.000,pseudo-prob,cow_mid,ok,0,
1910-01-24,war_risk,0,hostlev(0-5),cow_mid,ok,0,
1910-01-24,war_risk_pprob,0.000,pseudo-prob,cow_mid,ok,0,
1910-01-31,war_risk,0,hostlev(0-5),cow_mid,ok,0,
1910-01-31,war_risk_pprob,0.000,pseudo-prob,cow_mid,ok,0,
1910-02-07,war_risk,0,hostlev(0-5),cow_mid,ok,0,
1910-02-07,war_risk_pprob,0.000,pseudo-prob,cow_mid,ok,0,
1910-02-14,war_risk,0,hostlev(0-5),cow_mid,ok,0,
1910-02-14,war_risk_pprob,0.000,pseudo-prob,cow_mid,ok,0,
1910-02-21,war_risk,0,hostlev(0-5),cow_mid,ok,0,
1910-02-21,war_risk_pprob,0.000,pseudo-prob,cow_mid,ok,0,
1910-02-28,war_risk,0,hostlev(0-5),cow_mid,ok,0,
1910-02-28,war_risk_pprob,0.000,pseudo-prob,cow_mid,ok,0,
1910-03-07,war_risk,0,hostlev(0-5),cow_mid,ok,0,
1910-03-07,war_risk_pprob,0.000,pseudo-prob,cow_mid,ok,0,
1910-03-14,war_risk,0,hostlev(0-5),cow_mid,ok,0,
1910-03-14,war_risk_pprob,0.000,pseudo-prob,cow_mid,ok,0,
1910-03-21,war_risk,0,hostlev(0-5),cow_mid,ok,0,
1910-03-21,war_risk_pprob,0.000,pseudo-prob,cow_mid,ok,0,
1910-03-28,war_risk,0,hostlev(0-5),cow_mid,ok,0,
1910-03-28,war_risk_pprob,0.000,pseudo-prob,cow_mid,ok,0,
1910-04-04,war_risk,0,hostlev(0-5),cow_mid,ok,0,
1910-04-04,war_risk_pprob,0.000,pseudo-prob,cow_mid,ok,0,
1910-04-11,war_risk,0,hostlev(0-5),cow_mid,ok,0,
1910-04-11,war_risk_pprob,0.000,pseudo-prob,cow_mid,ok,0,
1910-04-18,war_risk,0,hostlev(0-5),cow_mid,ok,0,
1910-04-18,war_risk_pprob,0.000,pseudo-prob,cow_mid,ok,0,
1910-04-25,war_risk,0,hostlev(0-5),cow_mid,ok,0,
1910-04-25,war_risk_pprob,0.000,pseudo-prob,cow_mid,ok,0,
1910-05-02,war_risk,0,hostlev(0-5),cow_mid,ok,0,
1910-05-02,war_risk_pprob,0.000,pseudo-prob,cow_mid,ok,0,
1910-05-09,war_risk,0,hostlev(0-5),cow_mid,ok,0,
1910-05-09,war_risk_pprob,0.000,pseudo-prob,cow_mid,ok,0,
1910-05-16,war_risk,0,hostlev(0-5),cow_mid,ok,0,
1910-05-16,war_risk_pprob,0.000,pseudo-prob,cow_mid,ok,0,
1910-05-23,war_risk,0,hostlev(0-5),cow_mid,ok,0,
1910-05-23,war_risk_pprob,0.000,pseudo-prob,cow_mid,ok,0,
1910-05-30,war_risk,0,hostlev(0-5),cow_mid,ok,0,
1910-05-30,war_risk_pprob,0.000,pseudo-prob,cow_mid,ok,0,
1910-06-06,war_risk,0,hostlev(0-5),cow_mid,ok,0,
1910-06-06,war_risk_pprob,0.000,pseudo-prob,cow_mid,ok,0,
1910-06-13,war_risk,0,hostlev(0-5),cow_mid,ok,0,
1910-06-13,war_risk_pprob,0.000,pseudo-prob,cow_mid,ok,0,
1910-06-20,war_risk,0,hostlev(0-5),cow_mid,ok,0,
1910-06-20,war_risk_pprob,0.000,pseudo-prob,cow_mid,ok,0,
1910-06-27,war_risk,0,hostlev(0-5),cow_mid,ok,0,
1910-06-27,war_risk_pprob,0.000,pseudo-prob,cow_mid,ok,0,
1910-07-04,war_risk,0,hostlev(0-5),cow_mid,ok,0,
1910-07-04,war_risk_pprob,0.000,pseudo-prob,cow_mid,ok,0,
1910-07-11,war_risk,0,hostlev(0-5),cow_mid,ok,0,
1910-07-11,war_risk_pprob,0.000,pseudo-prob,cow_mid,ok,0,
1910-07-18,war_risk,0,hostlev(0-5),cow_mid,ok,0,
1910-07-18,war_risk_pprob,0.000,pseudo-prob,cow_mid,ok,0,
1910-07-25,war_risk,0,hostlev(0-5),cow_mid,ok,0,
1910-07-25,war_risk_pprob,0.000,pseudo-prob,cow_mid,ok,0,
1910-08-01,war_risk,0,hostlev(0-5),cow_mid,ok,0,
1910-08-01,war_risk_pprob,0.000,pseudo-prob,cow_mid,ok,0,
1910-08-08,war_risk,0,hostlev(0-5),cow_mid,ok,0,
1910-08-08,war_risk_pprob,0.000,pseudo-prob,cow_mid,ok,0,
1910-08-15,war_risk,0,hostlev(0-5),cow_mid,ok,0,
1910-08-15,war_risk_pprob,0.000,pseudo-prob,cow_mid,ok,0,
1910-08-22,war_risk,0,hostlev(0-5),cow_mid,ok,0,
1910-08-22,war_risk_pprob,0.000,pseudo-prob,cow_mid,ok,0,
1910-08-29,war_risk,0,hostlev(0-5),cow_mid,ok,0,
1910-08-29,war_risk_pprob,0.000,pseudo-prob,cow_mid,ok,0,
1910-09-05,war_risk,0,hostlev(0-5),cow_mid,ok,0,
1910-09-05,war_risk_pprob,0.000,pseudo-prob,cow_mid,ok,0,
1910-09-12,war_risk,0,hostlev(0-5),cow_mid,ok,0,
1910-09-12,war_risk_pprob,0.000,pseudo-prob,cow_mid,ok,0,
1910-09-19,war_risk,0,hostlev(0-5),cow_mid,ok,0,
1910-09-19,war_risk_pprob,0.000,pseudo-prob,cow_mid,ok,0,
1910-09-26,war_risk,0,hostlev(0-5),cow_mid,ok,0,
1910-09-26,war_risk_pprob,0.000,pseudo-prob,cow_mid,ok,0,
1910-10-03,war_risk,0,hostlev(0-5),cow_mid,ok,0,
1910-10-03,war_risk_pprob,0.000,pseudo-prob,cow_mid,ok,0,
1910-10-10,war_risk,0,hostlev(0-5),cow_mid,ok,0,
1910-10-10,war_risk_pprob,0.000,pseudo-prob,cow_mid,ok,0,
1910-10-17,war_risk,0,hostlev(0-5),cow_mid,ok,0,
1910-10-17,war_risk_pprob,0.000,pseudo-prob,cow_mid,ok,0,
1910-10-24,war_risk,0,hostlev(0-5),cow_mid,ok,0,
1910-10-24,war_risk_pprob,0.000,pseudo-prob,cow_mid,ok,0,
1910-10-31,war_risk,0,hostlev(0-5),cow_mid,ok,0,
1910-10-31,war_risk_pprob,0.000,pseudo-prob,cow_mid,ok,0,
1910-11-07,war_risk,0,hostlev(0-5),cow_mid,ok,0,
1910-11-07,war_risk_pprob,0.000,pseudo-prob,cow_mid,ok,0,
1910-11-14,war_risk,0,hostlev(0-5),cow_mid,ok,0,
1910-11-14,war_risk_pprob,0.000,pseudo-prob,cow_mid,ok,0,
1910-11-21,war_risk,0,hostlev(0-5),cow_mid,ok,0,
1910-11-21,war_risk_pprob,0.000,pseudo-prob,cow_mid,ok,0,
1910-11-28,war_risk,0,hostlev(0-5),cow_mid,ok,0,
1910-11-28,war_risk_pprob,0.000,pseudo-prob,cow_mid,ok,0,
1910-12-05,war_risk,0,hostlev(0-5),cow_mid,ok,0,
1910-12-05,war_risk_pprob,0.000,pseudo-prob,cow_mid,ok,0,
1910-12-12,war_risk,0,hostlev(0-5),cow_mid,ok,0,
1910-12-12,war_risk_pprob,0.000,pseudo-prob,cow_mid,ok,0,
1910-12-19,war_risk,0,hostlev(0-5),cow_mid,ok,0,
1910-12-19,war_risk_pprob,0.000,pseudo-prob,cow_mid,ok,0,
1910-12-26,war_risk,0,hostlev(0-5),cow_mid,ok,0,
1910-12-26,war_risk_pprob,0.000,pseudo-prob,cow_mid,ok,0,
1911-01-02,war_risk,0,hostlev(0-5),cow_mid,ok,0,
1911-01-02,war_risk_pprob,0.000,pseudo-prob,cow_mid,ok,0,
1911-01-09,war_risk,0,hostlev(0-5),cow_mid,ok,0,
1911-01-09,war_risk_pprob,0.000,pseudo-prob,cow_mid,ok,0,
1911-01-16,war_risk,0,hostlev(0-5),cow_mid,ok,0,
1911-01-16,war_risk_pprob,0.000,pseudo-prob,cow_mid,ok,0,
1911-01-23,war_risk,0,hostlev(0-5),cow_mid,ok,0,
1911-01-23,war_risk_pprob,0.000,pseudo-prob,cow_mid,ok,0,
1911-01-30,war_risk,0,hostlev(0-5),cow_mid,ok,0,
1911-01-30,war_risk_pprob,0.000,pseudo-prob,cow_mid,ok,0,
1911-02-06,war_risk,0,hostlev(0-5),cow_mid,ok,0,
1911-02-06,war_risk_pprob,0.000,pseudo-prob,cow_mid,ok,0,
1911-02-13,war_risk,0,hostlev(0-5),cow_mid,ok,0,
1911-02-13,war_risk_pprob,0.000,pseudo-prob,cow_mid,ok,0,
1911-02-20,war_risk,0,hostlev(0-5),cow_mid,ok,0,
1911-02-20,war_risk_pprob,0.000,pseudo-prob,cow_mid,ok,0,
1911-02-27,war_risk,0,hostlev(0-5),cow_mid,ok,0,
1911-02-27,war_risk_pprob,0.000,pseudo-prob,cow_mid,ok,0,
1911-03-06,war_risk,0,hostlev(0-5),cow_mid,ok,0,
1911-03-06,war_risk_pprob,0.000,pseudo-prob,cow_mid,ok,0,
1911-03-13,war_risk,0,hostlev(0-5),cow_mid,ok,0,
1911-03-13,war_risk_pprob,0.000,pseudo-prob,cow_mid,ok,0,
1911-03-20,war_risk,0,hostlev(0-5),cow_mid,ok,0,
1911-03-20,war_risk_pprob,0.000,pseudo-prob,cow_mid,ok,0,
1911-03-27,war_risk,0,hostlev(0-5),cow_mid,ok,0,
1911-03-27,war_risk_pprob,0.000,pseudo-prob,cow_mid,ok,0,
1911-04-03,war_risk,0,hostlev(0-5),cow_mid,ok,0,
1911-04-03,war_risk_pprob,0.000,pseudo-prob,cow_mid,ok,0,
1911-04-10,war_risk,0,hostlev(0-5),cow_mid,ok,0,
1911-04-10,war_risk_pprob,0.000,pseudo-prob,cow_mid,ok,0,
1911-04-17,war_risk,0,hostlev(0-5),cow_mid,ok,0,
1911-04-17,war_risk_pprob,0.000,pseudo-prob,cow_mid,ok,0,
1911-04-24,war_risk,0,hostlev(0-5),cow_mid,ok,0,
1911-04-24,war_risk_pprob,0.000,pseudo-prob,cow_mid,ok,0,
1911-05-01,war_risk,0,hostlev(0-5),cow_mid,ok,0,
1911-05-01,war_risk_pprob,0.000,pseudo-prob,cow_mid,ok,0,
1911-05-08,war_risk,0,hostlev(0-5),cow_mid,ok,0,
1911-05-08,war_risk_pprob,0.000,pseudo-prob,cow_mid,ok,0,
1911-05-15,war_risk,0,hostlev(0-5),cow_mid,ok,0,
1911-05-15,war_risk_pprob,0.000,pseudo-prob,cow_mid,ok,0,
1911-05-22,war_risk,0,hostlev(0-5),cow_mid,ok,0,
1911-05-22,war_risk_pprob,0.000,pseudo-prob,cow_mid,ok,0,
1911-05-29,war_risk,0,hostlev(0-5),cow_mid,ok,0,
1911-05-29,war_risk_pprob,0.000,pseudo-prob,cow_mid,ok,0,
1911-06-05,war_risk,0,hostlev(0-5),cow_mid,ok,0,
1911-06-05,war_risk_pprob,0.000,pseudo-prob,cow_mid,ok,0,
1911-06-12,war_risk,0,hostlev(0-5),cow_mid,ok,0,
1911-06-12,war_risk_pprob,0.000,pseudo-prob,cow_mid,ok,0,
1911-06-19,war_risk,0,hostlev(0-5),cow_mid,ok,0,
1911-06-19,war_risk_pprob,0.000,pseudo-prob,cow_mid,ok,0,
1911-06-26,war_risk,0,hostlev(0-5),cow_mid,ok,0,
1911-06-26,war_risk_pprob,0.000,pseudo-prob,cow_mid,ok,0,
1911-07-03,war_risk,3,hostlev(0-5),cow_mid,ok,1,315
1911-07-03,war_risk_pprob,0.250,pseudo-prob,cow_mid,ok,1,315
1911-07-10,war_risk,3,hostlev(0-5),cow_mid,ok,1,315
1911-07-10,war_risk_pprob,0.250,pseudo-prob,cow_mid,ok,1,315
1911-07-17,war_risk,3,hostlev(0-5),cow_mid,ok,1,315
1911-07-17,war_risk_pprob,0.250,pseudo-prob,cow_mid,ok,1,315
1911-07-24,war_risk,3,hostlev(0-5),cow_mid,ok,1,315
1911-07-24,war_risk_pprob,0.250,pseudo-prob,cow_mid,ok,1,315
1911-07-31,war_risk,3,hostlev(0-5),cow_mid,ok,1,315
1911-07-31,war_risk_pprob,0.250,pseudo-prob,cow_mid,ok,1,315
1911-08-07,war_risk,3,hostlev(0-5),cow_mid,ok,1,315
1911-08-07,war_risk_pprob,0.250,pseudo-prob,cow_mid,ok,1,315
1911-08-14,war_risk,3,hostlev(0-5),cow_mid,ok,1,315
1911-08-14,war_risk_pprob,0.250,pseudo-prob,cow_mid,ok,1,315
1911-08-21,war_risk,3,hostlev(0-5),cow_mid,ok,1,315
1911-08-21,war_risk_pprob,0.250,pseudo-prob,cow_mid,ok,1,315
1911-08-28,war_risk,3,hostlev(0-5),cow_mid,ok,1,315
1911-08-28,war_risk_pprob,0.250,pseudo-prob,cow_mid,ok,1,315
1911-09-04,war_risk,3,hostlev(0-5),cow_mid,ok,1,315
1911-09-04,war_risk_pprob,0.250,pseudo-prob,cow_mid,ok,1,315
1911-09-11,war_risk,3,hostlev(0-5),cow_mid,ok,1,315
1911-09-11,war_risk_pprob,0.250,pseudo-prob,cow_mid,ok,1,315
1911-09-18,war_risk,3,hostlev(0-5),cow_mid,ok,1,315
1911-09-18,war_risk_pprob,0.250,pseudo-prob,cow_mid,ok,1,315
1911-09-25,war_risk,3,hostlev(0-5),cow_mid,ok,1,315
1911-09-25,war_risk_pprob,0.250,pseudo-prob,cow_mid,ok,1,315
1911-10-02,war_risk,3,hostlev(0-5),cow_mid,ok,2,314|315
1911-10-02,war_risk_pprob,0.250,pseudo-prob,cow_mid,ok,2,314|315
1911-10-09,war_risk,3,hostlev(0-5),cow_mid,ok,2,314|315
1911-10-09,war_risk_pprob,0.250,pseudo-prob,cow_mid,ok,2,314|315
1911-10-16,war_risk,0,hostlev(0-5),cow_mid,ok,0,
1911-10-16,war_risk_pprob,0.000,pseudo-prob,cow_mid,ok,0,
1911-10-23,war_risk,0,hostlev(0-5),cow_mid,ok,0,
1911-10-23,war_risk_pprob,0.000,pseudo-prob,cow_mid,ok,0,
1911-10-30,war_risk,0,hostlev(0-5),cow_mid,ok,0,
1911-10-30,war_risk_pprob,0.000,pseudo-prob,cow_mid,ok,0,
1911-11-06,war_risk,0,hostlev(0-5),cow_mid,ok,0,
1911-11-06,war_risk_pprob,0.000,pseudo-prob,cow_mid,ok,0,
1911-11-13,war_risk,0,hostlev(0-5),cow_mid,ok,0,
1911-11-13,war_risk_pprob,0.000,pseudo-prob,cow_mid,ok,0,
1911-11-20,war_risk,0,hostlev(0-5),cow_mid,ok,0,
1911-11-20,war_risk_pprob,0.000,pseudo-prob,cow_mid,ok,0,
1911-11-27,war_risk,0,hostlev(0-5),cow_mid,ok,0,
1911-11-27,war_risk_pprob,0.000,pseudo-prob,cow_mid,ok,0,
1911-12-04,war_risk,0,hostlev(0-5),cow_mid,ok,0,
1911-12-04,war_risk_pprob,0.000,pseudo-prob,cow_mid,ok,0,
1911-12-11,war_risk,0,hostlev(0-5),cow_mid,ok,0,
1911-12-11,war_risk_pprob,0.000,pseudo-prob,cow_mid,ok,0,
1911-12-18,war_risk,0,hostlev(0-5),cow_mid,ok,0,
1911-12-18,war_risk_pprob,0.000,pseudo-prob,cow_mid,ok,0,
1911-12-25,war_risk,0,hostlev(0-5),cow_mid,ok,0,
1911-12-25,war_risk_pprob,0.000,pseudo-prob,cow_mid,ok,0,
1912-01-01,war_risk,0,hostlev(0-5),cow_mid,ok,0,
1912-01-01,war_risk_pprob,0.000,pseudo-prob,cow_mid,ok,0,
1912-01-08,war_risk,0,hostlev(0-5),cow_mid,ok,0,
1912-01-08,war_risk_pprob,0.000,pseudo-prob,cow_mid,ok,0,
1912-01-15,war_risk,0,hostlev(0-5),cow_mid,ok,0,
1912-01-15,war_risk_pprob,0.000,pseudo-prob,cow_mid,ok,0,
1912-01-22,war_risk,4,hostlev(0-5),cow_mid,ok,1,316
1912-01-22,war_risk_pprob,0.500,pseudo-prob,cow_mid,ok,1,316
1912-01-29,war_risk,0,hostlev(0-5),cow_mid,ok,0,
1912-01-29,war_risk_pprob,0.000,pseudo-prob,cow_mid,ok,0,
1912-02-05,war_risk,0,hostlev(0-5),cow_mid,ok,0,
1912-02-05,war_risk_pprob,0.000,pseudo-prob,cow_mid,ok,0,
1912-02-12,war_risk,0,hostlev(0-5),cow_mid,ok,0,
1912-02-12,war_risk_pprob,0.000,pseudo-prob,cow_mid,ok,0,
1912-02-19,war_risk,0,hostlev(0-5),cow_mid,ok,0,
1912-02-19,war_risk_pprob,0.000,pseudo-prob,cow_mid,ok,0,
1912-02-26,war_risk,0,hostlev(0-5),cow_mid,ok,0,
1912-02-26,war_risk_pprob,0.000,pseudo-prob,cow_mid,ok,0,
1912-03-04,war_risk,0,hostlev(0-5),cow_mid,ok,0,
1912-03-04,war_risk_pprob,0.000,pseudo-prob,cow_mid,ok,0,
1912-03-11,war_risk,0,hostlev(0-5),cow_mid,ok,0,
1912-03-11,war_risk_pprob,0.000,pseudo-prob,cow_mid,ok,0,
1912-03-18,war_risk,0,hostlev(0-5),cow_mid,ok,0,
1912-03-18,war_risk_pprob,0.000,pseudo-prob,cow_mid,ok,0,
1912-03-25,war_risk,0,hostlev(0-5),cow_mid,ok,0,
1912-03-25,war_risk_pprob,0.000,pseudo-prob,cow_mid,ok,0,
1912-04-01,war_risk,0,hostlev(0-5),cow_mid,ok,0,
1912-04-01,war_risk_pprob,0.000,pseudo-prob,cow_mid,ok,0,
1912-04-08,war_risk,0,hostlev(0-5),cow_mid,ok,0,
1912-04-08,war_risk_pprob,0.000,pseudo-prob,cow_mid,ok,0,
1912-04-15,war_risk,0,hostlev(0-5),cow_mid,ok,0,
1912-04-15,war_risk_pprob,0.000,pseudo-prob,cow_mid,ok,0,
1912-04-22,war_risk,0,hostlev(0-5),cow_mid,ok,0,
1912-04-22,war_risk_pprob,0.000,pseudo-prob,cow_mid,ok,0,
1912-04-29,war_risk,0,hostlev(0-5),cow_mid,ok,0,
1912-04-29,war_risk_pprob,0.000,pseudo-prob,cow_mid,ok,0,
1912-05-06,war_risk,0,hostlev(0-5),cow_mid,ok,0,
1912-05-06,war_risk_pprob,0.000,pseudo-prob,cow_mid,ok,0,
1912-05-13,war_risk,0,hostlev(0-5),cow_mid,ok,0,
1912-05-13,war_risk_pprob,0.000,pseudo-prob,cow_mid,ok,0,
1912-05-20,war_risk,0,hostlev(0-5),cow_mid,ok,0,
1912-05-20,war_risk_pprob,0.000,pseudo-prob,cow_mid,ok,0,
1912-05-27,war_risk,0,hostlev(0-5),cow_mid,ok,0,
1912-05-27,war_risk_pprob,0.000,pseudo-prob,cow_mid,ok,0,
1912-06-03,war_risk,0,hostlev(0-5),cow_mid,ok,0,
1912-06-03,war_risk_pprob,0.000,pseudo-prob,cow_mid,ok,0,
1912-06-10,war_risk,0,hostlev(0-5),cow_mid,ok,0,
1912-06-10,war_risk_pprob,0.000,pseudo-prob,cow_mid,ok,0,
1912-06-17,war_risk,0,hostlev(0-5),cow_mid,ok,0,
1912-06-17,war_risk_pprob,0.000,pseudo-prob,cow_mid,ok,0,
1912-06-24,war_risk,0,hostlev(0-5),cow_mid,ok,0,
1912-06-24,war_risk_pprob,0.000,pseudo-prob,cow_mid,ok,0,
1912-07-01,war_risk,0,hostlev(0-5),cow_mid,ok,0,
1912-07-01,war_risk_pprob,0.000,pseudo-prob,cow_mid,ok,0,
1912-07-08,war_risk,0,hostlev(0-5),cow_mid,ok,0,
1912-07-08,war_risk_pprob,0.000,pseudo-prob,cow_mid,ok,0,
1912-07-15,war_risk,0,hostlev(0-5),cow_mid,ok,0,
1912-07-15,war_risk_pprob,0.000,pseudo-prob,cow_mid,ok,0,
1912-07-22,war_risk,0,hostlev(0-5),cow_mid,ok,0,
1912-07-22,war_risk_pprob,0.000,pseudo-prob,cow_mid,ok,0,
1912-07-29,war_risk,0,hostlev(0-5),cow_mid,ok,0,
1912-07-29,war_risk_pprob,0.000,pseudo-prob,cow_mid,ok,0,
1912-08-05,war_risk,0,hostlev(0-5),cow_mid,ok,0,
1912-08-05,war_risk_pprob,0.000,pseudo-prob,cow_mid,ok,0,
1912-08-12,war_risk,0,hostlev(0-5),cow_mid,ok,0,
1912-08-12,war_risk_pprob,0.000,pseudo-prob,cow_mid,ok,0,
1912-08-19,war_risk,0,hostlev(0-5),cow_mid,ok,0,
1912-08-19,war_risk_pprob,0.000,pseudo-prob,cow_mid,ok,0,
1912-08-26,war_risk,0,hostlev(0-5),cow_mid,ok,0,
1912-08-26,war_risk_pprob,0.000,pseudo-prob,cow_mid,ok,0,
1912-09-02,war_risk,0,hostlev(0-5),cow_mid,ok,0,
1912-09-02,war_risk_pprob,0.000,pseudo-prob,cow_mid,ok,0,
1912-09-09,war_risk,0,hostlev(0-5),cow_mid,ok,0,
1912-09-09,war_risk_pprob,0.000,pseudo-prob,cow_mid,ok,0,
1912-09-16,war_risk,0,hostlev(0-5),cow_mid,ok,0,
1912-09-16,war_risk_pprob,0.000,pseudo-prob,cow_mid,ok,0,
1912-09-23,war_risk,0,hostlev(0-5),cow_mid,ok,0,
1912-09-23,war_risk_pprob,0.000,pseudo-prob,cow_mid,ok,0,
1912-09-30,war_risk,0,hostlev(0-5),cow_mid,ok,0,
1912-09-30,war_risk_pprob,0.000,pseudo-prob,cow_mid,ok,0,
1912-10-07,war_risk,0,hostlev(0-5),cow_mid,ok,0,
1912-10-07,war_risk_pprob,0.000,pseudo-prob,cow_mid,ok,0,
1912-10-14,war_risk,0,hostlev(0-5),cow_mid,ok,0,
1912-10-14,war_risk_pprob,0.000,pseudo-prob,cow_mid,ok,0,
1912-10-21,war_risk,0,hostlev(0-5),cow_mid,ok,0,
1912-10-21,war_risk_pprob,0.000,pseudo-prob,cow_mid,ok,0,
1912-10-28,war_risk,0,hostlev(0-5),cow_mid,ok,0,
1912-10-28,war_risk_pprob,0.000,pseudo-prob,cow_mid,ok,0,
1912-11-04,war_risk,0,hostlev(0-5),cow_mid,ok,0,
1912-11-04,war_risk_pprob,0.000,pseudo-prob,cow_mid,ok,0,
1912-11-11,war_risk,0,hostlev(0-5),cow_mid,ok,0,
1912-11-11,war_risk_pprob,0.000,pseudo-prob,cow_mid,ok,0,
1912-11-18,war_risk,0,hostlev(0-5),cow_mid,ok,0,
1912-11-18,war_risk_pprob,0.000,pseudo-prob,cow_mid,ok,0,
1912-11-25,war_risk,3,hostlev(0-5),cow_mid,ok,1,21
1912-11-25,war_risk_pprob,0.250,pseudo-prob,cow_mid,ok,1,21
1912-12-02,war_risk,3,hostlev(0-5),cow_mid,ok,1,21
1912-12-02,war_risk_pprob,0.250,pseudo-prob,cow_mid,ok,1,21
1912-12-09,war_risk,0,hostlev(0-5),cow_mid,ok,0,
1912-12-09,war_risk_pprob,0.000,pseudo-prob,cow_mid,ok,0,
1912-12-16,war_risk,0,hostlev(0-5),cow_mid,ok,0,
1912-12-16,war_risk_pprob,0.000,pseudo-prob,cow_mid,ok,0,
1912-12-23,war_risk,0,hostlev(0-5),cow_mid,ok,0,
1912-12-23,war_risk_pprob,0.000,pseudo-prob,cow_mid,ok,0,
1912-12-30,war_risk,0,hostlev(0-5),cow_mid,ok,0,
1912-12-30,war_risk_pprob,0.000,pseudo-prob,cow_mid,ok,0,
1913-01-06,war_risk,0,hostlev(0-5),cow_mid,ok,0,
1913-01-06,war_risk_pprob,0.000,pseudo-prob,cow_mid,ok,0,
1913-01-13,war_risk,0,hostlev(0-5),cow_mid,ok,0,
1913-01-13,war_risk_pprob,0.000,pseudo-prob,cow_mid,ok,0,
1913-01-20,war_risk,0,hostlev(0-5),cow_mid,ok,0,
1913-01-20,war_risk_pprob,0.000,pseudo-prob,cow_mid,ok,0,
1913-01-27,war_risk,0,hostlev(0-5),cow_mid,ok,0,
1913-01-27,war_risk_pprob,0.000,pseudo-prob,cow_mid,ok,0,
1913-02-03,war_risk,0,hostlev(0-5),cow_mid,ok,0,
1913-02-03,war_risk_pprob,0.000,pseudo-prob,cow_mid,ok,0,
1913-02-10,war_risk,0,hostlev(0-5),cow_mid,ok,0,
1913-02-10,war_risk_pprob,0.000,pseudo-prob,cow_mid,ok,0,
1913-02-17,war_risk,0,hostlev(0-5),cow_mid,ok,0,
1913-02-17,war_risk_pprob,0.000,pseudo-prob,cow_mid,ok,0,
1913-02-24,war_risk,0,hostlev(0-5),cow_mid,ok,0,
1913-02-24,war_risk_pprob,0.000,pseudo-prob,cow_mid,ok,0,
1913-03-03,war_risk,0,hostlev(0-5),cow_mid,ok,0,
1913-03-03,war_risk_pprob,0.000,pseudo-prob,cow_mid,ok,0,
1913-03-10,war_risk,0,hostlev(0-5),cow_mid,ok,0,
1913-03-10,war_risk_pprob,0.000,pseudo-prob,cow_mid,ok,0,
1913-03-17,war_risk,0,hostlev(0-5),cow_mid,ok,0,
1913-03-17,war_risk_pprob,0.000,pseudo-prob,cow_mid,ok,0,
1913-03-24,war_risk,0,hostlev(0-5),cow_mid,ok,0,
1913-03-24,war_risk_pprob,0.000,pseudo-prob,cow_mid,ok,0,
1913-03-31,war_risk,0,hostlev(0-5),cow_mid,ok,0,
1913-03-31,war_risk_pprob,0.000,pseudo-prob,cow_mid,ok,0,
1913-04-07,war_risk,0,hostlev(0-5),cow_mid,ok,0,
1913-04-07,war_risk_pprob,0.000,pseudo-prob,cow_mid,ok,0,
1913-04-14,war_risk,0,hostlev(0-5),cow_mid,ok,0,
1913-04-14,war_risk_pprob,0.000,pseudo-prob,cow_mid,ok,0,
1913-04-21,war_risk,0,hostlev(0-5),cow_mid,ok,0,
1913-04-21,war_risk_pprob,0.000,pseudo-prob,cow_mid,ok,0,
1913-04-28,war_risk,0,hostlev(0-5),cow_mid,ok,0,
1913-04-28,war_risk_pprob,0.000,pseudo-prob,cow_mid,ok,0,
1913-05-05,war_risk,0,hostlev(0-5),cow_mid,ok,0,
1913-05-05,war_risk_pprob,0.000,pseudo-prob,cow_mid,ok,0,
1913-05-12,war_risk,0,hostlev(0-5),cow_mid,ok,0,
1913-05-12,war_risk_pprob,0.000,pseudo-prob,cow_mid,ok,0,
1913-05-19,war_risk,0,hostlev(0-5),cow_mid,ok,0,
1913-05-19,war_risk_pprob,0.000,pseudo-prob,cow_mid,ok,0,
1913-05-26,war_risk,0,hostlev(0-5),cow_mid,ok,0,
1913-05-26,war_risk_pprob,0.000,pseudo-prob,cow_mid,ok,0,
1913-06-02,war_risk,0,hostlev(0-5),cow_mid,ok,0,
1913-06-02,war_risk_pprob,0.000,pseudo-prob,cow_mid,ok,0,
1913-06-09,war_risk,0,hostlev(0-5),cow_mid,ok,0,
1913-06-09,war_risk_pprob,0.000,pseudo-prob,cow_mid,ok,0,
1913-06-16,war_risk,0,hostlev(0-5),cow_mid,ok,0,
1913-06-16,war_risk_pprob,0.000,pseudo-prob,cow_mid,ok,0,
1913-06-23,war_risk,0,hostlev(0-5),cow_mid,ok,0,
1913-06-23,war_risk_pprob,0.000,pseudo-prob,cow_mid,ok,0,
1913-06-30,war_risk,0,hostlev(0-5),cow_mid,ok,0,
1913-06-30,war_risk_pprob,0.000,pseudo-prob,cow_mid,ok,0,
1913-07-07,war_risk,0,hostlev(0-5),cow_mid,ok,0,
1913-07-07,war_risk_pprob,0.000,pseudo-prob,cow_mid,ok,0,
1913-07-14,war_risk,0,hostlev(0-5),cow_mid,ok,0,
1913-07-14,war_risk_pprob,0.000,pseudo-prob,cow_mid,ok,0,
1913-07-21,war_risk,0,hostlev(0-5),cow_mid,ok,0,
1913-07-21,war_risk_pprob,0.000,pseudo-prob,cow_mid,ok,0,
1913-07-28,war_risk,0,hostlev(0-5),cow_mid,ok,0,
1913-07-28,war_risk_pprob,0.000,pseudo-prob,cow_mid,ok,0,
1913-08-04,war_risk,0,hostlev(0-5),cow_mid,ok,0,
1913-08-04,war_risk_pprob,0.000,pseudo-prob,cow_mid,ok,0,
1913-08-11,war_risk,0,hostlev(0-5),cow_mid,ok,0,
1913-08-11,war_risk_pprob,0.000,pseudo-prob,cow_mid,ok,0,
1913-08-18,war_risk,0,hostlev(0-5),cow_mid,ok,0,
1913-08-18,war_risk_pprob,0.000,pseudo-prob,cow_mid,ok,0,
1913-08-25,war_risk,0,hostlev(0-5),cow_mid,ok,0,
1913-08-25,war_risk_pprob,0.000,pseudo-prob,cow_mid,ok,0,
1913-09-01,war_risk,0,hostlev(0-5),cow_mid,ok,0,
1913-09-01,war_risk_pprob,0.000,pseudo-prob,cow_mid,ok,0,
1913-09-08,war_risk,0,hostlev(0-5),cow_mid,ok,0,
1913-09-08,war_risk_pprob,0.000,pseudo-prob,cow_mid,ok,0,
1913-09-15,war_risk,0,hostlev(0-5),cow_mid,ok,0,
1913-09-15,war_risk_pprob,0.000,pseudo-prob,cow_mid,ok,0,
1913-09-22,war_risk,0,hostlev(0-5),cow_mid,ok,0,
1913-09-22,war_risk_pprob,0.000,pseudo-prob,cow_mid,ok,0,
1913-09-29,war_risk,0,hostlev(0-5),cow_mid,ok,0,
1913-09-29,war_risk_pprob,0.000,pseudo-prob,cow_mid,ok,0,
1913-10-06,war_risk,0,hostlev(0-5),cow_mid,ok,0,
1913-10-06,war_risk_pprob,0.000,pseudo-prob,cow_mid,ok,0,
1913-10-13,war_risk,0,hostlev(0-5),cow_mid,ok,0,
1913-10-13,war_risk_pprob,0.000,pseudo-prob,cow_mid,ok,0,
1913-10-20,war_risk,0,hostlev(0-5),cow_mid,ok,0,
1913-10-20,war_risk_pprob,0.000,pseudo-prob,cow_mid,ok,0,
1913-10-27,war_risk,0,hostlev(0-5),cow_mid,ok,0,
1913-10-27,war_risk_pprob,0.000,pseudo-prob,cow_mid,ok,0,
1913-11-03,war_risk,0,hostlev(0-5),cow_mid,ok,0,
1913-11-03,war_risk_pprob,0.000,pseudo-prob,cow_mid,ok,0,
1913-11-10,war_risk,0,hostlev(0-5),cow_mid,ok,0,
1913-11-10,war_risk_pprob,0.000,pseudo-prob,cow_mid,ok,0,
1913-11-17,war_risk,0,hostlev(0-5),cow_mid,ok,0,
1913-11-17,war_risk_pprob,0.000,pseudo-prob,cow_mid,ok,0,
1913-11-24,war_risk,0,hostlev(0-5),cow_mid,ok,0,
1913-11-24,war_risk_pprob,0.000,pseudo-prob,cow_mid,ok,0,
1913-12-01,war_risk,0,hostlev(0-5),cow_mid,ok,0,
1913-12-01,war_risk_pprob,0.000,pseudo-prob,cow_mid,ok,0,
1913-12-08,war_risk,0,hostlev(0-5),cow_mid,ok,0,
1913-12-08,war_risk_pprob,0.000,pseudo-prob,cow_mid,ok,0,
1913-12-15,war_risk,0,hostlev(0-5),cow_mid,ok,0,
1913-12-15,war_risk_pprob,0.000,pseudo-prob,cow_mid,ok,0,
1913-12-22,war_risk,0,hostlev(0-5),cow_mid,ok,0,
1913-12-22,war_risk_pprob,0.000,pseudo-prob,cow_mid,ok,0,
1913-12-29,war_risk,0,hostlev(0-5),cow_mid,ok,0,
1913-12-29,war_risk_pprob,0.000,pseudo-prob,cow_mid,ok,0,
1914-01-05,war_risk,0,hostlev(0-5),cow_mid,ok,0,
1914-01-05,war_risk_pprob,0.000,pseudo-prob,cow_mid,ok,0,
1914-01-12,war_risk,0,hostlev(0-5),cow_mid,ok,0,
1914-01-12,war_risk_pprob,0.000,pseudo-prob,cow_mid,ok,0,
1914-01-19,war_risk,0,hostlev(0-5),cow_mid,ok,0,
1914-01-19,war_risk_pprob,0.000,pseudo-prob,cow_mid,ok,0,
1914-01-26,war_risk,0,hostlev(0-5),cow_mid,ok,0,
1914-01-26,war_risk_pprob,0.000,pseudo-prob,cow_mid,ok,0,
1914-02-02,war_risk,0,hostlev(0-5),cow_mid,ok,0,
1914-02-02,war_risk_pprob,0.000,pseudo-prob,cow_mid,ok,0,
1914-02-09,war_risk,0,hostlev(0-5),cow_mid,ok,0,
1914-02-09,war_risk_pprob,0.000,pseudo-prob,cow_mid,ok,0,
1914-02-16,war_risk,0,hostlev(0-5),cow_mid,ok,0,
1914-02-16,war_risk_pprob,0.000,pseudo-prob,cow_mid,ok,0,
1914-02-23,war_risk,0,hostlev(0-5),cow_mid,ok,0,
1914-02-23,war_risk_pprob,0.000,pseudo-prob,cow_mid,ok,0,
1914-03-02,war_risk,0,hostlev(0-5),cow_mid,ok,0,
1914-03-02,war_risk_pprob,0.000,pseudo-prob,cow_mid,ok,0,
1914-03-09,war_risk,0,hostlev(0-5),cow_mid,ok,0,
1914-03-09,war_risk_pprob,0.000,pseudo-prob,cow_mid,ok,0,
1914-03-16,war_risk,0,hostlev(0-5),cow_mid,ok,0,
1914-03-16,war_risk_pprob,0.000,pseudo-prob,cow_mid,ok,0,
1914-03-23,war_risk,0,hostlev(0-5),cow_mid,ok,0,
1914-03-23,war_risk_pprob,0.000,pseudo-prob,cow_mid,ok,0,
1914-03-30,war_risk,0,hostlev(0-5),cow_mid,ok,0,
1914-03-30,war_risk_pprob,0.000,pseudo-prob,cow_mid,ok,0,
1914-04-06,war_risk,0,hostlev(0-5),cow_mid,ok,0,
1914-04-06,war_risk_pprob,0.000,pseudo-prob,cow_mid,ok,0,
1914-04-13,war_risk,0,hostlev(0-5),cow_mid,ok,0,
1914-04-13,war_risk_pprob,0.000,pseudo-prob,cow_mid,ok,0,
1914-04-20,war_risk,0,hostlev(0-5),cow_mid,ok,0,
1914-04-20,war_risk_pprob,0.000,pseudo-prob,cow_mid,ok,0,
1914-04-27,war_risk,0,hostlev(0-5),cow_mid,ok,0,
1914-04-27,war_risk_pprob,0.000,pseudo-prob,cow_mid,ok,0,
1914-05-04,war_risk,0,hostlev(0-5),cow_mid,ok,0,
1914-05-04,war_risk_pprob,0.000,pseudo-prob,cow_mid,ok,0,
1914-05-11,war_risk,0,hostlev(0-5),cow_mid,ok,0,
1914-05-11,war_risk_pprob,0.000,pseudo-prob,cow_mid,ok,0,
1914-05-18,war_risk,0,hostlev(0-5),cow_mid,ok,0,
1914-05-18,war_risk_pprob,0.000,pseudo-prob,cow_mid,ok,0,
1914-05-25,war_risk,0,hostlev(0-5),cow_mid,ok,0,
1914-05-25,war_risk_pprob,0.000,pseudo-prob,cow_mid,ok,0,
1914-06-01,war_risk,0,hostlev(0-5),cow_mid,ok,0,
1914-06-01,war_risk_pprob,0.000,pseudo-prob,cow_mid,ok,0,
1914-06-08,war_risk,0,hostlev(0-5),cow_mid,ok,0,
1914-06-08,war_risk_pprob,0.000,pseudo-prob,cow_mid,ok,0,
1914-06-15,war_risk,0,hostlev(0-5),cow_mid,ok,0,
1914-06-15,war_risk_pprob,0.000,pseudo-prob,cow_mid,ok,0,
1914-06-22,war_risk,0,hostlev(0-5),cow_mid,ok,0,
1914-06-22,war_risk_pprob,0.000,pseudo-prob,cow_mid,ok,0,
1914-06-29,war_risk,0,hostlev(0-5),cow_mid,ok,0,
1914-06-29,war_risk_pprob,0.000,pseudo-prob,cow_mid,ok,0,
1914-07-06,war_risk,0,hostlev(0-5),cow_mid,ok,0,
1914-07-06,war_risk_pprob,0.000,pseudo-prob,cow_mid,ok,0,
1914-07-13,war_risk,0,hostlev(0-5),cow_mid,ok,0,
1914-07-13,war_risk_pprob,0.000,pseudo-prob,cow_mid,ok,0,
1914-07-20,war_risk,0,hostlev(0-5),cow_mid,ok,0,
1914-07-20,war_risk_pprob,0.000,pseudo-prob,cow_mid,ok,0,
1914-07-27,war_risk,5,hostlev(0-5),cow_mid,ok,1,257
1914-07-27,war_risk_pprob,1.000,pseudo-prob,cow_mid,ok,1,257
1914-08-03,war_risk,5,hostlev(0-5),cow_mid,ok,1,257
1914-08-03,war_risk_pprob,1.000,pseudo-prob,cow_mid,ok,1,257
1914-08-10,war_risk,5,hostlev(0-5),cow_mid,ok,1,257
1914-08-10,war_risk_pprob,1.000,pseudo-prob,cow_mid,ok,1,257
1914-08-17,war_risk,5,hostlev(0-5),cow_mid,ok,1,257
1914-08-17,war_risk_pprob,1.000,pseudo-prob,cow_mid,ok,1,257
1914-08-24,war_risk,5,hostlev(0-5),cow_mid,ok,1,257
1914-08-24,war_risk_pprob,1.000,pseudo-prob,cow_mid,ok,1,257
1914-08-31,war_risk,5,hostlev(0-5),cow_mid,ok,2,257|320
1914-08-31,war_risk_pprob,1.000,pseudo-prob,cow_mid,ok,2,257|320
1914-09-07,war_risk,5,hostlev(0-5),cow_mid,ok,2,257|320
1914-09-07,war_risk_pprob,1.000,pseudo-prob,cow_mid,ok,2,257|320
1914-09-14,war_risk,5,hostlev(0-5),cow_mid,ok,2,257|320
1914-09-14,war_risk_pprob,1.000,pseudo-prob,cow_mid,ok,2,257|320
1914-09-21,war_risk,5,hostlev(0-5),cow_mid,ok,2,257|320
1914-09-21,war_risk_pprob,1.000,pseudo-prob,cow_mid,ok,2,257|320
1914-09-28,war_risk,5,hostlev(0-5),cow_mid,ok,2,257|320
1914-09-28,war_risk_pprob,1.000,pseudo-prob,cow_mid,ok,2,257|320
1914-10-05,war_risk,5,hostlev(0-5),cow_mid,ok,2,257|320
1914-10-05,war_risk_pprob,1.000,pseudo-prob,cow_mid,ok,2,257|320
1914-10-12,war_risk,5,hostlev(0-5),cow_mid,ok,2,257|320
1914-10-12,war_risk_pprob,1.000,pseudo-prob,cow_mid,ok,2,257|320
1914-10-19,war_risk,5,hostlev(0-5),cow_mid,ok,2,257|320
1914-10-19,war_risk_pprob,1.000,pseudo-prob,cow_mid,ok,2,257|320
1914-10-26,war_risk,5,hostlev(0-5),cow_mid,ok,2,257|320
1914-10-26,war_risk_pprob,1.000,pseudo-prob,cow_mid,ok,2,257|320
1914-11-02,war_risk,5,hostlev(0-5),cow_mid,ok,2,257|320
1914-11-02,war_risk_pprob,1.000,pseudo-prob,cow_mid,ok,2,257|320
1914-11-09,war_risk,5,hostlev(0-5),cow_mid,ok,2,257|320
1914-11-09,war_risk_pprob,1.000,pseudo-prob,cow_mid,ok,2,257|320
1914-11-16,war_risk,5,hostlev(0-5),cow_mid,ok,2,257|320
1914-11-16,war_risk_pprob,1.000,pseudo-prob,cow_mid,ok,2,257|320
1914-11-23,war_risk,5,hostlev(0-5),cow_mid,ok,2,257|320
1914-11-23,war_risk_pprob,1.000,pseudo-prob,cow_mid,ok,2,257|320
1914-11-30,war_risk,5,hostlev(0-5),cow_mid,ok,2,257|320
1914-11-30,war_risk_pprob,1.000,pseudo-prob,cow_mid,ok,2,257|320
1914-12-07,war_risk,5,hostlev(0-5),cow_mid,ok,2,257|320
1914-12-07,war_risk_pprob,1.000,pseudo-prob,cow_mid,ok,2,257|320
1914-12-14,war_risk,5,hostlev(0-5),cow_mid,ok,2,257|320
1914-12-14,war_risk_pprob,1.000,pseudo-prob,cow_mid,ok,2,257|320
1914-12-21,war_risk,5,hostlev(0-5),cow_mid,ok,2,257|320
1914-12-21,war_risk_pprob,1.000,pseudo-prob,cow_mid,ok,2,257|320
1914-12-28,war_risk,5,hostlev(0-5),cow_mid,ok,2,257|320
1914-12-28,war_risk_pprob,1.000,pseudo-prob,cow_mid,ok,2,257|320
