date,series,value,unit,source,status,issuer_yield,benchmark_yield,fred_id,benchmark_id
1888-03-01,germany,95.00,bp,fred_nber,ok,3.6800,2.7300,M1328ADEM193NNBR,M1341CGB40000M156NNBR
1888-04-01,germany,92.00,bp,fred_nber,ok,3.6700,2.7500,M1328ADEM193NNBR,M1341CGB40000M156NNBR
1888-05-01,germany,89.00,bp,fred_nber,ok,3.6600,2.7700,M1328ADEM193NNBR,M1341CGB40000M156NNBR
1888-06-01,germany,88.00,bp,fred_nber,ok,3.6400,2.7600,M1328ADEM193NNBR,M1341CGB40000M156NNBR
1888-07-01,germany,86.00,bp,fred_nber,ok,3.6200,2.7600,M1328ADEM193NNBR,M1341CGB40000M156NNBR
1888-08-01,germany,84.00,bp,fred_nber,ok,3.6100,2.7700,M1328ADEM193NNBR,M1341CGB40000M156NNBR
1888-09-01,germany,81.00,bp,fred_nber,ok,3.6200,2.8100,M1328ADEM193NNBR,M1341CGB40000M156NNBR
1888-10-01,germany,79.00,bp,fred_nber,ok,3.6200,2.8300,M1328ADEM193NNBR,M1341CGB40000M156NNBR
1888-11-01,germany,79.00,bp,fred_nber,ok,3.6300,2.8400,M1328ADEM193NNBR,M1341CGB40000M156NNBR
1888-12-01,germany,78.00,bp,fred_nber,ok,3.6300,2.8500,M1328ADEM193NNBR,M1341CGB40000M156NNBR
1889-01-01,germany,83.00,bp,fred_nber,ok,3.6100,2.7800,M1328ADEM193NNBR,M1341CGB40000M156NNBR
1889-02-01,germany,82.00,bp,fred_nber,ok,3.6000,2.7800,M1328ADEM193NNBR,M1341CGB40000M156NNBR
1889-03-01,germany,78.00,bp,fred_nber,ok,3.5900,2.8100,M1328ADEM193NNBR,M1341CGB40000M156NNBR
1889-04-01,germany,81.00,bp,fred_nber,ok,3.6000,2.7900,M1328ADEM193NNBR,M1341CGB40000M156NNBR
1889-05-01,germany,82.00,bp,fred_nber,ok,3.6000,2.7800,M1328ADEM193NNBR,M1341CGB40000M156NNBR
1889-06-01,germany,80.00,bp,fred_nber,ok,3.6000,2.8000,M1328ADEM193NNBR,M1341CGB40000M156NNBR
1889-07-01,germany,81.00,bp,fred_nber,ok,3.6000,2.7900,M1328ADEM193NNBR,M1341CGB40000M156NNBR
1889-08-01,germany,79.00,bp,fred_nber,ok,3.5900,2.8000,M1328ADEM193NNBR,M1341CGB40000M156NNBR
1889-09-01,germany,77.00,bp,fred_nber,ok,3.6100,2.8400,M1328ADEM193NNBR,M1341CGB40000M156NNBR
1889-10-01,germany,78.00,bp,fred_nber,ok,3.6200,2.8400,M1328ADEM193NNBR,M1341CGB40000M156NNBR
1889-11-01,germany,81.00,bp,fred_nber,ok,3.6500,2.8400,M1328ADEM193NNBR,M1341CGB40000M156NNBR
1889-12-01,germany,80.00,bp,fred_nber,ok,3.6300,2.8300,M1328ADEM193NNBR,M1341CGB40000M156NNBR
1890-01-01,germany,79.00,bp,fred_nber,ok,3.6200,2.8300,M1328ADEM193NNBR,M1341CGB40000M156NNBR
1890-02-01,germany,81.00,bp,fred_nber,ok,3.6300,2.8200,M1328ADEM193NNBR,M1341CGB40000M156NNBR
1890-03-01,germany,83.00,bp,fred_nber,ok,3.6600,2.8300,M1328ADEM193NNBR,M1341CGB40000M156NNBR
1890-04-01,germany,84.00,bp,fred_nber,ok,3.6500,2.8100,M1328ADEM193NNBR,M1341CGB40000M156NNBR
1890-05-01,germany,85.00,bp,fred_nber,ok,3.6500,2.8000,M1328ADEM193NNBR,M1341CGB40000M156NNBR
1890-06-01,germany,84.00,bp,fred_nber,ok,3.6700,2.8300,M1328ADEM193NNBR,M1341CGB40000M156NNBR
1890-07-01,germany,81.00,bp,fred_nber,ok,3.6700,2.8600,M1328ADEM193NNBR,M1341CGB40000M156NNBR
1890-08-01,germany,82.00,bp,fred_nber,ok,3.6800,2.8600,M1328ADEM193NNBR,M1341CGB40000M156NNBR
1890-09-01,germany,80.00,bp,fred_nber,ok,3.6800,2.8800,M1328ADEM193NNBR,M1341CGB40000M156NNBR
1890-10-01,germany,79.00,bp,fred_nber,ok,3.7000,2.9100,M1328ADEM193NNBR,M1341CGB40000M156NNBR
1890-11-01,germany,80.00,bp,fred_nber,ok,3.7100,2.9100,M1328ADEM193NNBR,M1341CGB40000M156NNBR
1890-12-01,germany,84.00,bp,fred_nber,ok,3.7200,2.8800,M1328ADEM193NNBR,M1341CGB40000M156NNBR
1891-01-01,germany,82.00,bp,fred_nber,ok,3.6600,2.8400,M1328ADEM193NNBR,M1341CGB40000M156NNBR
1891-02-01,germany,85.00,bp,fred_nber,ok,3.6800,2.8300,M1328ADEM193NNBR,M1341CGB40000M156NNBR
1891-03-01,germany,85.00,bp,fred_nber,ok,3.6700,2.8200,M1328ADEM193NNBR,M1341CGB40000M156NNBR
1891-04-01,germany,82.00,bp,fred_nber,ok,3.6800,2.8600,M1328ADEM193NNBR,M1341CGB40000M156NNBR
1891-05-01,germany,82.00,bp,fred_nber,ok,3.7100,2.8900,M1328ADEM193NNBR,M1341CGB40000M156NNBR
1891-06-01,germany,80.00,bp,fred_nber,ok,3.6900,2.8900,M1328ADEM193NNBR,M1341CGB40000M156NNBR
1891-07-01,germany,84.00,bp,fred_nber,ok,3.7100,2.8700,M1328ADEM193NNBR,M1341CGB40000M156NNBR
1891-08-01,germany,89.00,bp,fred_nber,ok,3.7500,2.8600,M1328ADEM193NNBR,M1341CGB40000M156NNBR
1891-09-01,germany,84.00,bp,fred_nber,ok,3.7400,2.9000,M1328ADEM193NNBR,M1341CGB40000M156NNBR
1891-10-01,germany,84.00,bp,fred_nber,ok,3.7400,2.9000,M1328ADEM193NNBR,M1341CGB40000M156NNBR
1891-11-01,germany,84.00,bp,fred_nber,ok,3.7400,2.9000,M1328ADEM193NNBR,M1341CGB40000M156NNBR
1891-12-01,germany,84.00,bp,fred_nber,ok,3.7300,2.8900,M1328ADEM193NNBR,M1341CGB40000M156NNBR
1892-01-01,germany,85.00,bp,fred_nber,ok,3.7200,2.8700,M1328ADEM193NNBR,M1341CGB40000M156NNBR
1892-02-01,germany,85.00,bp,fred_nber,ok,3.7200,2.8700,M1328ADEM193NNBR,M1341CGB40000M156NNBR
1892-03-01,germany,83.00,bp,fred_nber,ok,3.7000,2.8700,M1328ADEM193NNBR,M1341CGB40000M156NNBR
1892-04-01,germany,82.00,bp,fred_nber,ok,3.6800,2.8600,M1328ADEM193NNBR,M1341CGB40000M156NNBR
1892-05-01,germany,85.00,bp,fred_nber,ok,3.6700,2.8200,M1328ADEM193NNBR,M1341CGB40000M156NNBR
1892-06-01,germany,81.00,bp,fred_nber,ok,3.6500,2.8400,M1328ADEM193NNBR,M1341CGB40000M156NNBR
1892-07-01,germany,80.00,bp,fred_nber,ok,3.6400,2.8400,M1328ADEM193NNBR,M1341CGB40000M156NNBR
1892-08-01,germany,81.00,bp,fred_nber,ok,3.6400,2.8300,M1328ADEM193NNBR,M1341CGB40000M156NNBR
1892-09-01,germany,81.00,bp,fred_nber,ok,3.6500,2.8400,M1328ADEM193NNBR,M1341CGB40000M156NNBR
1892-10-01,germany,80.00,bp,fred_nber,ok,3.6400,2.8400,M1328ADEM193NNBR,M1341CGB40000M156NNBR
1892-11-01,germany,84.00,bp,fred_nber,ok,3.6700,2.8300,M1328ADEM193NNBR,M1341CGB40000M156NNBR
1892-12-01,germany,85.00,bp,fred_nber,ok,3.6700,2.8200,M1328ADEM193NNBR,M1341CGB40000M156NNBR
1893-01-01,germany,85.00,bp,fred_nber,ok,3.6500,2.8000,M1328ADEM193NNBR,M1341CGB40000M156NNBR
1893-02-01,germany,84.00,bp,fred_nber,ok,3.6200,2.7800,M1328ADEM193NNBR,M1341CGB40000M156NNBR
1893-03-01,germany,82.00,bp,fred_nber,ok,3.6200,2.8000,M1328ADEM193NNBR,M1341CGB40000M156NNBR
1893-04-01,germany,85.00,bp,fred_nber,ok,3.6300,2.7800,M1328ADEM193NNBR,M1341CGB40000M156NNBR
1893-05-01,germany,85.00,bp,fred_nber,ok,3.6400,2.7900,M1328ADEM193NNBR,M1341CGB40000M156NNBR
1893-06-01,germany,86.00,bp,fred_nber,ok,3.6400,2.7800,M1328ADEM193NNBR,M1341CGB40000M156NNBR
1893-07-01,germany,87.00,bp,fred_nber,ok,3.6500,2.7800,M1328ADEM193NNBR,M1341CGB40000M156NNBR
1893-08-01,germany,87.00,bp,fred_nber,ok,3.6800,2.8100,M1328ADEM193NNBR,M1341CGB40000M156NNBR
1893-09-01,germany,91.00,bp,fred_nber,ok,3.6900,2.7800,M1328ADEM193NNBR,M1341CGB40000M156NNBR
1893-10-01,germany,89.00,bp,fred_nber,ok,3.6900,2.8000,M1328ADEM193NNBR,M1341CGB40000M156NNBR
1893-11-01,germany,90.00,bp,fred_nber,ok,3.7000,2.8000,M1328ADEM193NNBR,M1341CGB40000M156NNBR
1893-12-01,germany,88.00,bp,fred_nber,ok,3.6800,2.8000,M1328ADEM193NNBR,M1341CGB40000M156NNBR
1894-01-01,germany,89.00,bp,fred_nber,ok,3.6700,2.7800,M1328ADEM193NNBR,M1341CGB40000M156NNBR
1894-02-01,germany,88.00,bp,fred_nber,ok,3.6400,2.7600,M1328ADEM193NNBR,M1341CGB40000M156NNBR
1894-03-01,germany,87.00,bp,fred_nber,ok,3.6300,2.7600,M1328ADEM193NNBR,M1341CGB40000M156NNBR
1894-04-01,germany,86.00,bp,fred_nber,ok,3.6100,2.7500,M1328ADEM193NNBR,M1341CGB40000M156NNBR
1894-05-01,germany,86.00,bp,fred_nber,ok,3.6000,2.7400,M1328ADEM193NNBR,M1341CGB40000M156NNBR
1894-06-01,germany,84.00,bp,fred_nber,ok,3.5600,2.7200,M1328ADEM193NNBR,M1341CGB40000M156NNBR
1894-07-01,germany,82.00,bp,fred_nber,ok,3.5300,2.7100,M1328ADEM193NNBR,M1341CGB40000M156NNBR
1894-08-01,germany,84.00,bp,fred_nber,ok,3.5300,2.6900,M1328ADEM193NNBR,M1341CGB40000M156NNBR
1894-09-01,germany,78.00,bp,fred_nber,ok,3.4700,2.6900,M1328ADEM193NNBR,M1341CGB40000M156NNBR
1894-10-01,germany,77.00,bp,fred_nber,ok,3.4800,2.7100,M1328ADEM193NNBR,M1341CGB40000M156NNBR
1894-11-01,germany,79.00,bp,fred_nber,ok,3.4700,2.6800,M1328ADEM193NNBR,M1341CGB40000M156NNBR
1894-12-01,germany,79.00,bp,fred_nber,ok,3.4600,2.6700,M1328ADEM193NNBR,M1341CGB40000M156NNBR
1895-01-01,germany,78.00,bp,fred_nber,ok,3.4100,2.6300,M1328ADEM193NNBR,M1341CGB40000M156NNBR
1895-02-01,germany,75.00,bp,fred_nber,ok,3.3900,2.6400,M1328ADEM193NNBR,M1341CGB40000M156NNBR
1895-03-01,germany,75.00,bp,fred_nber,ok,3.3800,2.6300,M1328ADEM193NNBR,M1341CGB40000M156NNBR
1895-04-01,germany,76.00,bp,fred_nber,ok,3.3800,2.6200,M1328ADEM193NNBR,M1341CGB40000M156NNBR
1895-05-01,germany,77.00,bp,fred_nber,ok,3.3700,2.6000,M1328ADEM193NNBR,M1341CGB40000M156NNBR
1895-06-01,germany,77.00,bp,fred_nber,ok,3.3500,2.5800,M1328ADEM193NNBR,M1341CGB40000M156NNBR
1895-07-01,germany,79.00,bp,fred_nber,ok,3.3500,2.5600,M1328ADEM193NNBR,M1341CGB40000M156NNBR
1895-08-01,germany,78.00,bp,fred_nber,ok,3.3400,2.5600,M1328ADEM193NNBR,M1341CGB40000M156NNBR
1895-09-01,germany,80.00,bp,fred_nber,ok,3.3500,2.5500,M1328ADEM193NNBR,M1341CGB40000M156NNBR
1895-10-01,germany,80.00,bp,fred_nber,ok,3.3600,2.5600,M1328ADEM193NNBR,M1341CGB40000M156NNBR
1895-11-01,germany,78.00,bp,fred_nber,ok,3.3600,2.5800,M1328ADEM193NNBR,M1341CGB40000M156NNBR
1895-12-01,germany,77.00,bp,fred_nber,ok,3.3500,2.5800,M1328ADEM193NNBR,M1341CGB40000M156NNBR
1896-01-01,germany,78.00,bp,fred_nber,ok,3.3500,2.5700,M1328ADEM193NNBR,M1341CGB40000M156NNBR
1896-02-01,germany,81.00,bp,fred_nber,ok,3.3400,2.5300,M1328ADEM193NNBR,M1341CGB40000M156NNBR
1896-03-01,germany,83.00,bp,fred_nber,ok,3.3400,2.5100,M1328ADEM193NNBR,M1341CGB40000M156NNBR
1896-04-01,germany,87.00,bp,fred_nber,ok,3.3400,2.4700,M1328ADEM193NNBR,M1341CGB40000M156NNBR
1896-05-01,germany,89.00,bp,fred_nber,ok,3.3400,2.4500,M1328ADEM193NNBR,M1341CGB40000M156NNBR
1896-06-01,germany,91.00,bp,fred_nber,ok,3.3400,2.4300,M1328ADEM193NNBR,M1341CGB40000M156NNBR
1896-07-01,germany,91.00,bp,fred_nber,ok,3.3300,2.4200,M1328ADEM193NNBR,M1341CGB40000M156NNBR
1896-08-01,germany,90.00,bp,fred_nber,ok,3.3300,2.4300,M1328ADEM193NNBR,M1341CGB40000M156NNBR
1896-09-01,germany,86.00,bp,fred_nber,ok,3.3400,2.4800,M1328ADEM193NNBR,M1341CGB40000M156NNBR
1896-10-01,germany,82.00,bp,fred_nber,ok,3.3500,2.5300,M1328ADEM193NNBR,M1341CGB40000M156NNBR
1896-11-01,germany,87.00,bp,fred_nber,ok,3.3600,2.4900,M1328ADEM193NNBR,M1341CGB40000M156NNBR
1896-12-01,germany,88.00,bp,fred_nber,ok,3.3500,2.4700,M1328ADEM193NNBR,M1341CGB40000M156NNBR
1897-01-01,germany,89.00,bp,fred_nber,ok,3.3500,2.4600,M1328ADEM193NNBR,M1341CGB40000M156NNBR
1897-02-01,germany,92.00,bp,fred_nber,ok,3.3600,2.4400,M1328ADEM193NNBR,M1341CGB40000M156NNBR
1897-03-01,germany,90.00,bp,fred_nber,ok,3.3600,2.4600,M1328ADEM193NNBR,M1341CGB40000M156NNBR
1897-04-01,germany,89.00,bp,fred_nber,ok,3.3500,2.4600,M1328ADEM193NNBR,M1341CGB40000M156NNBR
1897-05-01,germany,92.00,bp,fred_nber,ok,3.3500,2.4300,M1328ADEM193NNBR,M1341CGB40000M156NNBR
1897-06-01,germany,91.00,bp,fred_nber,ok,3.3500,2.4400,M1328ADEM193NNBR,M1341CGB40000M156NNBR
1897-07-01,germany,91.00,bp,fred_nber,ok,3.3500,2.4400,M1328ADEM193NNBR,M1341CGB40000M156NNBR
1897-08-01,germany,91.00,bp,fred_nber,ok,3.3500,2.4400,M1328ADEM193NNBR,M1341CGB40000M156NNBR
1897-09-01,germany,90.00,bp,fred_nber,ok,3.3700,2.4700,M1328ADEM193NNBR,M1341CGB40000M156NNBR
1897-10-01,germany,92.00,bp,fred_nber,ok,3.3800,2.4600,M1328ADEM193NNBR,M1341CGB40000M156NNBR
1897-11-01,germany,94.00,bp,fred_nber,ok,3.3800,2.4400,M1328ADEM193NNBR,M1341CGB40000M156NNBR
1897-12-01,germany,94.00,bp,fred_nber,ok,3.3800,2.4400,M1328ADEM193NNBR,M1341CGB40000M156NNBR
1898-01-01,france,134.00,bp,fred_nber,ok,3.7800,2.4400,M13027FRM156NNBR,M1341CGB40000M156NNBR
1898-01-01,germany,93.00,bp,fred_nber,ok,3.3700,2.4400,M1328ADEM193NNBR,M1341CGB40000M156NNBR
1898-02-01,france,134.00,bp,fred_nber,ok,3.7800,2.4400,M13027FRM156NNBR,M1341CGB40000M156NNBR
1898-02-01,germany,93.00,bp,fred_nber,ok,3.3700,2.4400,M1328ADEM193NNBR,M1341CGB40000M156NNBR
1898-03-01,france,132.00,bp,fred_nber,ok,3.7800,2.4600,M13027FRM156NNBR,M1341CGB40000M156NNBR
1898-03-01,germany,91.00,bp,fred_nber,ok,3.3700,2.4600,M1328ADEM193NNBR,M1341CGB40000M156NNBR
1898-04-01,france,135.00,bp,fred_nber,ok,3.8300,2.4800,M13027FRM156NNBR,M1341CGB40000M156NNBR
1898-04-01,germany,91.00,bp,fred_nber,ok,3.3900,2.4800,M1328ADEM193NNBR,M1341CGB40000M156NNBR
1898-05-01,france,135.00,bp,fred_nber,ok,3.8300,2.4800,M13027FRM156NNBR,M1341CGB40000M156NNBR
1898-05-01,germany,92.00,bp,fred_nber,ok,3.4000,2.4800,M1328ADEM193NNBR,M1341CGB40000M156NNBR
1898-06-01,france,136.00,bp,fred_nber,ok,3.8300,2.4700,M13027FRM156NNBR,M1341CGB40000M156NNBR
1898-06-01,germany,94.00,bp,fred_nber,ok,3.4100,2.4700,M1328ADEM193NNBR,M1341CGB40000M156NNBR
1898-07-01,france,121.00,bp,fred_nber,ok,3.6800,2.4700,M13027FRM156NNBR,M1341CGB40000M156NNBR
1898-07-01,germany,95.00,bp,fred_nber,ok,3.4200,2.4700,M1328ADEM193NNBR,M1341CGB40000M156NNBR
1898-08-01,france,120.00,bp,fred_nber,ok,3.6800,2.4800,M13027FRM156NNBR,M1341CGB40000M156NNBR
1898-08-01,germany,95.00,bp,fred_nber,ok,3.4300,2.4800,M1328ADEM193NNBR,M1341CGB40000M156NNBR
1898-09-01,france,118.00,bp,fred_nber,ok,3.6800,2.5000,M13027FRM156NNBR,M1341CGB40000M156NNBR
1898-09-01,germany,95.00,bp,fred_nber,ok,3.4500,2.5000,M1328ADEM193NNBR,M1341CGB40000M156NNBR
1898-10-01,france,116.00,bp,fred_nber,ok,3.6800,2.5200,M13027FRM156NNBR,M1341CGB40000M156NNBR
1898-10-01,germany,93.00,bp,fred_nber,ok,3.4500,2.5200,M1328ADEM193NNBR,M1341CGB40000M156NNBR
1898-11-01,france,118.00,bp,fred_nber,ok,3.6800,2.5000,M13027FRM156NNBR,M1341CGB40000M156NNBR
1898-11-01,germany,95.00,bp,fred_nber,ok,3.4500,2.5000,M1328ADEM193NNBR,M1341CGB40000M156NNBR
1898-12-01,france,119.00,bp,fred_nber,ok,3.6800,2.4900,M13027FRM156NNBR,M1341CGB40000M156NNBR
1898-12-01,germany,96.00,bp,fred_nber,ok,3.4500,2.4900,M1328ADEM193NNBR,M1341CGB40000M156NNBR
1899-01-01,france,130.00,bp,fred_nber,ok,3.7800,2.4800,M13027FRM156NNBR,M1341CGB40000M156NNBR
1899-01-01,germany,100.00,bp,fred_nber,ok,3.4800,2.4800,M1328ADEM193NNBR,M1341CGB40000M156NNBR
1899-02-01,france,118.00,bp,fred_nber,ok,3.6500,2.4700,M13027FRM156NNBR,M1341CGB40000M156NNBR
1899-02-01,germany,101.00,bp,fred_nber,ok,3.4800,2.4700,M1328ADEM193NNBR,M1341CGB40000M156NNBR
1899-03-01,france,116.00,bp,fred_nber,ok,3.6500,2.4900,M13027FRM156NNBR,M1341CGB40000M156NNBR
1899-03-01,germany,100.00,bp,fred_nber,ok,3.4900,2.4900,M1328ADEM193NNBR,M1341CGB40000M156NNBR
1899-04-01,france,111.00,bp,fred_nber,ok,3.6000,2.4900,M13027FRM156NNBR,M1341CGB40000M156NNBR
1899-04-01,germany,101.00,bp,fred_nber,ok,3.5000,2.4900,M1328ADEM193NNBR,M1341CGB40000M156NNBR
1899-05-01,france,119.00,bp,fred_nber,ok,3.6900,2.5000,M13027FRM156NNBR,M1341CGB40000M156NNBR
1899-05-01,germany,100.00,bp,fred_nber,ok,3.5000,2.5000,M1328ADEM193NNBR,M1341CGB40000M156NNBR
1899-06-01,france,130.00,bp,fred_nber,ok,3.8400,2.5400,M13027FRM156NNBR,M1341CGB40000M156NNBR
1899-06-01,germany,100.00,bp,fred_nber,ok,3.5400,2.5400,M1328ADEM193NNBR,M1341CGB40000M156NNBR
1899-07-01,france,130.00,bp,fred_nber,ok,3.8800,2.5800,M13027FRM156NNBR,M1341CGB40000M156NNBR
1899-07-01,germany,97.00,bp,fred_nber,ok,3.5500,2.5800,M1328ADEM193NNBR,M1341CGB40000M156NNBR
1899-08-01,france,128.00,bp,fred_nber,ok,3.8800,2.6000,M13027FRM156NNBR,M1341CGB40000M156NNBR
1899-08-01,germany,98.00,bp,fred_nber,ok,3.5800,2.6000,M1328ADEM193NNBR,M1341CGB40000M156NNBR
1899-09-01,france,120.00,bp,fred_nber,ok,3.8300,2.6300,M13027FRM156NNBR,M1341CGB40000M156NNBR
1899-09-01,germany,98.00,bp,fred_nber,ok,3.6100,2.6300,M1328ADEM193NNBR,M1341CGB40000M156NNBR
1899-10-01,france,109.00,bp,fred_nber,ok,3.7400,2.6500,M13027FRM156NNBR,M1341CGB40000M156NNBR
1899-10-01,germany,93.00,bp,fred_nber,ok,3.5800,2.6500,M1328ADEM193NNBR,M1341CGB40000M156NNBR
1899-11-01,france,101.00,bp,fred_nber,ok,3.7800,2.7700,M13027FRM156NNBR,M1341CGB40000M156NNBR
1899-11-01,germany,82.00,bp,fred_nber,ok,3.5900,2.7700,M1328ADEM193NNBR,M1341CGB40000M156NNBR
1899-12-01,france,114.00,bp,fred_nber,ok,3.8800,2.7400,M13027FRM156NNBR,M1341CGB40000M156NNBR
1899-12-01,germany,87.00,bp,fred_nber,ok,3.6100,2.7400,M1328ADEM193NNBR,M1341CGB40000M156NNBR
1900-01-01,france,108.00,bp,fred_nber,ok,3.8300,2.7500,M13027FRM156NNBR,M1341CGB40000M156NNBR
1900-01-01,germany,87.00,bp,fred_nber,ok,3.6200,2.7500,M1328ADEM193NNBR,M1341CGB40000M156NNBR
1900-02-01,france,98.00,bp,fred_nber,ok,3.7000,2.7200,M13027FRM156NNBR,M1341CGB40000M156NNBR
1900-02-01,germany,93.00,bp,fred_nber,ok,3.6500,2.7200,M1328ADEM193NNBR,M1341CGB40000M156NNBR
1900-03-01,france,102.00,bp,fred_nber,ok,3.7400,2.7200,M13027FRM156NNBR,M1341CGB40000M156NNBR
1900-03-01,germany,95.00,bp,fred_nber,ok,3.6700,2.7200,M1328ADEM193NNBR,M1341CGB40000M156NNBR
1900-04-01,france,98.00,bp,fred_nber,ok,3.7000,2.7200,M13027FRM156NNBR,M1341CGB40000M156NNBR
1900-04-01,germany,97.00,bp,fred_nber,ok,3.6900,2.7200,M1328ADEM193NNBR,M1341CGB40000M156NNBR
1900-05-01,france,106.00,bp,fred_nber,ok,3.7800,2.7200,M13027FRM156NNBR,M1341CGB40000M156NNBR
1900-05-01,germany,95.00,bp,fred_nber,ok,3.6700,2.7200,M1328ADEM193NNBR,M1341CGB40000M156NNBR
1900-06-01,france,118.00,bp,fred_nber,ok,3.8900,2.7100,M13027FRM156NNBR,M1341CGB40000M156NNBR
1900-06-01,germany,96.00,bp,fred_nber,ok,3.6700,2.7100,M1328ADEM193NNBR,M1341CGB40000M156NNBR
1900-07-01,france,119.00,bp,fred_nber,ok,3.9800,2.7900,M13027FRM156NNBR,M1341CGB40000M156NNBR
1900-07-01,germany,92.00,bp,fred_nber,ok,3.7100,2.7900,M1328ADEM193NNBR,M1341CGB40000M156NNBR
1900-08-01,france,108.00,bp,fred_nber,ok,3.8800,2.8000,M13027FRM156NNBR,M1341CGB40000M156NNBR
1900-08-01,germany,90.00,bp,fred_nber,ok,3.7000,2.8000,M1328ADEM193NNBR,M1341CGB40000M156NNBR
1900-09-01,france,114.00,bp,fred_nber,ok,3.9300,2.7900,M13027FRM156NNBR,M1341CGB40000M156NNBR
1900-09-01,germany,94.00,bp,fred_nber,ok,3.7300,2.7900,M1328ADEM193NNBR,M1341CGB40000M156NNBR
1900-10-01,france,125.00,bp,fred_nber,ok,4.0400,2.7900,M13027FRM156NNBR,M1341CGB40000M156NNBR
1900-10-01,germany,89.00,bp,fred_nber,ok,3.6800,2.7900,M1328ADEM193NNBR,M1341CGB40000M156NNBR
1900-11-01,france,119.00,bp,fred_nber,ok,3.9800,2.7900,M13027FRM156NNBR,M1341CGB40000M156NNBR
1900-11-01,germany,90.00,bp,fred_nber,ok,3.6900,2.7900,M1328ADEM193NNBR,M1341CGB40000M156NNBR
1900-12-01,france,101.00,bp,fred_nber,ok,3.8300,2.8200,M13027FRM156NNBR,M1341CGB40000M156NNBR
1900-12-01,germany,88.00,bp,fred_nber,ok,3.7000,2.8200,M1328ADEM193NNBR,M1341CGB40000M156NNBR
1901-01-01,france,89.00,bp,fred_nber,ok,3.7300,2.8400,M13027FRM156NNBR,M1341CGB40000M156NNBR
1901-01-01,germany,86.00,bp,fred_nber,ok,3.7000,2.8400,M1328ADEM193NNBR,M1341CGB40000M156NNBR
1901-02-01,france,85.00,bp,fred_nber,ok,3.6800,2.8300,M13027FRM156NNBR,M1341CGB40000M156NNBR
1901-02-01,germany,85.00,bp,fred_nber,ok,3.6800,2.8300,M1328ADEM193NNBR,M1341CGB40000M156NNBR
1901-03-01,france,82.00,bp,fred_nber,ok,3.6800,2.8600,M13027FRM156NNBR,M1341CGB40000M156NNBR
1901-03-01,germany,81.00,bp,fred_nber,ok,3.6700,2.8600,M1328ADEM193NNBR,M1341CGB40000M156NNBR
1901-04-01,france,74.00,bp,fred_nber,ok,3.6300,2.8900,M13027FRM156NNBR,M1341CGB40000M156NNBR
1901-04-01,germany,79.00,bp,fred_nber,ok,3.6800,2.8900,M1328ADEM193NNBR,M1341CGB40000M156NNBR
1901-05-01,france,71.00,bp,fred_nber,ok,3.6300,2.9200,M13027FRM156NNBR,M1341CGB40000M156NNBR
1901-05-01,germany,76.00,bp,fred_nber,ok,3.6800,2.9200,M1328ADEM193NNBR,M1341CGB40000M156NNBR
1901-06-01,france,79.00,bp,fred_nber,ok,3.7300,2.9400,M13027FRM156NNBR,M1341CGB40000M156NNBR
1901-06-01,germany,69.00,bp,fred_nber,ok,3.6300,2.9400,M1328ADEM193NNBR,M1341CGB40000M156NNBR
1901-07-01,france,82.00,bp,fred_nber,ok,3.7800,2.9600,M13027FRM156NNBR,M1341CGB40000M156NNBR
1901-07-01,germany,65.00,bp,fred_nber,ok,3.6100,2.9600,M1328ADEM193NNBR,M1341CGB40000M156NNBR
1901-08-01,france,86.00,bp,fred_nber,ok,3.7800,2.9200,M13027FRM156NNBR,M1341CGB40000M156NNBR
1901-08-01,germany,69.00,bp,fred_nber,ok,3.6100,2.9200,M1328ADEM193NNBR,M1341CGB40000M156NNBR
1901-09-01,france,89.00,bp,fred_nber,ok,3.8300,2.9400,M13027FRM156NNBR,M1341CGB40000M156NNBR
1901-09-01,germany,69.00,bp,fred_nber,ok,3.6300,2.9400,M1328ADEM193NNBR,M1341CGB40000M156NNBR
1901-10-01,france,94.00,bp,fred_nber,ok,3.9000,2.9600,M13027FRM156NNBR,M1341CGB40000M156NNBR
1901-10-01,germany,68.00,bp,fred_nber,ok,3.6400,2.9600,M1328ADEM193NNBR,M1341CGB40000M156NNBR
1901-11-01,france,90.00,bp,fred_nber,ok,3.9000,3.0000,M13027FRM156NNBR,M1341CGB40000M156NNBR
1901-11-01,germany,63.00,bp,fred_nber,ok,3.6300,3.0000,M1328ADEM193NNBR,M1341CGB40000M156NNBR
1901-12-01,france,94.00,bp,fred_nber,ok,3.9000,2.9600,M13027FRM156NNBR,M1341CGB40000M156NNBR
1901-12-01,germany,66.00,bp,fred_nber,ok,3.6200,2.9600,M1328ADEM193NNBR,M1341CGB40000M156NNBR
1902-01-01,france,80.00,bp,fred_nber,ok,3.7300,2.9300,M13027FRM156NNBR,M1341CGB40000M156NNBR
1902-01-01,germany,64.00,bp,fred_nber,ok,3.5700,2.9300,M1328ADEM193NNBR,M1341CGB40000M156NNBR
1902-02-01,france,82.00,bp,fred_nber,ok,3.7300,2.9100,M13027FRM156NNBR,M1341CGB40000M156NNBR
1902-02-01,germany,61.00,bp,fred_nber,ok,3.5200,2.9100,M1328ADEM193NNBR,M1341CGB40000M156NNBR
1902-03-01,france,74.00,bp,fred_nber,ok,3.6700,2.9300,M13027FRM156NNBR,M1341CGB40000M156NNBR
1902-03-01,germany,58.00,bp,fred_nber,ok,3.5100,2.9300,M1328ADEM193NNBR,M1341CGB40000M156NNBR
1902-04-01,france,81.00,bp,fred_nber,ok,3.7300,2.9200,M13027FRM156NNBR,M1341CGB40000M156NNBR
1902-04-01,germany,60.00,bp,fred_nber,ok,3.5200,2.9200,M1328ADEM193NNBR,M1341CGB40000M156NNBR
1902-05-01,france,90.00,bp,fred_nber,ok,3.7800,2.8800,M13027FRM156NNBR,M1341CGB40000M156NNBR
1902-05-01,germany,63.00,bp,fred_nber,ok,3.5100,2.8800,M1328ADEM193NNBR,M1341CGB40000M156NNBR
1902-06-01,france,99.00,bp,fred_nber,ok,3.8300,2.8400,M13027FRM156NNBR,M1341CGB40000M156NNBR
1902-06-01,germany,68.00,bp,fred_nber,ok,3.5200,2.8400,M1328ADEM193NNBR,M1341CGB40000M156NNBR
1902-07-01,france,100.00,bp,fred_nber,ok,3.9000,2.9000,M13027FRM156NNBR,M1341CGB40000M156NNBR
1902-07-01,germany,60.00,bp,fred_nber,ok,3.5000,2.9000,M1328ADEM193NNBR,M1341CGB40000M156NNBR
1902-08-01,france,106.00,bp,fred_nber,ok,3.9600,2.9000,M13027FRM156NNBR,M1341CGB40000M156NNBR
1902-08-01,germany,61.00,bp,fred_nber,ok,3.5100,2.9000,M1328ADEM193NNBR,M1341CGB40000M156NNBR
1902-09-01,france,100.00,bp,fred_nber,ok,3.9600,2.9600,M13027FRM156NNBR,M1341CGB40000M156NNBR
1902-09-01,germany,56.00,bp,fred_nber,ok,3.5200,2.9600,M1328ADEM193NNBR,M1341CGB40000M156NNBR
1902-10-01,france,100.00,bp,fred_nber,ok,3.9600,2.9600,M13027FRM156NNBR,M1341CGB40000M156NNBR
1902-10-01,germany,57.00,bp,fred_nber,ok,3.5300,2.9600,M1328ADEM193NNBR,M1341CGB40000M156NNBR
1902-11-01,france,100.00,bp,fred_nber,ok,3.9600,2.9600,M13027FRM156NNBR,M1341CGB40000M156NNBR
1902-11-01,germany,58.00,bp,fred_nber,ok,3.5400,2.9600,M1328ADEM193NNBR,M1341CGB40000M156NNBR
1902-12-01,france,99.00,bp,fred_nber,ok,3.9600,2.9700,M13027FRM156NNBR,M1341CGB40000M156NNBR
1902-12-01,germany,56.00,bp,fred_nber,ok,3.5300,2.9700,M1328ADEM193NNBR,M1341CGB40000M156NNBR
1903-01-01,france,101.00,bp,fred_nber,ok,3.9600,2.9500,M13027FRM156NNBR,M1341CGB40000M156NNBR
1903-01-01,germany,56.00,bp,fred_nber,ok,3.5100,2.9500,M1328ADEM193NNBR,M1341CGB40000M156NNBR
1903-02-01,france,94.00,bp,fred_nber,ok,3.9000,2.9600,M13027FRM156NNBR,M1341CGB40000M156NNBR
1903-02-01,germany,54.00,bp,fred_nber,ok,3.5000,2.9600,M1328ADEM193NNBR,M1341CGB40000M156NNBR
1903-03-01,france,88.00,bp,fred_nber,ok,3.9000,3.0200,M13027FRM156NNBR,M1341CGB40000M156NNBR
1903-03-01,germany,48.00,bp,fred_nber,ok,3.5000,3.0200,M1328ADEM193NNBR,M1341CGB40000M156NNBR
1903-04-01,france,128.00,bp,fred_nber,ok,4.0700,2.7900,M13027FRM156NNBR,M1341CGB40000M156NNBR
1903-04-01,germany,71.00,bp,fred_nber,ok,3.5000,2.7900,M1328ADEM193NNBR,M1341CGB40000M156NNBR
1903-05-01,france,135.00,bp,fred_nber,ok,4.0700,2.7200,M13027FRM156NNBR,M1341CGB40000M156NNBR
1903-05-01,germany,80.00,bp,fred_nber,ok,3.5200,2.7200,M1328ADEM193NNBR,M1341CGB40000M156NNBR
1903-06-01,france,139.00,bp,fred_nber,ok,4.1300,2.7400,M13027FRM156NNBR,M1341CGB40000M156NNBR
1903-06-01,germany,78.00,bp,fred_nber,ok,3.5200,2.7400,M1328ADEM193NNBR,M1341CGB40000M156NNBR
1903-07-01,france,142.00,bp,fred_nber,ok,4.1300,2.7100,M13027FRM156NNBR,M1341CGB40000M156NNBR
1903-07-01,germany,82.00,bp,fred_nber,ok,3.5300,2.7100,M1328ADEM193NNBR,M1341CGB40000M156NNBR
1903-08-01,france,132.00,bp,fred_nber,ok,4.0700,2.7500,M13027FRM156NNBR,M1341CGB40000M156NNBR
1903-08-01,germany,81.00,bp,fred_nber,ok,3.5600,2.7500,M1328ADEM193NNBR,M1341CGB40000M156NNBR
1903-09-01,france,126.00,bp,fred_nber,ok,4.0700,2.8100,M13027FRM156NNBR,M1341CGB40000M156NNBR
1903-09-01,germany,75.00,bp,fred_nber,ok,3.5600,2.8100,M1328ADEM193NNBR,M1341CGB40000M156NNBR
1903-10-01,france,118.00,bp,fred_nber,ok,4.0000,2.8200,M13027FRM156NNBR,M1341CGB40000M156NNBR
1903-10-01,germany,72.00,bp,fred_nber,ok,3.5400,2.8200,M1328ADEM193NNBR,M1341CGB40000M156NNBR
1903-11-01,france,124.00,bp,fred_nber,ok,4.0700,2.8300,M13027FRM156NNBR,M1341CGB40000M156NNBR
1903-11-01,germany,71.00,bp,fred_nber,ok,3.5400,2.8300,M1328ADEM193NNBR,M1341CGB40000M156NNBR
1903-12-01,france,136.00,bp,fred_nber,ok,4.1800,2.8200,M13027FRM156NNBR,M1341CGB40000M156NNBR
1903-12-01,germany,71.00,bp,fred_nber,ok,3.5300,2.8200,M1328ADEM193NNBR,M1341CGB40000M156NNBR
1904-01-01,france,146.00,bp,fred_nber,ok,4.3100,2.8500,M13027FRM156NNBR,M1341CGB40000M156NNBR
1904-01-01,germany,67.00,bp,fred_nber,ok,3.5200,2.8500,M1328ADEM193NNBR,M1341CGB40000M156NNBR
1904-02-01,france,150.00,bp,fred_nber,ok,4.3800,2.8800,M13027FRM156NNBR,M1341CGB40000M156NNBR
1904-02-01,germany,69.00,bp,fred_nber,ok,3.5700,2.8800,M1328ADEM193NNBR,M1341CGB40000M156NNBR
1904-03-01,france,139.00,bp,fred_nber,ok,4.3000,2.9100,M13027FRM156NNBR,M1341CGB40000M156NNBR
1904-03-01,germany,64.00,bp,fred_nber,ok,3.5500,2.9100,M1328ADEM193NNBR,M1341CGB40000M156NNBR
1904-04-01,france,141.00,bp,fred_nber,ok,4.2500,2.8400,M13027FRM156NNBR,M1341CGB40000M156NNBR
1904-04-01,germany,72.00,bp,fred_nber,ok,3.5600,2.8400,M1328ADEM193NNBR,M1341CGB40000M156NNBR
1904-05-01,france,165.00,bp,fred_nber,ok,4.4300,2.7800,M13027FRM156NNBR,M1341CGB40000M156NNBR
1904-05-01,germany,79.00,bp,fred_nber,ok,3.5700,2.7800,M1328ADEM193NNBR,M1341CGB40000M156NNBR
1904-06-01,france,159.00,bp,fred_nber,ok,4.3600,2.7700,M13027FRM156NNBR,M1341CGB40000M156NNBR
1904-06-01,germany,79.00,bp,fred_nber,ok,3.5600,2.7700,M1328ADEM193NNBR,M1341CGB40000M156NNBR
1904-07-01,france,156.00,bp,fred_nber,ok,4.3600,2.8000,M13027FRM156NNBR,M1341CGB40000M156NNBR
1904-07-01,germany,77.00,bp,fred_nber,ok,3.5700,2.8000,M1328ADEM193NNBR,M1341CGB40000M156NNBR
1904-08-01,france,146.00,bp,fred_nber,ok,4.3000,2.8400,M13027FRM156NNBR,M1341CGB40000M156NNBR
1904-08-01,germany,73.00,bp,fred_nber,ok,3.5700,2.8400,M1328ADEM193NNBR,M1341CGB40000M156NNBR
1904-09-01,france,134.00,bp,fred_nber,ok,4.1700,2.8300,M13027FRM156NNBR,M1341CGB40000M156NNBR
1904-09-01,germany,74.00,bp,fred_nber,ok,3.5700,2.8300,M1328ADEM193NNBR,M1341CGB40000M156NNBR
1904-10-01,france,117.00,bp,fred_nber,ok,4.0000,2.8300,M13027FRM156NNBR,M1341CGB40000M156NNBR
1904-10-01,germany,76.00,bp,fred_nber,ok,3.5900,2.8300,M1328ADEM193NNBR,M1341CGB40000M156NNBR
1904-11-01,france,116.00,bp,fred_nber,ok,4.0000,2.8400,M13027FRM156NNBR,M1341CGB40000M156NNBR
1904-11-01,germany,74.00,bp,fred_nber,ok,3.5800,2.8400,M1328ADEM193NNBR,M1341CGB40000M156NNBR
1904-12-01,france,116.00,bp,fred_nber,ok,4.0000,2.8400,M13027FRM156NNBR,M1341CGB40000M156NNBR
1904-12-01,germany,74.00,bp,fred_nber,ok,3.5800,2.8400,M1328ADEM193NNBR,M1341CGB40000M156NNBR
1905-01-01,france,116.00,bp,fred_nber,ok,3.9900,2.8300,M13027FRM156NNBR,M1341CGB40000M156NNBR
1905-01-01,germany,74.00,bp,fred_nber,ok,3.5700,2.8300,M1328ADEM193NNBR,M1341CGB40000M156NNBR
1905-02-01,france,110.00,bp,fred_nber,ok,3.8800,2.7800,M13027FRM156NNBR,M1341CGB40000M156NNBR
1905-02-01,germany,76.00,bp,fred_nber,ok,3.5400,2.7800,M1328ADEM193NNBR,M1341CGB40000M156NNBR
1905-03-01,france,120.00,bp,fred_nber,ok,3.9400,2.7400,M13027FRM156NNBR,M1341CGB40000M156NNBR
1905-03-01,germany,81.00,bp,fred_nber,ok,3.5500,2.7400,M1328ADEM193NNBR,M1341CGB40000M156NNBR
1905-04-01,france,123.00,bp,fred_nber,ok,3.9800,2.7500,M13027FRM156NNBR,M1341CGB40000M156NNBR
1905-04-01,germany,81.00,bp,fred_nber,ok,3.5600,2.7500,M1328ADEM193NNBR,M1341CGB40000M156NNBR
1905-05-01,france,116.00,bp,fred_nber,ok,3.9300,2.7700,M13027FRM156NNBR,M1341CGB40000M156NNBR
1905-05-01,germany,78.00,bp,fred_nber,ok,3.5500,2.7700,M1328ADEM193NNBR,M1341CGB40000M156NNBR
1905-06-01,france,121.00,bp,fred_nber,ok,3.9800,2.7700,M13027FRM156NNBR,M1341CGB40000M156NNBR
1905-06-01,germany,80.00,bp,fred_nber,ok,3.5700,2.7700,M1328ADEM193NNBR,M1341CGB40000M156NNBR
1905-07-01,france,116.00,bp,fred_nber,ok,3.9300,2.7700,M13027FRM156NNBR,M1341CGB40000M156NNBR
1905-07-01,germany,79.00,bp,fred_nber,ok,3.5600,2.7700,M1328ADEM193NNBR,M1341CGB40000M156NNBR
1905-08-01,france,107.00,bp,fred_nber,ok,3.8300,2.7600,M13027FRM156NNBR,M1341CGB40000M156NNBR
1905-08-01,germany,81.00,bp,fred_nber,ok,3.5700,2.7600,M1328ADEM193NNBR,M1341CGB40000M156NNBR
1905-09-01,france,105.00,bp,fred_nber,ok,3.8300,2.7800,M13027FRM156NNBR,M1341CGB40000M156NNBR
1905-09-01,germany,80.00,bp,fred_nber,ok,3.5800,2.7800,M1328ADEM193NNBR,M1341CGB40000M156NNBR
1905-10-01,france,101.00,bp,fred_nber,ok,3.8300,2.8200,M13027FRM156NNBR,M1341CGB40000M156NNBR
1905-10-01,germany,73.00,bp,fred_nber,ok,3.5500,2.8200,M1328ADEM193NNBR,M1341CGB40000M156NNBR
1905-11-01,france,111.00,bp,fred_nber,ok,3.9300,2.8200,M13027FRM156NNBR,M1341CGB40000M156NNBR
1905-11-01,germany,76.00,bp,fred_nber,ok,3.5800,2.8200,M1328ADEM193NNBR,M1341CGB40000M156NNBR
1905-12-01,france,134.00,bp,fred_nber,ok,4.1400,2.8000,M13027FRM156NNBR,M1341CGB40000M156NNBR
1905-12-01,germany,80.00,bp,fred_nber,ok,3.6000,2.8000,M1328ADEM193NNBR,M1341CGB40000M156NNBR
1906-01-01,france,139.00,bp,fred_nber,ok,4.1800,2.7900,M13027FRM156NNBR,M1341CGB40000M156NNBR
1906-01-01,germany,80.00,bp,fred_nber,ok,3.5900,2.7900,M1328ADEM193NNBR,M1341CGB40000M156NNBR
1906-02-01,france,131.00,bp,fred_nber,ok,4.0700,2.7600,M13027FRM156NNBR,M1341CGB40000M156NNBR
1906-02-01,germany,84.00,bp,fred_nber,ok,3.6000,2.7600,M1328ADEM193NNBR,M1341CGB40000M156NNBR
1906-03-01,france,130.00,bp,fred_nber,ok,4.0700,2.7700,M13027FRM156NNBR,M1341CGB40000M156NNBR
1906-03-01,germany,82.00,bp,fred_nber,ok,3.5900,2.7700,M1328ADEM193NNBR,M1341CGB40000M156NNBR
1906-04-01,france,137.00,bp,fred_nber,ok,4.1300,2.7600,M13027FRM156NNBR,M1341CGB40000M156NNBR
1906-04-01,germany,85.00,bp,fred_nber,ok,3.6100,2.7600,M1328ADEM193NNBR,M1341CGB40000M156NNBR
1906-05-01,france,134.00,bp,fred_nber,ok,4.1300,2.7900,M13027FRM156NNBR,M1341CGB40000M156NNBR
1906-05-01,germany,83.00,bp,fred_nber,ok,3.6200,2.7900,M1328ADEM193NNBR,M1341CGB40000M156NNBR
1906-06-01,france,135.00,bp,fred_nber,ok,4.1700,2.8200,M13027FRM156NNBR,M1341CGB40000M156NNBR
1906-06-01,germany,80.00,bp,fred_nber,ok,3.6200,2.8200,M1328ADEM193NNBR,M1341CGB40000M156NNBR
1906-07-01,france,143.00,bp,fred_nber,ok,4.2800,2.8500,M13027FRM156NNBR,M1341CGB40000M156NNBR
1906-07-01,germany,78.00,bp,fred_nber,ok,3.6300,2.8500,M1328ADEM193NNBR,M1341CGB40000M156NNBR
1906-08-01,france,122.00,bp,fred_nber,ok,4.0700,2.8500,M13027FRM156NNBR,M1341CGB40000M156NNBR
1906-08-01,germany,79.00,bp,fred_nber,ok,3.6400,2.8500,M1328ADEM193NNBR,M1341CGB40000M156NNBR
1906-09-01,france,123.00,bp,fred_nber,ok,4.1200,2.8900,M13027FRM156NNBR,M1341CGB40000M156NNBR
1906-09-01,germany,77.00,bp,fred_nber,ok,3.6600,2.8900,M1328ADEM193NNBR,M1341CGB40000M156NNBR
1906-10-01,france,116.00,bp,fred_nber,ok,4.0600,2.9000,M13027FRM156NNBR,M1341CGB40000M156NNBR
1906-10-01,germany,77.00,bp,fred_nber,ok,3.6700,2.9000,M1328ADEM193NNBR,M1341CGB40000M156NNBR
1906-11-01,france,112.00,bp,fred_nber,ok,4.0100,2.8900,M13027FRM156NNBR,M1341CGB40000M156NNBR
1906-11-01,germany,78.00,bp,fred_nber,ok,3.6700,2.8900,M1328ADEM193NNBR,M1341CGB40000M156NNBR
1906-12-01,france,121.00,bp,fred_nber,ok,4.1100,2.9000,M13027FRM156NNBR,M1341CGB40000M156NNBR
1906-12-01,germany,75.00,bp,fred_nber,ok,3.6500,2.9000,M1328ADEM193NNBR,M1341CGB40000M156NNBR
1907-01-01,france,113.00,bp,fred_nber,ok,4.0100,2.8800,M13027FRM156NNBR,M1341CGB40000M156NNBR
1907-01-01,germany,77.00,bp,fred_nber,ok,3.6500,2.8800,M1328ADEM193NNBR,M1341CGB40000M156NNBR
1907-02-01,france,109.00,bp,fred_nber,ok,3.9700,2.8800,M13027FRM156NNBR,M1341CGB40000M156NNBR
1907-02-01,germany,80.00,bp,fred_nber,ok,3.6800,2.8800,M1328ADEM193NNBR,M1341CGB40000M156NNBR
1907-03-01,france,124.00,bp,fred_nber,ok,4.1600,2.9200,M13027FRM156NNBR,M1341CGB40000M156NNBR
1907-03-01,germany,77.00,bp,fred_nber,ok,3.6900,2.9200,M1328ADEM193NNBR,M1341CGB40000M156NNBR
1907-04-01,france,125.00,bp,fred_nber,ok,4.1600,2.9100,M13027FRM156NNBR,M1341CGB40000M156NNBR
1907-04-01,germany,82.00,bp,fred_nber,ok,3.7300,2.9100,M1328ADEM193NNBR,M1341CGB40000M156NNBR
1907-05-01,france,131.00,bp,fred_nber,ok,4.2600,2.9500,M13027FRM156NNBR,M1341CGB40000M156NNBR
1907-05-01,germany,80.00,bp,fred_nber,ok,3.7500,2.9500,M1328ADEM193NNBR,M1341CGB40000M156NNBR
1907-06-01,france,139.00,bp,fred_nber,ok,4.3700,2.9800,M13027FRM156NNBR,M1341CGB40000M156NNBR
1907-06-01,germany,77.00,bp,fred_nber,ok,3.7500,2.9800,M1328ADEM193NNBR,M1341CGB40000M156NNBR
1907-07-01,france,133.00,bp,fred_nber,ok,4.3200,2.9900,M13027FRM156NNBR,M1341CGB40000M156NNBR
1907-07-01,germany,79.00,bp,fred_nber,ok,3.7800,2.9900,M1328ADEM193NNBR,M1341CGB40000M156NNBR
1907-08-01,france,128.00,bp,fred_nber,ok,4.3200,3.0400,M13027FRM156NNBR,M1341CGB40000M156NNBR
1907-08-01,germany,77.00,bp,fred_nber,ok,3.8100,3.0400,M1328ADEM193NNBR,M1341CGB40000M156NNBR
1907-09-01,france,127.00,bp,fred_nber,ok,4.3200,3.0500,M13027FRM156NNBR,M1341CGB40000M156NNBR
1907-09-01,germany,72.00,bp,fred_nber,ok,3.7700,3.0500,M1328ADEM193NNBR,M1341CGB40000M156NNBR
1907-10-01,france,136.00,bp,fred_nber,ok,4.3800,3.0200,M13027FRM156NNBR,M1341CGB40000M156NNBR
1907-10-01,germany,77.00,bp,fred_nber,ok,3.7900,3.0200,M1328ADEM193NNBR,M1341CGB40000M156NNBR
1907-11-01,france,133.00,bp,fred_nber,ok,4.3800,3.0500,M13027FRM156NNBR,M1341CGB40000M156NNBR
1907-11-01,germany,77.00,bp,fred_nber,ok,3.8200,3.0500,M1328ADEM193NNBR,M1341CGB40000M156NNBR
1907-12-01,france,130.00,bp,fred_nber,ok,4.3200,3.0200,M13027FRM156NNBR,M1341CGB40000M156NNBR
1907-12-01,germany,80.00,bp,fred_nber,ok,3.8200,3.0200,M1328ADEM193NNBR,M1341CGB40000M156NNBR
1908-01-01,france,126.00,bp,fred_nber,ok,4.2200,2.9600,M13027FRM156NNBR,M1341CGB40000M156NNBR
1908-01-01,germany,85.00,bp,fred_nber,ok,3.8100,2.9600,M1328ADEM193NNBR,M1341CGB40000M156NNBR
1908-02-01,france,129.00,bp,fred_nber,ok,4.1600,2.8700,M13027FRM156NNBR,M1341CGB40000M156NNBR
1908-02-01,germany,95.00,bp,fred_nber,ok,3.8200,2.8700,M1328ADEM193NNBR,M1341CGB40000M156NNBR
1908-03-01,france,130.00,bp,fred_nber,ok,4.1600,2.8600,M13027FRM156NNBR,M1341CGB40000M156NNBR
1908-03-01,germany,97.00,bp,fred_nber,ok,3.8300,2.8600,M1328ADEM193NNBR,M1341CGB40000M156NNBR
1908-04-01,france,129.00,bp,fred_nber,ok,4.1600,2.8700,M13027FRM156NNBR,M1341CGB40000M156NNBR
1908-04-01,germany,98.00,bp,fred_nber,ok,3.8500,2.8700,M1328ADEM193NNBR,M1341CGB40000M156NNBR
1908-05-01,france,133.00,bp,fred_nber,ok,4.2200,2.8900,M13027FRM156NNBR,M1341CGB40000M156NNBR
1908-05-01,germany,93.00,bp,fred_nber,ok,3.8200,2.8900,M1328ADEM193NNBR,M1341CGB40000M156NNBR
1908-06-01,france,130.00,bp,fred_nber,ok,4.1500,2.8500,M13027FRM156NNBR,M1341CGB40000M156NNBR
1908-06-01,germany,99.00,bp,fred_nber,ok,3.8400,2.8500,M1328ADEM193NNBR,M1341CGB40000M156NNBR
1908-07-01,france,129.00,bp,fred_nber,ok,4.1500,2.8600,M13027FRM156NNBR,M1341CGB40000M156NNBR
1908-07-01,germany,96.00,bp,fred_nber,ok,3.8200,2.8600,M1328ADEM193NNBR,M1341CGB40000M156NNBR
1908-08-01,france,116.00,bp,fred_nber,ok,4.0500,2.8900,M13027FRM156NNBR,M1341CGB40000M156NNBR
1908-08-01,germany,91.00,bp,fred_nber,ok,3.8000,2.8900,M1328ADEM193NNBR,M1341CGB40000M156NNBR
1908-09-01,france,114.00,bp,fred_nber,ok,4.0500,2.9100,M13027FRM156NNBR,M1341CGB40000M156NNBR
1908-09-01,germany,89.00,bp,fred_nber,ok,3.8000,2.9100,M1328ADEM193NNBR,M1341CGB40000M156NNBR
1908-10-01,france,107.00,bp,fred_nber,ok,4.0200,2.9500,M13027FRM156NNBR,M1341CGB40000M156NNBR
1908-10-01,germany,83.00,bp,fred_nber,ok,3.7800,2.9500,M1328ADEM193NNBR,M1341CGB40000M156NNBR
1908-11-01,france,101.00,bp,fred_nber,ok,3.9700,2.9600,M13027FRM156NNBR,M1341CGB40000M156NNBR
1908-11-01,germany,79.00,bp,fred_nber,ok,3.7500,2.9600,M1328ADEM193NNBR,M1341CGB40000M156NNBR
1908-12-01,france,103.00,bp,fred_nber,ok,4.0200,2.9900,M13027FRM156NNBR,M1341CGB40000M156NNBR
1908-12-01,germany,74.00,bp,fred_nber,ok,3.7300,2.9900,M1328ADEM193NNBR,M1341CGB40000M156NNBR
1909-01-01,france,98.00,bp,fred_nber,ok,3.9700,2.9900,M13027FRM156NNBR,M1341CGB40000M156NNBR
1909-01-01,germany,70.00,bp,fred_nber,ok,3.6900,2.9900,M1328ADEM193NNBR,M1341CGB40000M156NNBR
1909-02-01,france,95.00,bp,fred_nber,ok,3.9200,2.9700,M13027FRM156NNBR,M1341CGB40000M156NNBR
1909-02-01,germany,70.00,bp,fred_nber,ok,3.6700,2.9700,M1328ADEM193NNBR,M1341CGB40000M156NNBR
1909-03-01,france,89.00,bp,fred_nber,ok,3.8700,2.9800,M13027FRM156NNBR,M1341CGB40000M156NNBR
1909-03-01,germany,69.00,bp,fred_nber,ok,3.6700,2.9800,M1328ADEM193NNBR,M1341CGB40000M156NNBR
1909-04-01,france,93.00,bp,fred_nber,ok,3.8700,2.9400,M13027FRM156NNBR,M1341CGB40000M156NNBR
1909-04-01,germany,73.00,bp,fred_nber,ok,3.6700,2.9400,M1328ADEM193NNBR,M1341CGB40000M156NNBR
1909-05-01,france,88.00,bp,fred_nber,ok,3.8200,2.9400,M13027FRM156NNBR,M1341CGB40000M156NNBR
1909-05-01,germany,74.00,bp,fred_nber,ok,3.6800,2.9400,M1328ADEM193NNBR,M1341CGB40000M156NNBR
1909-06-01,france,85.00,bp,fred_nber,ok,3.8200,2.9700,M13027FRM156NNBR,M1341CGB40000M156NNBR
1909-06-01,germany,73.00,bp,fred_nber,ok,3.7000,2.9700,M1328ADEM193NNBR,M1341CGB40000M156NNBR
1909-07-01,france,90.00,bp,fred_nber,ok,3.8700,2.9700,M13027FRM156NNBR,M1341CGB40000M156NNBR
1909-07-01,germany,71.00,bp,fred_nber,ok,3.6800,2.9700,M1328ADEM193NNBR,M1341CGB40000M156NNBR
1909-08-01,france,85.00,bp,fred_nber,ok,3.8200,2.9700,M13027FRM156NNBR,M1341CGB40000M156NNBR
1909-08-01,germany,73.00,bp,fred_nber,ok,3.7000,2.9700,M1328ADEM193NNBR,M1341CGB40000M156NNBR
1909-09-01,france,75.00,bp,fred_nber,ok,3.7400,2.9900,M13027FRM156NNBR,M1341CGB40000M156NNBR
1909-09-01,germany,73.00,bp,fred_nber,ok,3.7200,2.9900,M1328ADEM193NNBR,M1341CGB40000M156NNBR
1909-10-01,france,68.00,bp,fred_nber,ok,3.7000,3.0200,M13027FRM156NNBR,M1341CGB40000M156NNBR
1909-10-01,germany,73.00,bp,fred_nber,ok,3.7500,3.0200,M1328ADEM193NNBR,M1341CGB40000M156NNBR
1909-11-01,france,71.00,bp,fred_nber,ok,3.7400,3.0300,M13027FRM156NNBR,M1341CGB40000M156NNBR
1909-11-01,germany,70.00,bp,fred_nber,ok,3.7300,3.0300,M1328ADEM193NNBR,M1341CGB40000M156NNBR
1909-12-01,france,72.00,bp,fred_nber,ok,3.7400,3.0200,M13027FRM156NNBR,M1341CGB40000M156NNBR
1909-12-01,germany,71.00,bp,fred_nber,ok,3.7300,3.0200,M1328ADEM193NNBR,M1341CGB40000M156NNBR
1910-01-01,france,67.00,bp,fred_nber,ok,3.7000,3.0300,M13027FRM156NNBR,M1341CGB40000M156NNBR
1910-01-01,germany,69.00,bp,fred_nber,ok,3.7200,3.0300,M1328ADEM193NNBR,M1341CGB40000M156NNBR
1910-02-01,france,61.00,bp,fred_nber,ok,3.6600,3.0500,M13027FRM156NNBR,M1341CGB40000M156NNBR
1910-02-01,germany,68.00,bp,fred_nber,ok,3.7300,3.0500,M1328ADEM193NNBR,M1341CGB40000M156NNBR
1910-03-01,france,62.00,bp,fred_nber,ok,3.7000,3.0800,M13027FRM156NNBR,M1341CGB40000M156NNBR
1910-03-01,germany,65.00,bp,fred_nber,ok,3.7300,3.0800,M1328ADEM193NNBR,M1341CGB40000M156NNBR
1910-04-01,france,62.00,bp,fred_nber,ok,3.7000,3.0800,M13027FRM156NNBR,M1341CGB40000M156NNBR
1910-04-01,germany,67.00,bp,fred_nber,ok,3.7500,3.0800,M1328ADEM193NNBR,M1341CGB40000M156NNBR
1910-05-01,france,73.00,bp,fred_nber,ok,3.7800,3.0500,M13027FRM156NNBR,M1341CGB40000M156NNBR
1910-05-01,germany,70.00,bp,fred_nber,ok,3.7500,3.0500,M1328ADEM193NNBR,M1341CGB40000M156NNBR
1910-06-01,france,78.00,bp,fred_nber,ok,3.8200,3.0400,M13027FRM156NNBR,M1341CGB40000M156NNBR
1910-06-01,germany,71.00,bp,fred_nber,ok,3.7500,3.0400,M1328ADEM193NNBR,M1341CGB40000M156NNBR
1910-07-01,france,78.00,bp,fred_nber,ok,3.8300,3.0500,M13027FRM156NNBR,M1341CGB40000M156NNBR
1910-07-01,germany,71.00,bp,fred_nber,ok,3.7600,3.0500,M1328ADEM193NNBR,M1341CGB40000M156NNBR
1910-08-01,france,66.00,bp,fred_nber,ok,3.7400,3.0800,M13027FRM156NNBR,M1341CGB40000M156NNBR
1910-08-01,germany,69.00,bp,fred_nber,ok,3.7700,3.0800,M1328ADEM193NNBR,M1341CGB40000M156NNBR
1910-09-01,france,59.00,bp,fred_nber,ok,3.7000,3.1100,M13027FRM156NNBR,M1341CGB40000M156NNBR
1910-09-01,germany,69.00,bp,fred_nber,ok,3.8000,3.1100,M1328ADEM193NNBR,M1341CGB40000M156NNBR
1910-10-01,france,57.00,bp,fred_nber,ok,3.7000,3.1300,M13027FRM156NNBR,M1341CGB40000M156NNBR
1910-10-01,germany,64.00,bp,fred_nber,ok,3.7700,3.1300,M1328ADEM193NNBR,M1341CGB40000M156NNBR
1910-11-01,france,58.00,bp,fred_nber,ok,3.7400,3.1600,M13027FRM156NNBR,M1341CGB40000M156NNBR
1910-11-01,germany,62.00,bp,fred_nber,ok,3.7800,3.1600,M1328ADEM193NNBR,M1341CGB40000M156NNBR
1910-12-01,france,59.00,bp,fred_nber,ok,3.7400,3.1500,M13027FRM156NNBR,M1341CGB40000M156NNBR
1910-12-01,germany,60.00,bp,fred_nber,ok,3.7500,3.1500,M1328ADEM193NNBR,M1341CGB40000M156NNBR
1911-01-01,france,56.00,bp,fred_nber,ok,3.7000,3.1400,M13027FRM156NNBR,M1341CGB40000M156NNBR
1911-01-01,germany,61.00,bp,fred_nber,ok,3.7500,3.1400,M1328ADEM193NNBR,M1341CGB40000M156NNBR
1911-02-01,france,58.00,bp,fred_nber,ok,3.7000,3.1200,M13027FRM156NNBR,M1341CGB40000M156NNBR
1911-02-01,germany,64.00,bp,fred_nber,ok,3.7600,3.1200,M1328ADEM193NNBR,M1341CGB40000M156NNBR
1911-03-01,france,66.00,bp,fred_nber,ok,3.7400,3.0800,M13027FRM156NNBR,M1341CGB40000M156NNBR
1911-03-01,germany,68.00,bp,fred_nber,ok,3.7600,3.0800,M1328ADEM193NNBR,M1341CGB40000M156NNBR
1911-04-01,france,64.00,bp,fred_nber,ok,3.7000,3.0600,M13027FRM156NNBR,M1341CGB40000M156NNBR
1911-04-01,germany,72.00,bp,fred_nber,ok,3.7800,3.0600,M1328ADEM193NNBR,M1341CGB40000M156NNBR
1911-05-01,france,62.00,bp,fred_nber,ok,3.7000,3.0800,M13027FRM156NNBR,M1341CGB40000M156NNBR
1911-05-01,germany,70.00,bp,fred_nber,ok,3.7800,3.0800,M1328ADEM193NNBR,M1341CGB40000M156NNBR
1911-06-01,france,53.00,bp,fred_nber,ok,3.6600,3.1300,M13027FRM156NNBR,M1341CGB40000M156NNBR
1911-06-01,germany,66.00,bp,fred_nber,ok,3.7900,3.1300,M1328ADEM193NNBR,M1341CGB40000M156NNBR
1911-07-01,france,60.00,bp,fred_nber,ok,3.7800,3.1800,M13027FRM156NNBR,M1341CGB40000M156NNBR
1911-07-01,germany,62.00,bp,fred_nber,ok,3.8000,3.1800,M1328ADEM193NNBR,M1341CGB40000M156NNBR
1911-08-01,france,58.00,bp,fred_nber,ok,3.7800,3.2000,M13027FRM156NNBR,M1341CGB40000M156NNBR
1911-08-01,germany,60.00,bp,fred_nber,ok,3.8000,3.2000,M1328ADEM193NNBR,M1341CGB40000M156NNBR
1911-09-01,france,63.00,bp,fred_nber,ok,3.8600,3.2300,M13027FRM156NNBR,M1341CGB40000M156NNBR
1911-09-01,germany,59.00,bp,fred_nber,ok,3.8200,3.2300,M1328ADEM193NNBR,M1341CGB40000M156NNBR
1911-10-01,france,50.00,bp,fred_nber,ok,3.7100,3.2100,M13027FRM156NNBR,M1341CGB40000M156NNBR
1911-10-01,germany,61.00,bp,fred_nber,ok,3.8200,3.2100,M1328ADEM193NNBR,M1341CGB40000M156NNBR
1911-11-01,france,53.00,bp,fred_nber,ok,3.7100,3.1800,M13027FRM156NNBR,M1341CGB40000M156NNBR
1911-11-01,germany,64.00,bp,fred_nber,ok,3.8200,3.1800,M1328ADEM193NNBR,M1341CGB40000M156NNBR
1911-12-01,france,47.00,bp,fred_nber,ok,3.7100,3.2400,M13027FRM156NNBR,M1341CGB40000M156NNBR
1911-12-01,germany,58.00,bp,fred_nber,ok,3.8200,3.2400,M1328ADEM193NNBR,M1341CGB40000M156NNBR
1912-01-01,france,41.00,bp,fred_nber,ok,3.6500,3.2400,M13027FRM156NNBR,M1341CGB40000M156NNBR
1912-01-01,germany,59.00,bp,fred_nber,ok,3.8300,3.2400,M1328ADEM193NNBR,M1341CGB40000M156NNBR
1912-02-01,france,44.00,bp,fred_nber,ok,3.6300,3.1900,M13027FRM156NNBR,M1341CGB40000M156NNBR
1912-02-01,germany,65.00,bp,fred_nber,ok,3.8400,3.1900,M1328ADEM193NNBR,M1341CGB40000M156NNBR
1912-03-01,france,37.00,bp,fred_nber,ok,3.5800,3.2100,M13027FRM156NNBR,M1341CGB40000M156NNBR
1912-03-01,germany,64.00,bp,fred_nber,ok,3.8500,3.2100,M1328ADEM193NNBR,M1341CGB40000M156NNBR
1912-04-01,france,31.00,bp,fred_nber,ok,3.5100,3.2000,M13027FRM156NNBR,M1341CGB40000M156NNBR
1912-04-01,germany,66.00,bp,fred_nber,ok,3.8600,3.2000,M1328ADEM193NNBR,M1341CGB40000M156NNBR
1912-05-01,france,21.00,bp,fred_nber,ok,3.4100,3.2000,M13027FRM156NNBR,M1341CGB40000M156NNBR
1912-05-01,germany,68.00,bp,fred_nber,ok,3.8800,3.2000,M1328ADEM193NNBR,M1341CGB40000M156NNBR
1912-06-01,france,18.00,bp,fred_nber,ok,3.4400,3.2600,M13027FRM156NNBR,M1341CGB40000M156NNBR
1912-06-01,germany,64.00,bp,fred_nber,ok,3.9000,3.2600,M1328ADEM193NNBR,M1341CGB40000M156NNBR
1912-07-01,france,18.00,bp,fred_nber,ok,3.5100,3.3300,M13027FRM156NNBR,M1341CGB40000M156NNBR
1912-07-01,germany,58.00,bp,fred_nber,ok,3.9100,3.3300,M1328ADEM193NNBR,M1341CGB40000M156NNBR
1912-08-01,france,9.00,bp,fred_nber,ok,3.4100,3.3200,M13027FRM156NNBR,M1341CGB40000M156NNBR
1912-08-01,germany,61.00,bp,fred_nber,ok,3.9300,3.3200,M1328ADEM193NNBR,M1341CGB40000M156NNBR
1912-09-01,france,-2.00,bp,fred_nber,ok,3.3500,3.3700,M13027FRM156NNBR,M1341CGB40000M156NNBR
1912-09-01,germany,58.00,bp,fred_nber,ok,3.9500,3.3700,M1328ADEM193NNBR,M1341CGB40000M156NNBR
1912-10-01,france,15.00,bp,fred_nber,ok,3.5500,3.4000,M13027FRM156NNBR,M1341CGB40000M156NNBR
1912-10-01,germany,58.00,bp,fred_nber,ok,3.9800,3.4000,M1328ADEM193NNBR,M1341CGB40000M156NNBR
1912-11-01,france,17.00,bp,fred_nber,ok,3.5100,3.3400,M13027FRM156NNBR,M1341CGB40000M156NNBR
1912-11-01,germany,65.00,bp,fred_nber,ok,3.9900,3.3400,M1328ADEM193NNBR,M1341CGB40000M156NNBR
1912-12-01,france,25.00,bp,fred_nber,ok,3.5900,3.3400,M13027FRM156NNBR,M1341CGB40000M156NNBR
1912-12-01,germany,65.00,bp,fred_nber,ok,3.9900,3.3400,M1328ADEM193NNBR,M1341CGB40000M156NNBR
1913-01-01,france,22.00,bp,fred_nber,ok,3.5500,3.3300,M13027FRM156NNBR,M1341CGB40000M156NNBR
1913-01-01,germany,67.00,bp,fred_nber,ok,4.0000,3.3300,M1328ADEM193NNBR,M1341CGB40000M156NNBR
1913-02-01,france,28.00,bp,fred_nber,ok,3.6300,3.3500,M13027FRM156NNBR,M1341CGB40000M156NNBR
1913-02-01,germany,66.00,bp,fred_nber,ok,4.0100,3.3500,M1328ADEM193NNBR,M1341CGB40000M156NNBR
1913-03-01,france,31.00,bp,fred_nber,ok,3.7000,3.3900,M13027FRM156NNBR,M1341CGB40000M156NNBR
1913-03-01,germany,65.00,bp,fred_nber,ok,4.0400,3.3900,M1328ADEM193NNBR,M1341CGB40000M156NNBR
1913-04-01,france,35.00,bp,fred_nber,ok,3.7000,3.3500,M13027FRM156NNBR,M1341CGB40000M156NNBR
1913-04-01,germany,70.00,bp,fred_nber,ok,4.0500,3.3500,M1328ADEM193NNBR,M1341CGB40000M156NNBR
1913-05-01,france,42.00,bp,fred_nber,ok,3.7500,3.3300,M13027FRM156NNBR,M1341CGB40000M156NNBR
1913-05-01,germany,74.00,bp,fred_nber,ok,4.0700,3.3300,M1328ADEM193NNBR,M1341CGB40000M156NNBR
1913-06-01,france,54.00,bp,fred_nber,ok,3.9500,3.4100,M13027FRM156NNBR,M1341CGB40000M156NNBR
1913-06-01,germany,71.00,bp,fred_nber,ok,4.1200,3.4100,M1328ADEM193NNBR,M1341CGB40000M156NNBR
1913-07-01,france,41.00,bp,fred_nber,ok,3.8500,3.4400,M13027FRM156NNBR,M1341CGB40000M156NNBR
1913-07-01,germany,71.00,bp,fred_nber,ok,4.1500,3.4400,M1328ADEM193NNBR,M1341CGB40000M156NNBR
1913-08-01,france,31.00,bp,fred_nber,ok,3.7000,3.3900,M13027FRM156NNBR,M1341CGB40000M156NNBR
1913-08-01,germany,76.00,bp,fred_nber,ok,4.1500,3.3900,M1328ADEM193NNBR,M1341CGB40000M156NNBR
1913-09-01,france,35.00,bp,fred_nber,ok,3.7500,3.4000,M13027FRM156NNBR,M1341CGB40000M156NNBR
1913-09-01,germany,72.00,bp,fred_nber,ok,4.1200,3.4000,M1328ADEM193NNBR,M1341CGB40000M156NNBR
1913-10-01,france,42.00,bp,fred_nber,ok,3.8500,3.4300,M13027FRM156NNBR,M1341CGB40000M156NNBR
1913-10-01,germany,68.00,bp,fred_nber,ok,4.1100,3.4300,M1328ADEM193NNBR,M1341CGB40000M156NNBR
1913-11-01,france,41.00,bp,fred_nber,ok,3.8500,3.4400,M13027FRM156NNBR,M1341CGB40000M156NNBR
1913-11-01,germany,67.00,bp,fred_nber,ok,4.1100,3.4400,M1328ADEM193NNBR,M1341CGB40000M156NNBR
1913-12-01,france,49.00,bp,fred_nber,ok,3.9700,3.4800,M13027FRM156NNBR,M1341CGB40000M156NNBR
1913-12-01,germany,62.00,bp,fred_nber,ok,4.1000,3.4800,M1328ADEM193NNBR,M1341CGB40000M156NNBR
1914-01-01,france,52.00,bp,fred_nber,ok,3.9400,3.4200,M13027FRM156NNBR,M1341CGB40000M156NNBR
1914-02-01,france,69.00,bp,fred_nber,ok,3.9700,3.2800,M13027FRM156NNBR,M1341CGB40000M156NNBR
1914-03-01,france,73.00,bp,fred_nber,ok,4.0600,3.3300,M13027FRM156NNBR,M1341CGB40000M156NNBR
1914-04-01,france,76.00,bp,fred_nber,ok,4.0600,3.3000,M13027FRM156NNBR,M1341CGB40000M156NNBR
1914-05-01,france,86.00,bp,fred_nber,ok,4.2000,3.3400,M13027FRM156NNBR,M1341CGB40000M156NNBR
1914-06-01,france,78.00,bp,fred_nber,ok,4.1500,3.3700,M13027FRM156NNBR,M1341CGB40000M156NNBR
1914-07-01,france,126.00,bp,fred_nber,ok,4.6000,3.3400,M13027FRM156NNBR,M1341CGB40000M156NNBR
1919-01-01,france,-86.00,bp,fred_nber,ok,3.3600,4.2200,M13027FRM156NNBR,M1341CGB40000M156NNBR
1919-02-01,france,-79.00,bp,fred_nber,ok,3.4500,4.2400,M13027FRM156NNBR,M1341CGB40000M156NNBR
1919-03-01,france,-79.00,bp,fred_nber,ok,3.5400,4.3300,M13027FRM156NNBR,M1341CGB40000M156NNBR
1919-04-01,france,-102.00,bp,fred_nber,ok,3.4500,4.4700,M13027FRM156NNBR,M1341CGB40000M156NNBR
1919-05-01,france,-116.00,bp,fred_nber,ok,3.3300,4.4900,M13027FRM156NNBR,M1341CGB40000M156NNBR
1919-06-01,france,-140.00,bp,fred_nber,ok,3.2600,4.6600,M13027FRM156NNBR,M1341CGB40000M156NNBR
1919-07-01,france,-139.00,bp,fred_nber,ok,3.4000,4.7900,M13027FRM156NNBR,M1341CGB40000M156NNBR
1919-08-01,france,-153.00,bp,fred_nber,ok,3.3200,4.8500,M13027FRM156NNBR,M1341CGB40000M156NNBR
1919-09-01,france,-180.00,bp,fred_nber,ok,3.1400,4.9400,M13027FRM156NNBR,M1341CGB40000M156NNBR
1919-10-01,france,-176.00,bp,fred_nber,ok,3.0600,4.8200,M13027FRM156NNBR,M1341CGB40000M156NNBR
1919-11-01,france,-186.00,bp,fred_nber,ok,3.0400,4.9000,M13027FRM156NNBR,M1341CGB40000M156NNBR
1919-12-01,france,-185.00,bp,fred_nber,ok,3.0900,4.9400,M13027FRM156NNBR,M1341CGB40000M156NNBR
1920-01-01,france,-184.00,bp,fred_nber,ok,3.0300,4.8700,M13027FRM156NNBR,M1341CGB40000M156NNBR
1920-02-01,france,-219.00,bp,fred_nber,ok,2.8200,5.0100,M13027FRM156NNBR,M1341CGB40000M156NNBR
1920-03-01,france,-264.00,bp,fred_nber,ok,2.5600,5.2000,M13027FRM156NNBR,M1341CGB40000M156NNBR
1920-04-01,france,-297.00,bp,fred_nber,ok,2.4200,5.3900,M13027FRM156NNBR,M1341CGB40000M156NNBR
1920-05-01,france,-258.00,bp,fred_nber,ok,2.6200,5.2000,M13027FRM156NNBR,M1341CGB40000M156NNBR
1920-06-01,france,-237.00,bp,fred_nber,ok,2.9500,5.3200,M13027FRM156NNBR,M1341CGB40000M156NNBR
1920-07-01,france,-240.00,bp,fred_nber,ok,2.9300,5.3300,M13027FRM156NNBR,M1341CGB40000M156NNBR
1920-08-01,france,-216.00,bp,fred_nber,ok,3.2400,5.4000,M13027FRM156NNBR,M1341CGB40000M156NNBR
1920-09-01,france,-223.00,bp,fred_nber,ok,3.2100,5.4400,M13027FRM156NNBR,M1341CGB40000M156NNBR
1920-10-01,france,-206.00,bp,fred_nber,ok,3.4400,5.5000,M13027FRM156NNBR,M1341CGB40000M156NNBR
1920-11-01,france,-174.00,bp,fred_nber,ok,3.8400,5.5800,M13027FRM156NNBR,M1341CGB40000M156NNBR
1920-12-01,france,-191.00,bp,fred_nber,ok,3.7500,5.6600,M13027FRM156NNBR,M1341CGB40000M156NNBR
1921-01-01,france,-147.00,bp,fred_nber,ok,3.8100,5.2800,M13027FRM156NNBR,M1341CGB40000M156NNBR
1921-02-01,france,-115.00,bp,fred_nber,ok,4.1500,5.3000,M13027FRM156NNBR,M1341CGB40000M156NNBR
1921-03-01,france,-136.00,bp,fred_nber,ok,3.9400,5.3000,M13027FRM156NNBR,M1341CGB40000M156NNBR
1921-04-01,france,-123.00,bp,fred_nber,ok,3.9400,5.1700,M13027FRM156NNBR,M1341CGB40000M156NNBR
1921-05-01,france,-117.00,bp,fred_nber,ok,4.1500,5.3200,M13027FRM156NNBR,M1341CGB40000M156NNBR
1921-06-01,france,-105.00,bp,fred_nber,ok,4.3900,5.4400,M13027FRM156NNBR,M1341CGB40000M156NNBR
1921-07-01,france,-70.00,bp,fred_nber,ok,4.5000,5.2000,M13027FRM156NNBR,M1341CGB40000M156NNBR
1921-08-01,france,-102.00,bp,fred_nber,ok,4.1500,5.1700,M13027FRM156NNBR,M1341CGB40000M156NNBR
1921-09-01,france,-102.00,bp,fred_nber,ok,4.1800,5.2000,M13027FRM156NNBR,M1341CGB40000M156NNBR
1921-10-01,france,-78.00,bp,fred_nber,ok,4.3300,5.1100,M13027FRM156NNBR,M1341CGB40000M156NNBR
1921-11-01,france,-70.00,bp,fred_nber,ok,4.4000,5.1000,M13027FRM156NNBR,M1341CGB40000M156NNBR
1921-12-01,france,-65.00,bp,fred_nber,ok,4.3500,5.0000,M13027FRM156NNBR,M1341CGB40000M156NNBR
1922-01-01,france,-46.00,bp,fred_nber,ok,4.3900,4.8500,M13027FRM156NNBR,M1341CGB40000M156NNBR
1922-02-01,france,-6.00,bp,fred_nber,ok,4.5900,4.6500,M13027FRM156NNBR,M1341CGB40000M156NNBR
1922-03-01,france,9.00,bp,fred_nber,ok,4.6100,4.5200,M13027FRM156NNBR,M1341CGB40000M156NNBR
1922-04-01,france,49.00,bp,fred_nber,ok,4.7500,4.2600,M13027FRM156NNBR,M1341CGB40000M156NNBR
1922-05-01,france,25.00,bp,fred_nber,ok,4.5500,4.3000,M13027FRM156NNBR,M1341CGB40000M156NNBR
1922-06-01,france,9.00,bp,fred_nber,ok,4.5300,4.4400,M13027FRM156NNBR,M1341CGB40000M156NNBR
1922-07-01,france,10.00,bp,fred_nber,ok,4.3700,4.2700,M13027FRM156NNBR,M1341CGB40000M156NNBR
1922-08-01,france,-29.00,bp,fred_nber,ok,3.9900,4.2800,M13027FRM156NNBR,M1341CGB40000M156NNBR
1922-09-01,france,-38.00,bp,fred_nber,ok,4.0300,4.4100,M13027FRM156NNBR,M1341CGB40000M156NNBR
1922-10-01,france,-56.00,bp,fred_nber,ok,3.8100,4.3700,M13027FRM156NNBR,M1341CGB40000M156NNBR
1922-11-01,france,-75.00,bp,fred_nber,ok,3.6400,4.3900,M13027FRM156NNBR,M1341CGB40000M156NNBR
1922-12-01,france,-88.00,bp,fred_nber,ok,3.5900,4.4700,M13027FRM156NNBR,M1341CGB40000M156NNBR
1923-01-01,france,-109.00,bp,fred_nber,ok,3.3600,4.4500,M13027FRM156NNBR,M1341CGB40000M156NNBR
1923-02-01,france,-108.00,bp,fred_nber,ok,3.3000,4.3800,M13027FRM156NNBR,M1341CGB40000M156NNBR
1923-03-01,france,-80.00,bp,fred_nber,ok,3.4600,4.2600,M13027FRM156NNBR,M1341CGB40000M156NNBR
1923-04-01,france,-77.00,bp,fred_nber,ok,3.4400,4.2100,M13027FRM156NNBR,M1341CGB40000M156NNBR
1923-05-01,france,-79.00,bp,fred_nber,ok,3.4700,4.2600,M13027FRM156NNBR,M1341CGB40000M156NNBR
1923-06-01,france,-92.00,bp,fred_nber,ok,3.3400,4.2600,M13027FRM156NNBR,M1341CGB40000M156NNBR
1923-07-01,france,-111.00,bp,fred_nber,ok,3.1800,4.2900,M13027FRM156NNBR,M1341CGB40000M156NNBR
1923-08-01,france,-110.00,bp,fred_nber,ok,3.1700,4.2700,M13027FRM156NNBR,M1341CGB40000M156NNBR
1923-09-01,france,-86.00,bp,fred_nber,ok,3.4200,4.2800,M13027FRM156NNBR,M1341CGB40000M156NNBR
1923-10-01,france,-94.00,bp,fred_nber,ok,3.3400,4.2800,M13027FRM156NNBR,M1341CGB40000M156NNBR
1923-11-01,france,-117.00,bp,fred_nber,ok,3.1900,4.3600,M13027FRM156NNBR,M1341CGB40000M156NNBR
1923-12-01,france,-134.00,bp,fred_nber,ok,3.1100,4.4500,M13027FRM156NNBR,M1341CGB40000M156NNBR
1924-01-01,france,-152.00,bp,fred_nber,ok,2.9800,4.5000,M13027FRM156NNBR,M1341CGB40000M156NNBR
1924-02-01,france,-163.00,bp,fred_nber,ok,2.7900,4.4200,M13027FRM156NNBR,M1341CGB40000M156NNBR
1924-03-01,france,-130.00,bp,fred_nber,ok,3.2100,4.5100,M13027FRM156NNBR,M1341CGB40000M156NNBR
1924-04-01,france,-114.00,bp,fred_nber,ok,3.2600,4.4000,M13027FRM156NNBR,M1341CGB40000M156NNBR
1924-05-01,france,-102.00,bp,fred_nber,ok,3.3200,4.3400,M13027FRM156NNBR,M1341CGB40000M156NNBR
1924-06-01,france,-95.00,bp,fred_nber,ok,3.4100,4.3600,M13027FRM156NNBR,M1341CGB40000M156NNBR
1924-07-01,france,-101.00,bp,fred_nber,ok,3.3900,4.4000,M13027FRM156NNBR,M1341CGB40000M156NNBR
1924-08-01,france,-83.00,bp,fred_nber,ok,3.5400,4.3700,M13027FRM156NNBR,M1341CGB40000M156NNBR
1924-09-01,france,-83.00,bp,fred_nber,ok,3.5300,4.3600,M13027FRM156NNBR,M1341CGB40000M156NNBR
1924-10-01,france,-90.00,bp,fred_nber,ok,3.4600,4.3600,M13027FRM156NNBR,M1341CGB40000M156NNBR
1924-11-01,france,-66.00,bp,fred_nber,ok,3.6200,4.2800,M13027FRM156NNBR,M1341CGB40000M156NNBR
1924-12-01,france,-60.00,bp,fred_nber,ok,3.7400,4.3400,M13027FRM156NNBR,M1341CGB40000M156NNBR
1925-01-01,france,-55.00,bp,fred_nber,ok,3.7800,4.3300,M13027FRM156NNBR,M1341CGB40000M156NNBR
1925-02-01,france,-44.00,bp,fred_nber,ok,3.8600,4.3000,M13027FRM156NNBR,M1341CGB40000M156NNBR
1925-03-01,france,-52.00,bp,fred_nber,ok,3.8600,4.3800,M13027FRM156NNBR,M1341CGB40000M156NNBR
1925-04-01,france,-52.00,bp,fred_nber,ok,3.8700,4.3900,M13027FRM156NNBR,M1341CGB40000M156NNBR
1925-05-01,france,-30.00,bp,fred_nber,ok,4.1100,4.4100,M13027FRM156NNBR,M1341CGB40000M156NNBR
1925-06-01,france,-39.00,bp,fred_nber,ok,4.0800,4.4700,M13027FRM156NNBR,M1341CGB40000M156NNBR
1925-07-01,france,-58.00,bp,fred_nber,ok,3.8400,4.4200,M13027FRM156NNBR,M1341CGB40000M156NNBR
1925-08-01,france,-55.00,bp,fred_nber,ok,3.8700,4.4200,M13027FRM156NNBR,M1341CGB40000M156NNBR
1925-09-01,france,-52.00,bp,fred_nber,ok,4.0000,4.5200,M13027FRM156NNBR,M1341CGB40000M156NNBR
1925-10-01,france,-37.00,bp,fred_nber,ok,4.1500,4.5200,M13027FRM156NNBR,M1341CGB40000M156NNBR
1925-11-01,france,-43.00,bp,fred_nber,ok,4.1000,4.5300,M13027FRM156NNBR,M1341CGB40000M156NNBR
1925-12-01,france,-49.00,bp,fred_nber,ok,4.0500,4.5400,M13027FRM156NNBR,M1341CGB40000M156NNBR
1926-01-01,france,-51.00,bp,fred_nber,ok,4.0000,4.5100,M13027FRM156NNBR,M1341CGB40000M156NNBR
1926-02-01,france,-54.00,bp,fred_nber,ok,3.9400,4.4800,M13027FRM156NNBR,M1341CGB40000M156NNBR
1926-03-01,france,-41.00,bp,fred_nber,ok,4.1800,4.5900,M13027FRM156NNBR,M1341CGB40000M156NNBR
1926-04-01,france,-45.00,bp,fred_nber,ok,4.1300,4.5800,M13027FRM156NNBR,M1341CGB40000M156NNBR
1926-05-01,france,-47.00,bp,fred_nber,ok,4.0600,4.5300,M13027FRM156NNBR,M1341CGB40000M156NNBR
1926-06-01,france,-75.00,bp,fred_nber,ok,3.7500,4.5000,M13027FRM156NNBR,M1341CGB40000M156NNBR
1926-07-01,france,-118.00,bp,fred_nber,ok,3.3100,4.4900,M13027FRM156NNBR,M1341CGB40000M156NNBR
1926-08-01,france,-111.00,bp,fred_nber,ok,3.4000,4.5100,M13027FRM156NNBR,M1341CGB40000M156NNBR
1926-09-01,france,-138.00,bp,fred_nber,ok,3.2000,4.5800,M13027FRM156NNBR,M1341CGB40000M156NNBR
1926-10-01,france,-125.00,bp,fred_nber,ok,3.3400,4.5900,M13027FRM156NNBR,M1341CGB40000M156NNBR
1926-11-01,france,-98.00,bp,fred_nber,ok,3.6000,4.5800,M13027FRM156NNBR,M1341CGB40000M156NNBR
1926-12-01,france,-93.00,bp,fred_nber,ok,3.7000,4.6300,M13027FRM156NNBR,M1341CGB40000M156NNBR
1927-01-01,france,-102.00,bp,fred_nber,ok,3.5200,4.5400,M13027FRM156NNBR,M1341CGB40000M156NNBR
1927-02-01,france,-94.00,bp,fred_nber,ok,3.5800,4.5200,M13027FRM156NNBR,M1341CGB40000M156NNBR
1927-03-01,france,-107.00,bp,fred_nber,ok,3.4900,4.5600,M13027FRM156NNBR,M1341CGB40000M156NNBR
1927-04-01,france,-121.00,bp,fred_nber,ok,3.3800,4.5900,M13027FRM156NNBR,M1341CGB40000M156NNBR
1927-05-01,france,-105.00,bp,fred_nber,ok,3.4700,4.5200,M13027FRM156NNBR,M1341CGB40000M156NNBR
1927-06-01,france,-99.00,bp,fred_nber,ok,3.6200,4.6100,M13027FRM156NNBR,M1341CGB40000M156NNBR
1927-07-01,france,-109.00,bp,fred_nber,ok,3.4900,4.5800,M13027FRM156NNBR,M1341CGB40000M156NNBR
1927-08-01,france,-105.00,bp,fred_nber,ok,3.5200,4.5700,M13027FRM156NNBR,M1341CGB40000M156NNBR
1927-09-01,france,-114.00,bp,fred_nber,ok,3.4700,4.6100,M13027FRM156NNBR,M1341CGB40000M156NNBR
1927-10-01,france,-104.00,bp,fred_nber,ok,3.4700,4.5100,M13027FRM156NNBR,M1341CGB40000M156NNBR
1927-11-01,france,-103.00,bp,fred_nber,ok,3.5200,4.5500,M13027FRM156NNBR,M1341CGB40000M156NNBR
1927-12-01,france,-132.00,bp,fred_nber,ok,3.2600,4.5800,M13027FRM156NNBR,M1341CGB40000M156NNBR
1928-01-01,france,-152.00,bp,fred_nber,ok,2.9800,4.5000,M13027FRM156NNBR,M1341CGB40000M156NNBR
1928-02-01,france,-143.00,bp,fred_nber,ok,3.0900,4.5200,M13027FRM156NNBR,M1341CGB40000M156NNBR
1928-03-01,france,-172.00,bp,fred_nber,ok,2.8000,4.5200,M13027FRM156NNBR,M1341CGB40000M156NNBR
1928-04-01,france,-189.00,bp,fred_nber,ok,2.5400,4.4300,M13027FRM156NNBR,M1341CGB40000M156NNBR
1928-05-01,france,-182.00,bp,fred_nber,ok,2.5900,4.4100,M13027FRM156NNBR,M1341CGB40000M156NNBR
1928-06-01,france,-183.00,bp,fred_nber,ok,2.6200,4.4500,M13027FRM156NNBR,M1341CGB40000M156NNBR
1928-07-01,france,-152.00,bp,fred_nber,ok,2.9700,4.4900,M13027FRM156NNBR,M1341CGB40000M156NNBR
1928-08-01,france,-179.00,bp,fred_nber,ok,2.6900,4.4800,M13027FRM156NNBR,M1341CGB40000M156NNBR
1928-09-01,france,-183.00,bp,fred_nber,ok,2.6400,4.4700,M13027FRM156NNBR,M1341CGB40000M156NNBR
1928-10-01,france,-183.00,bp,fred_nber,ok,2.6600,4.4900,M13027FRM156NNBR,M1341CGB40000M156NNBR
1928-11-01,france,-188.00,bp,fred_nber,ok,2.5900,4.4700,M13027FRM156NNBR,M1341CGB40000M156NNBR
1928-12-01,france,-194.00,bp,fred_nber,ok,2.5200,4.4600,M13027FRM156NNBR,M1341CGB40000M156NNBR
1929-01-01,france,-220.00,bp,fred_nber,ok,2.2400,4.4400,M13027FRM156NNBR,M1341CGB40000M156NNBR
1929-02-01,france,-221.00,bp,fred_nber,ok,2.2800,4.4900,M13027FRM156NNBR,M1341CGB40000M156NNBR
1929-03-01,france,-217.00,bp,fred_nber,ok,2.3800,4.5500,M13027FRM156NNBR,M1341CGB40000M156NNBR
1929-04-01,france,-206.00,bp,fred_nber,ok,2.4700,4.5300,M13027FRM156NNBR,M1341CGB40000M156NNBR
1929-05-01,france,-203.00,bp,fred_nber,ok,2.5500,4.5800,M13027FRM156NNBR,M1341CGB40000M156NNBR
1929-06-01,france,-167.00,bp,fred_nber,ok,2.9100,4.5800,M13027FRM156NNBR,M1341CGB40000M156NNBR
1929-07-01,france,-171.00,bp,fred_nber,ok,2.8800,4.5900,M13027FRM156NNBR,M1341CGB40000M156NNBR
1929-08-01,france,-179.00,bp,fred_nber,ok,2.8500,4.6400,M13027FRM156NNBR,M1341CGB40000M156NNBR
1929-09-01,france,-194.00,bp,fred_nber,ok,2.7600,4.7000,M13027FRM156NNBR,M1341CGB40000M156NNBR
1929-10-01,france,-175.00,bp,fred_nber,ok,2.9200,4.6700,M13027FRM156NNBR,M1341CGB40000M156NNBR
1929-11-01,france,-164.00,bp,fred_nber,ok,3.0700,4.7100,M13027FRM156NNBR,M1341CGB40000M156NNBR
1929-12-01,france,-170.00,bp,fred_nber,ok,3.0500,4.7500,M13027FRM156NNBR,M1341CGB40000M156NNBR
1930-01-01,france,-174.00,bp,fred_nber,ok,2.8900,4.6300,M13027FRM156NNBR,M1341CGB40000M156NNBR
1930-02-01,france,-165.00,bp,fred_nber,ok,2.9800,4.6300,M13027FRM156NNBR,M1341CGB40000M156NNBR
1930-03-01,france,-152.00,bp,fred_nber,ok,3.0000,4.5200,M13027FRM156NNBR,M1341CGB40000M156NNBR
1930-04-01,france,-154.00,bp,fred_nber,ok,2.9600,4.5000,M13027FRM156NNBR,M1341CGB40000M156NNBR
1930-05-01,france,-140.00,bp,fred_nber,ok,3.1100,4.5100,M13027FRM156NNBR,M1341CGB40000M156NNBR
1930-06-01,france,-125.00,bp,fred_nber,ok,3.3100,4.5600,M13027FRM156NNBR,M1341CGB40000M156NNBR
1930-07-01,france,-117.00,bp,fred_nber,ok,3.3300,4.5000,M13027FRM156NNBR,M1341CGB40000M156NNBR
1930-08-01,france,-102.00,bp,fred_nber,ok,3.4600,4.4800,M13027FRM156NNBR,M1341CGB40000M156NNBR
1930-09-01,france,-98.00,bp,fred_nber,ok,3.5400,4.5200,M13027FRM156NNBR,M1341CGB40000M156NNBR
1930-10-01,france,-76.00,bp,fred_nber,ok,3.6300,4.3900,M13027FRM156NNBR,M1341CGB40000M156NNBR
1930-11-01,france,-32.00,bp,fred_nber,ok,3.9500,4.2700,M13027FRM156NNBR,M1341CGB40000M156NNBR
1930-12-01,france,-8.00,bp,fred_nber,ok,4.2600,4.3400,M13027FRM156NNBR,M1341CGB40000M156NNBR
1931-01-01,france,-24.00,bp,fred_nber,ok,4.0800,4.3200,M13027FRM156NNBR,M1341CGB40000M156NNBR
1931-02-01,france,-51.00,bp,fred_nber,ok,3.9000,4.4100,M13027FRM156NNBR,M1341CGB40000M156NNBR
1931-03-01,france,-29.00,bp,fred_nber,ok,4.1200,4.4100,M13027FRM156NNBR,M1341CGB40000M156NNBR
1931-04-01,france,-13.00,bp,fred_nber,ok,4.2100,4.3400,M13027FRM156NNBR,M1341CGB40000M156NNBR
1931-05-01,france,8.00,bp,fred_nber,ok,4.2700,4.1900,M13027FRM156NNBR,M1341CGB40000M156NNBR
1931-06-01,france,-31.00,bp,fred_nber,ok,3.8600,4.1700,M13027FRM156NNBR,M1341CGB40000M156NNBR
1931-07-01,france,-19.00,bp,fred_nber,ok,4.0100,4.2000,M13027FRM156NNBR,M1341CGB40000M156NNBR
1931-08-01,france,-19.00,bp,fred_nber,ok,4.1500,4.3400,M13027FRM156NNBR,M1341CGB40000M156NNBR
1931-09-01,france,28.00,bp,fred_nber,ok,4.7800,4.5000,M13027FRM156NNBR,M1341CGB40000M156NNBR
1931-10-01,france,48.00,bp,fred_nber,ok,4.9800,4.5000,M13027FRM156NNBR,M1341CGB40000M156NNBR
1931-11-01,france,43.00,bp,fred_nber,ok,5.0300,4.6000,M13027FRM156NNBR,M1341CGB40000M156NNBR
1931-12-01,france,60.00,bp,fred_nber,ok,5.3100,4.7100,M13027FRM156NNBR,M1341CGB40000M156NNBR
1932-01-01,france,41.00,bp,fred_nber,ok,4.9300,4.5200,M13027FRM156NNBR,M1341CGB40000M156NNBR
1932-02-01,france,-21.00,bp,fred_nber,ok,4.2700,4.4800,M13027FRM156NNBR,M1341CGB40000M156NNBR
1932-03-01,france,22.00,bp,fred_nber,ok,4.4100,4.1900,M13027FRM156NNBR,M1341CGB40000M156NNBR
1932-04-01,france,71.00,bp,fred_nber,ok,4.8400,4.1300,M13027FRM156NNBR,M1341CGB40000M156NNBR
1932-05-01,france,153.00,bp,fred_nber,ok,5.4700,3.9400,M13027FRM156NNBR,M1341CGB40000M156NNBR
1932-06-01,france,105.00,bp,fred_nber,ok,4.9400,3.8900,M13027FRM156NNBR,M1341CGB40000M156NNBR
1932-07-01,france,118.00,bp,fred_nber,ok,4.6400,3.4600,M13027FRM156NNBR,M1341CGB40000M156NNBR
1932-08-01,france,100.00,bp,fred_nber,ok,4.5100,3.5100,M13027FRM156NNBR,M1341CGB40000M156NNBR
1932-09-01,france,82.00,bp,fred_nber,ok,4.2500,3.4300,M13027FRM156NNBR,M1341CGB40000M156NNBR
1932-10-01,france,117.00,bp,fred_nber,ok,4.4700,3.3000,M13027FRM156NNBR,M1341CGB40000M156NNBR
1932-11-01,france,97.00,bp,fred_nber,ok,4.3100,3.3400,M13027FRM156NNBR,M1341CGB40000M156NNBR
1932-12-01,france,78.00,bp,fred_nber,ok,4.1700,3.3900,M13027FRM156NNBR,M1341CGB40000M156NNBR
1933-01-01,france,69.00,bp,fred_nber,ok,4.0900,3.4000,M13027FRM156NNBR,M1341CGB40000M156NNBR
1933-02-01,france,73.00,bp,fred_nber,ok,4.0900,3.3600,M13027FRM156NNBR,M1341CGB40000M156NNBR
1933-03-01,france,83.00,bp,fred_nber,ok,4.2000,3.3700,M13027FRM156NNBR,M1341CGB40000M156NNBR
1933-04-01,france,76.00,bp,fred_nber,ok,4.0600,3.3000,M13027FRM156NNBR,M1341CGB40000M156NNBR
1933-05-01,france,33.00,bp,fred_nber,ok,3.7500,3.4200,M13027FRM156NNBR,M1341CGB40000M156NNBR
1933-06-01,france,18.00,bp,fred_nber,ok,3.6000,3.4200,M13027FRM156NNBR,M1341CGB40000M156NNBR
1933-07-01,france,-3.00,bp,fred_nber,ok,3.4500,3.4800,M13027FRM156NNBR,M1341CGB40000M156NNBR
1933-08-01,france,8.00,bp,fred_nber,ok,3.4800,3.4000,M13027FRM156NNBR,M1341CGB40000M156NNBR
1933-09-01,france,21.00,bp,fred_nber,ok,3.6000,3.3900,M13027FRM156NNBR,M1341CGB40000M156NNBR
1933-10-01,france,27.00,bp,fred_nber,ok,3.6500,3.3800,M13027FRM156NNBR,M1341CGB40000M156NNBR
1933-11-01,france,31.00,bp,fred_nber,ok,3.7000,3.3900,M13027FRM156NNBR,M1341CGB40000M156NNBR
1933-12-01,france,31.00,bp,fred_nber,ok,3.7000,3.3900,M13027FRM156NNBR,M1341CGB40000M156NNBR
1934-01-01,france,49.00,bp,fred_nber,ok,3.8100,3.3200,M13027FRM156NNBR,M1341CGB40000M156NNBR
1934-02-01,france,56.00,bp,fred_nber,ok,3.8300,3.2700,M13027FRM156NNBR,M1341CGB40000M156NNBR
1934-03-01,france,98.00,bp,fred_nber,ok,4.0900,3.1100,M13027FRM156NNBR,M1341CGB40000M156NNBR
1934-04-01,france,82.00,bp,fred_nber,ok,3.9400,3.1200,M13027FRM156NNBR,M1341CGB40000M156NNBR
1934-05-01,france,76.00,bp,fred_nber,ok,3.9400,3.1800,M13027FRM156NNBR,M1341CGB40000M156NNBR
1934-06-01,france,69.00,bp,fred_nber,ok,3.9100,3.2200,M13027FRM156NNBR,M1341CGB40000M156NNBR
1934-07-01,france,88.00,bp,fred_nber,ok,3.9900,3.1100,M13027FRM156NNBR,M1341CGB40000M156NNBR
1934-08-01,france,101.00,bp,fred_nber,ok,4.1100,3.1000,M13027FRM156NNBR,M1341CGB40000M156NNBR
1934-09-01,france,124.00,bp,fred_nber,ok,4.3300,3.0900,M13027FRM156NNBR,M1341CGB40000M156NNBR
1934-10-01,france,117.00,bp,fred_nber,ok,4.2300,3.0600,M13027FRM156NNBR,M1341CGB40000M156NNBR
1934-11-01,france,134.00,bp,fred_nber,ok,4.1700,2.8300,M13027FRM156NNBR,M1341CGB40000M156NNBR
1934-12-01,france,144.00,bp,fred_nber,ok,4.2000,2.7600,M13027FRM156NNBR,M1341CGB40000M156NNBR
1935-01-01,france,104.00,bp,fred_nber,ok,3.7400,2.7000,M13027FRM156NNBR,M1341CGB40000M156NNBR
1935-02-01,france,107.00,bp,fred_nber,ok,3.8400,2.7700,M13027FRM156NNBR,M1341CGB40000M156NNBR
1935-03-01,france,101.00,bp,fred_nber,ok,3.9200,2.9100,M13027FRM156NNBR,M1341CGB40000M156NNBR
1935-04-01,france,93.00,bp,fred_nber,ok,3.7900,2.8600,M13027FRM156NNBR,M1341CGB40000M156NNBR
1935-05-01,france,69.00,bp,fred_nber,ok,3.5300,2.8400,M13027FRM156NNBR,M1341CGB40000M156NNBR
1935-06-01,france,82.00,bp,fred_nber,ok,3.7400,2.9200,M13027FRM156NNBR,M1341CGB40000M156NNBR
1935-07-01,france,99.00,bp,fred_nber,ok,3.9100,2.9200,M13027FRM156NNBR,M1341CGB40000M156NNBR
1935-08-01,france,70.00,bp,fred_nber,ok,3.6300,2.9300,M13027FRM156NNBR,M1341CGB40000M156NNBR
1935-09-01,france,73.00,bp,fred_nber,ok,3.7400,3.0100,M13027FRM156NNBR,M1341CGB40000M156NNBR
1935-10-01,france,68.00,bp,fred_nber,ok,3.7100,3.0300,M13027FRM156NNBR,M1341CGB40000M156NNBR
1935-11-01,france,84.00,bp,fred_nber,ok,3.7800,2.9400,M13027FRM156NNBR,M1341CGB40000M156NNBR
1935-12-01,france,78.00,bp,fred_nber,ok,3.6700,2.8900,M13027FRM156NNBR,M1341CGB40000M156NNBR
1936-01-01,france,64.00,bp,fred_nber,ok,3.5400,2.9000,M13027FRM156NNBR,M1341CGB40000M156NNBR
1936-02-01,france,53.00,bp,fred_nber,ok,3.4600,2.9300,M13027FRM156NNBR,M1341CGB40000M156NNBR
1936-03-01,france,62.00,bp,fred_nber,ok,3.5600,2.9400,M13027FRM156NNBR,M1341CGB40000M156NNBR
1936-04-01,france,65.00,bp,fred_nber,ok,3.5800,2.9300,M13027FRM156NNBR,M1341CGB40000M156NNBR
1936-05-01,france,132.00,bp,fred_nber,ok,4.2500,2.9300,M13027FRM156NNBR,M1341CGB40000M156NNBR
1936-06-01,france,141.00,bp,fred_nber,ok,4.3500,2.9400,M13027FRM156NNBR,M1341CGB40000M156NNBR
1936-07-01,france,186.00,bp,fred_nber,ok,4.8000,2.9400,M13027FRM156NNBR,M1341CGB40000M156NNBR
1936-08-01,france,189.00,bp,fred_nber,ok,4.8300,2.9400,M13027FRM156NNBR,M1341CGB40000M156NNBR
1936-09-01,france,147.00,bp,fred_nber,ok,4.4100,2.9400,M13027FRM156NNBR,M1341CGB40000M156NNBR
1936-10-01,france,74.00,bp,fred_nber,ok,3.6600,2.9200,M13027FRM156NNBR,M1341CGB40000M156NNBR
1936-11-01,france,60.00,bp,fred_nber,ok,3.5300,2.9300,M13027FRM156NNBR,M1341CGB40000M156NNBR
1936-12-01,france,61.00,bp,fred_nber,ok,3.5800,2.9700,M13027FRM156NNBR,M1341CGB40000M156NNBR
1937-01-01,france,13.00,bp,fred_nber,ok,3.1100,2.9800,M13027FRM156NNBR,M1341CGB40000M156NNBR
1937-02-01,france,10.00,bp,fred_nber,ok,3.2300,3.1300,M13027FRM156NNBR,M1341CGB40000M156NNBR
1937-03-01,france,0.00,bp,fred_nber,ok,3.2700,3.2700,M13027FRM156NNBR,M1341CGB40000M156NNBR
1937-04-01,france,44.00,bp,fred_nber,ok,3.7000,3.2600,M13027FRM156NNBR,M1341CGB40000M156NNBR
1937-05-01,france,58.00,bp,fred_nber,ok,3.8400,3.2600,M13027FRM156NNBR,M1341CGB40000M156NNBR
1937-06-01,france,57.00,bp,fred_nber,ok,3.9100,3.3400,M13027FRM156NNBR,M1341CGB40000M156NNBR
1937-07-01,france,87.00,bp,fred_nber,ok,4.2200,3.3500,M13027FRM156NNBR,M1341CGB40000M156NNBR
1937-08-01,france,74.00,bp,fred_nber,ok,4.1000,3.3600,M13027FRM156NNBR,M1341CGB40000M156NNBR
1937-09-01,france,88.00,bp,fred_nber,ok,4.2700,3.3900,M13027FRM156NNBR,M1341CGB40000M156NNBR
1937-10-01,france,82.00,bp,fred_nber,ok,4.1800,3.3600,M13027FRM156NNBR,M1341CGB40000M156NNBR
1937-11-01,france,90.00,bp,fred_nber,ok,4.1900,3.2900,M13027FRM156NNBR,M1341CGB40000M156NNBR
1937-12-01,france,98.00,bp,fred_nber,ok,4.3400,3.3600,M13027FRM156NNBR,M1341CGB40000M156NNBR
1938-01-01,france,121.00,bp,fred_nber,ok,4.5100,3.3000,M13027FRM156NNBR,M1341CGB40000M156NNBR
1938-02-01,france,133.00,bp,fred_nber,ok,4.5300,3.2000,M13027FRM156NNBR,M1341CGB40000M156NNBR
1938-03-01,france,131.00,bp,fred_nber,ok,4.6600,3.3500,M13027FRM156NNBR,M1341CGB40000M156NNBR
1938-04-01,france,73.00,bp,fred_nber,ok,4.0800,3.3500,M13027FRM156NNBR,M1341CGB40000M156NNBR
1938-05-01,france,79.00,bp,fred_nber,ok,4.1500,3.3600,M13027FRM156NNBR,M1341CGB40000M156NNBR
1938-06-01,france,91.00,bp,fred_nber,ok,4.2700,3.3600,M13027FRM156NNBR,M1341CGB40000M156NNBR
1938-07-01,france,109.00,bp,fred_nber,ok,4.3900,3.3000,M13027FRM156NNBR,M1341CGB40000M156NNBR
1938-08-01,france,97.00,bp,fred_nber,ok,4.3400,3.3700,M13027FRM156NNBR,M1341CGB40000M156NNBR
1938-09-01,france,99.00,bp,fred_nber,ok,4.4700,3.4800,M13027FRM156NNBR,M1341CGB40000M156NNBR
1938-10-01,france,84.00,bp,fred_nber,ok,4.2800,3.4400,M13027FRM156NNBR,M1341CGB40000M156NNBR
1938-11-01,france,65.00,bp,fred_nber,ok,4.1200,3.4700,M13027FRM156NNBR,M1341CGB40000M156NNBR
1938-12-01,france,7.00,bp,fred_nber,ok,3.6300,3.5600,M13027FRM156NNBR,M1341CGB40000M156NNBR
